1873/05 2024 06 18 08 37 54.728 344.853 -6781.758 0.000 4.256405369716 0.220139007039 6.014581536615 412.384
1873/05 2024 06 18 08 37 55.728 349.109 -6781.534 6.015 4.255997653850 0.228127686864 6.014577721339 412.381
1873/05 2024 06 18 08 37 56.728 353.365 -6781.302 12.029 4.255585699204 0.236116152113 6.014566216271 412.377
1873/05 2024 06 18 08 37 57.728 357.620 -6781.062 18.044 4.255169506249 0.244104393151 6.014547021391 412.373
1873/05 2024 06 18 08 37 58.728 361.875 -6780.814 24.058 4.254749075459 0.252092400346 6.014520136690 412.370
1873/05 2024 06 18 08 37 59.728 366.130 -6780.557 30.073 4.254324407313 0.260080164063 6.014485562167 412.366
1873/05 2024 06 18 08 38 00.728 370.384 -6780.293 36.087 4.253895502295 0.268067674669 6.014443297832 412.363
1873/05 2024 06 18 08 38 01.728 374.638 -6780.021 42.102 4.253462360890 0.276054922529 6.014393343707 412.359
1873/05 2024 06 18 08 38 02.728 378.891 -6779.741 48.116 4.253024983591 0.284041898010 6.014335699821 412.356
1873/05 2024 06 18 08 38 03.728 383.144 -6779.453 54.130 4.252583370893 0.292028591478 6.014270366215 412.352
1873/05 2024 06 18 08 38 04.728 387.396 -6779.157 60.145 4.252137523295 0.300014993301 6.014197342939 412.349
1873/05 2024 06 18 08 38 05.728 391.648 -6778.853 66.159 4.251687441302 0.308001093843 6.014116630056 412.346
1873/05 2024 06 18 08 38 06.728 395.899 -6778.541 72.173 4.251233125421 0.315986883473 6.014028227634 412.343
1873/05 2024 06 18 08 38 07.728 400.150 -6778.221 78.187 4.250774576164 0.323972352556 6.013932135756 412.339
1873/05 2024 06 18 08 38 08.728 404.401 -6777.893 84.201 4.250311794048 0.331957491459 6.013828354513 412.336
1873/05 2024 06 18 08 38 09.728 408.651 -6777.557 90.214 4.249844779592 0.339942290550 6.013716884005 412.333
1873/05 2024 06 18 08 38 10.728 412.901 -6777.213 96.228 4.249373533323 0.347926740195 6.013597724345 412.330
1873/05 2024 06 18 08 38 11.728 417.150 -6776.861 102.242 4.248898055768 0.355910830762 6.013470875653 412.327
1873/05 2024 06 18 08 38 12.728 421.398 -6776.502 108.255 4.248418347460 0.363894552617 6.013336338062 412.324
1873/05 2024 06 18 08 38 13.728 425.647 -6776.134 114.268 4.247934408936 0.371877896130 6.013194111713 412.321
1873/05 2024 06 18 08 38 14.728 429.894 -6775.758 120.281 4.247446240738 0.379860851666 6.013044196758 412.318
1873/05 2024 06 18 08 38 15.728 434.142 -6775.374 126.294 4.246953843412 0.387843409595 6.012886593360 412.315
1873/05 2024 06 18 08 38 16.728 438.388 -6774.982 132.307 4.246457217506 0.395825560285 6.012721301690 412.312
1873/05 2024 06 18 08 38 17.728 442.634 -6774.582 138.320 4.245956363574 0.403807294104 6.012548321930 412.309
1873/05 2024 06 18 08 38 18.728 446.880 -6774.174 144.332 4.245451282175 0.411788601420 6.012367654274 412.306
1873/05 2024 06 18 08 38 19.728 451.125 -6773.759 150.345 4.244941973871 0.419769472603 6.012179298923 412.303
1873/05 2024 06 18 08 38 20.728 455.370 -6773.335 156.357 4.244428439227 0.427749898022 6.011983256091 412.301
1873/05 2024 06 18 08 38 21.728 459.614 -6772.903 162.368 4.243910678815 0.435729868045 6.011779526000 412.298
1873/05 2024 06 18 08 38 22.728 463.858 -6772.464 168.380 4.243388693208 0.443709373044 6.011568108884 412.295
1873/05 2024 06 18 08 38 23.728 468.101 -6772.016 174.392 4.242862482986 0.451688403388 6.011349004984 412.293
1873/05 2024 06 18 08 38 24.728 472.344 -6771.560 180.403 4.242332048732 0.459666949447 6.011122214556 412.290
1873/05 2024 06 18 08 38 25.728 476.586 -6771.096 186.414 4.241797391033 0.467645001593 6.010887737862 412.287
1873/05 2024 06 18 08 38 26.728 480.827 -6770.625 192.425 4.241258510479 0.475622550195 6.010645575175 412.285
1873/05 2024 06 18 08 38 27.728 485.068 -6770.145 198.435 4.240715407668 0.483599585627 6.010395726780 412.282
1873/05 2024 06 18 08 38 28.728 489.309 -6769.658 204.445 4.240168083197 0.491576098258 6.010138192970 412.280
1873/05 2024 06 18 08 38 29.728 493.548 -6769.162 210.455 4.239616537672 0.499552078462 6.009872974050 412.278
1873/05 2024 06 18 08 38 30.728 497.788 -6768.659 216.465 4.239060771700 0.507527516611 6.009600070333 412.275
1873/05 2024 06 18 08 38 31.728 502.027 -6768.147 222.475 4.238500785893 0.515502403079 6.009319482144 412.273
1873/05 2024 06 18 08 38 32.728 506.265 -6767.628 228.484 4.237936580868 0.523476728237 6.009031209817 412.271
1873/05 2024 06 18 08 38 33.728 510.502 -6767.100 234.493 4.237368157246 0.531450482461 6.008735253697 412.268
1873/05 2024 06 18 08 38 34.728 514.740 -6766.565 240.501 4.236795515650 0.539423656125 6.008431614139 412.266
1873/05 2024 06 18 08 38 35.728 518.976 -6766.021 246.510 4.236218656710 0.547396239602 6.008120291508 412.264
1873/05 2024 06 18 08 38 36.728 523.212 -6765.470 252.518 4.235637581059 0.555368223269 6.007801286178 412.262
1873/05 2024 06 18 08 38 37.728 527.447 -6764.910 258.525 4.235052289334 0.563339597501 6.007474598536 412.260
1873/05 2024 06 18 08 38 38.728 531.682 -6764.343 264.532 4.234462782177 0.571310352675 6.007140228976 412.258
1873/05 2024 06 18 08 38 39.728 535.916 -6763.768 270.539 4.233869060233 0.579280479166 6.006798177904 412.255
1873/05 2024 06 18 08 38 40.728 540.150 -6763.185 276.546 4.233271124152 0.587249967353 6.006448445736 412.253
1873/05 2024 06 18 08 38 41.728 544.383 -6762.593 282.552 4.232668974588 0.595218807612 6.006091032897 412.252
1873/05 2024 06 18 08 38 42.728 548.615 -6761.994 288.558 4.232062612199 0.603186990323 6.005725939824 412.250
1873/05 2024 06 18 08 38 43.728 552.847 -6761.387 294.564 4.231452037648 0.611154505864 6.005353166964 412.248
1873/05 2024 06 18 08 38 44.728 557.078 -6760.772 300.569 4.230837251601 0.619121344614 6.004972714771 412.246
1873/05 2024 06 18 08 38 45.728 561.309 -6760.149 306.574 4.230218254729 0.627087496954 6.004584583714 412.244
1873/05 2024 06 18 08 38 46.728 565.539 -6759.518 312.578 4.229595047707 0.635052953264 6.004188774269 412.242
1873/05 2024 06 18 08 38 47.728 569.768 -6758.879 318.582 4.228967631213 0.643017703925 6.003785286922 412.240
1873/05 2024 06 18 08 38 48.728 573.996 -6758.232 324.586 4.228336005931 0.650981739320 6.003374122170 412.239
1873/05 2024 06 18 08 38 49.728 578.224 -6757.577 330.589 4.227700172548 0.658945049831 6.002955280522 412.237
1873/05 2024 06 18 08 38 50.728 582.452 -6756.914 336.592 4.227060131757 0.666907625840 6.002528762494 412.235
1873/05 2024 06 18 08 38 51.728 586.679 -6756.243 342.594 4.226415884252 0.674869457733 6.002094568614 412.234
1873/05 2024 06 18 08 38 52.728 590.905 -6755.564 348.596 4.225767430734 0.682830535893 6.001652699420 412.232
1873/05 2024 06 18 08 38 53.728 595.130 -6754.877 354.597 4.225114771908 0.690790850706 6.001203155459 412.231
1873/05 2024 06 18 08 38 54.728 599.355 -6754.182 360.598 4.224457908480 0.698750392557 6.000745937291 412.229
1873/05 2024 06 18 08 38 55.728 603.579 -6753.480 366.599 4.223796841165 0.706709151833 6.000281045482 412.228
1873/05 2024 06 18 08 38 56.728 607.803 -6752.769 372.599 4.223131570678 0.714667118923 5.999808480612 412.226
1873/05 2024 06 18 08 38 57.728 612.025 -6752.050 378.598 4.222462097741 0.722624284213 5.999328243269 412.225
1873/05 2024 06 18 08 38 58.728 616.247 -6751.324 384.597 4.221788423078 0.730580638093 5.998840334051 412.224
1873/05 2024 06 18 08 38 59.728 620.469 -6750.589 390.596 4.221110547420 0.738536170952 5.998344753569 412.222
1873/05 2024 06 18 08 39 00.728 624.690 -6749.847 396.594 4.220428471498 0.746490873182 5.997841502441 412.221
1873/05 2024 06 18 08 39 01.728 628.910 -6749.096 402.592 4.219742196052 0.754444735172 5.997330581297 412.220
1873/05 2024 06 18 08 39 02.728 633.129 -6748.338 408.589 4.219051721823 0.762397747316 5.996811990776 412.219
1873/05 2024 06 18 08 39 03.728 637.348 -6747.571 414.585 4.218357049557 0.770349900007 5.996285731527 412.218
1873/05 2024 06 18 08 39 04.728 641.566 -6746.797 420.581 4.217658180005 0.778301183637 5.995751804211 412.216
1873/05 2024 06 18 08 39 05.728 645.783 -6746.015 426.577 4.216955113920 0.786251588603 5.995210209498 412.215
1873/05 2024 06 18 08 39 06.728 650.000 -6745.225 432.572 4.216247852061 0.794201105298 5.994660948067 412.214
1873/05 2024 06 18 08 39 07.728 654.216 -6744.426 438.566 4.215536395192 0.802149724121 5.994104020611 412.213
1873/05 2024 06 18 08 39 08.728 658.431 -6743.620 444.560 4.214820744078 0.810097435468 5.993539427828 412.212
1873/05 2024 06 18 08 39 09.728 662.645 -6742.806 450.553 4.214100899492 0.818044229737 5.992967170430 412.211
1873/05 2024 06 18 08 39 10.728 666.859 -6741.984 456.546 4.213376862208 0.825990097327 5.992387249138 412.210
1873/05 2024 06 18 08 39 11.728 671.072 -6741.154 462.538 4.212648633007 0.833935028639 5.991799664683 412.210
1873/05 2024 06 18 08 39 12.728 675.284 -6740.316 468.529 4.211916212672 0.841879014074 5.991204417807 412.209
1873/05 2024 06 18 08 39 13.728 679.496 -6739.470 474.520 4.211179601991 0.849822044034 5.990601509260 412.208
1873/05 2024 06 18 08 39 14.728 683.707 -6738.617 480.511 4.210438801755 0.857764108922 5.989990939806 412.207
1873/05 2024 06 18 08 39 15.728 687.917 -6737.755 486.500 4.209693812762 0.865705199141 5.989372710215 412.207
1873/05 2024 06 18 08 39 16.728 692.126 -6736.885 492.489 4.208944635812 0.873645305097 5.988746821269 412.206
1873/05 2024 06 18 08 39 17.728 696.335 -6736.008 498.478 4.208191271710 0.881584417196 5.988113273762 412.205
1873/05 2024 06 18 08 39 18.728 700.542 -6735.122 504.466 4.207433721264 0.889522525846 5.987472068496 412.205
1873/05 2024 06 18 08 39 19.728 704.749 -6734.229 510.453 4.206671985288 0.897459621453 5.986823206282 412.204
1873/05 2024 06 18 08 39 20.728 708.956 -6733.327 516.439 4.205906064598 0.905395694428 5.986166687945 412.204
1873/05 2024 06 18 08 39 21.728 713.161 -6732.418 522.425 4.205135960017 0.913330735181 5.985502514316 412.203
1873/05 2024 06 18 08 39 22.728 717.366 -6731.501 528.410 4.204361672370 0.921264734123 5.984830686240 412.203
1873/05 2024 06 18 08 39 23.728 721.570 -6730.575 534.395 4.203583202487 0.929197681667 5.984151204570 412.202
1873/05 2024 06 18 08 39 24.728 725.773 -6729.642 540.379 4.202800551202 0.937129568226 5.983464070169 412.202
1873/05 2024 06 18 08 39 25.728 729.976 -6728.701 546.362 4.202013719352 0.945060384215 5.982769283912 412.201
1873/05 2024 06 18 08 39 26.728 734.177 -6727.752 552.344 4.201222707782 0.952990120051 5.982066846681 412.201
1873/05 2024 06 18 08 39 27.728 738.378 -6726.795 558.326 4.200427517337 0.960918766150 5.981356759372 412.201
1873/05 2024 06 18 08 39 28.728 742.578 -6725.830 564.307 4.199628148867 0.968846312931 5.980639022889 412.201
1873/05 2024 06 18 08 39 29.728 746.777 -6724.857 570.287 4.198824603229 0.976772750813 5.979913638145 412.200
1873/05 2024 06 18 08 39 30.728 750.976 -6723.877 576.267 4.198016881281 0.984698070216 5.979180606067 412.200
1873/05 2024 06 18 08 39 31.728 755.173 -6722.888 582.245 4.197204983886 0.992622261564 5.978439927588 412.200
1873/05 2024 06 18 08 39 32.728 759.370 -6721.891 588.224 4.196388911913 1.000545315278 5.977691603655 412.200
1873/05 2024 06 18 08 39 33.728 763.566 -6720.887 594.201 4.195568666233 1.008467221784 5.976935635221 412.200
1873/05 2024 06 18 08 39 34.728 767.761 -6719.874 600.177 4.194744247722 1.016387971507 5.976172023254 412.200
1873/05 2024 06 18 08 39 35.728 771.956 -6718.854 606.153 4.193915657259 1.024307554875 5.975400768727 412.200
1873/05 2024 06 18 08 39 36.728 776.149 -6717.826 612.128 4.193082895730 1.032225962314 5.974621872628 412.200
1873/05 2024 06 18 08 39 37.728 780.342 -6716.790 618.102 4.192245964024 1.040143184256 5.973835335952 412.200
1873/05 2024 06 18 08 39 38.728 784.534 -6715.746 624.076 4.191404863031 1.048059211131 5.973041159706 412.200
1873/05 2024 06 18 08 39 39.728 788.725 -6714.694 630.048 4.190559593651 1.055974033371 5.972239344905 412.200
1873/05 2024 06 18 08 39 40.728 792.915 -6713.634 636.020 4.189710156783 1.063887641410 5.971429892577 412.201
1873/05 2024 06 18 08 39 41.728 797.104 -6712.566 641.991 4.188856553333 1.071800025683 5.970612803758 412.201
1873/05 2024 06 18 08 39 42.728 801.292 -6711.490 647.962 4.187998784210 1.079711176626 5.969788079496 412.201
1873/05 2024 06 18 08 39 43.728 805.480 -6710.406 653.931 4.187136850329 1.087621084678 5.968955720846 412.201
1873/05 2024 06 18 08 39 44.728 809.667 -6709.315 659.899 4.186270752607 1.095529740276 5.968115728877 412.202
1873/05 2024 06 18 08 39 45.728 813.853 -6708.215 665.867 4.185400491966 1.103437133863 5.967268104666 412.202
1873/05 2024 06 18 08 39 46.728 818.038 -6707.108 671.834 4.184526069332 1.111343255880 5.966412849301 412.203
1873/05 2024 06 18 08 39 47.728 822.222 -6705.993 677.800 4.183647485636 1.119248096770 5.965549963880 412.203
1873/05 2024 06 18 08 39 48.728 826.405 -6704.869 683.765 4.182764741812 1.127151646979 5.964679449510 412.204
1873/05 2024 06 18 08 39 49.728 830.587 -6703.738 689.729 4.181877838799 1.135053896953 5.963801307310 412.204
1873/05 2024 06 18 08 39 50.728 834.769 -6702.599 695.693 4.180986777541 1.142954837140 5.962915538408 412.205
1873/05 2024 06 18 08 39 51.728 838.949 -6701.452 701.655 4.180091558984 1.150854457990 5.962022143943 412.205
1873/05 2024 06 18 08 39 52.728 843.129 -6700.298 707.617 4.179192184080 1.158752749954 5.961121125064 412.206
1873/05 2024 06 18 08 39 53.728 847.307 -6699.135 713.577 4.178288653783 1.166649703483 5.960212482928 412.207
1873/05 2024 06 18 08 39 54.728 851.485 -6697.964 719.537 4.177380969055 1.174545309033 5.959296218707 412.207
1873/05 2024 06 18 08 39 55.728 855.662 -6696.786 725.496 4.176469130859 1.182439557060 5.958372333578 412.208
1873/05 2024 06 18 08 39 56.728 859.838 -6695.599 731.454 4.175553140163 1.190332438019 5.957440828732 412.209
1873/05 2024 06 18 08 39 57.728 864.013 -6694.405 737.411 4.174632997939 1.198223942372 5.956501705367 412.210
1873/05 2024 06 18 08 39 58.728 868.188 -6693.203 743.367 4.173708705164 1.206114060577 5.955554964694 412.211
1873/05 2024 06 18 08 39 59.728 872.361 -6691.993 749.322 4.172780262818 1.214002783097 5.954600607932 412.211
1873/05 2024 06 18 08 40 00.728 876.533 -6690.775 755.276 4.171847671887 1.221890100397 5.953638636312 412.212
1873/05 2024 06 18 08 40 01.728 880.704 -6689.549 761.229 4.170910933359 1.229776002941 5.952669051074 412.213
1873/05 2024 06 18 08 40 02.728 884.875 -6688.315 767.181 4.169970048227 1.237660481196 5.951691853468 412.214
1873/05 2024 06 18 08 40 03.728 889.044 -6687.074 773.133 4.169025017489 1.245543525633 5.950707044755 412.215
1873/05 2024 06 18 08 40 04.728 893.213 -6685.824 779.083 4.168075842147 1.253425126720 5.949714626206 412.216
1873/05 2024 06 18 08 40 05.728 897.381 -6684.567 785.032 4.167122523206 1.261305274931 5.948714599101 412.218
1873/05 2024 06 18 08 40 06.728 901.547 -6683.302 790.980 4.166165061676 1.269183960739 5.947706964732 412.219
1873/05 2024 06 18 08 40 07.728 905.713 -6682.029 796.927 4.165203458571 1.277061174621 5.946691724400 412.220
1873/05 2024 06 18 08 40 08.728 909.878 -6680.748 802.874 4.164237714910 1.284936907054 5.945668879417 412.221
1873/05 2024 06 18 08 40 09.728 914.041 -6679.459 808.819 4.163267831715 1.292811148517 5.944638431103 412.222
1873/05 2024 06 18 08 40 10.728 918.204 -6678.162 814.763 4.162293810012 1.300683889491 5.943600380791 412.224
1873/05 2024 06 18 08 40 11.728 922.366 -6676.857 820.706 4.161315650832 1.308555120460 5.942554729822 412.225
1873/05 2024 06 18 08 40 12.728 926.527 -6675.545 826.648 4.160333355211 1.316424831908 5.941501479549 412.226
1873/05 2024 06 18 08 40 13.728 930.687 -6674.224 832.589 4.159346924188 1.324293014322 5.940440631333 412.228
1873/05 2024 06 18 08 40 14.728 934.845 -6672.896 838.529 4.158356358805 1.332159658190 5.939372186548 412.229
1873/05 2024 06 18 08 40 15.728 939.003 -6671.560 844.468 4.157361660110 1.340024754003 5.938296146574 412.231
1873/05 2024 06 18 08 40 16.728 943.160 -6670.216 850.405 4.156362829156 1.347888292253 5.937212512806 412.232
1873/05 2024 06 18 08 40 17.728 947.316 -6668.864 856.342 4.155359866997 1.355750263434 5.936121286645 412.234
1873/05 2024 06 18 08 40 18.728 951.471 -6667.505 862.278 4.154352774694 1.363610658042 5.935022469505 412.235
1873/05 2024 06 18 08 40 19.728 955.625 -6666.137 868.212 4.153341553311 1.371469466576 5.933916062809 412.237
1873/05 2024 06 18 08 40 20.728 959.778 -6664.762 874.146 4.152326203916 1.379326679535 5.932802067990 412.239
1873/05 2024 06 18 08 40 21.728 963.929 -6663.379 880.078 4.151306727582 1.387182287421 5.931680486490 412.240
1873/05 2024 06 18 08 40 22.728 968.080 -6661.987 886.009 4.150283125386 1.395036280738 5.930551319764 412.242
1873/05 2024 06 18 08 40 23.728 972.230 -6660.588 891.939 4.149255398408 1.402888649992 5.929414569275 412.244
1873/05 2024 06 18 08 40 24.728 976.379 -6659.182 897.868 4.148223547733 1.410739385691 5.928270236497 412.246
1873/05 2024 06 18 08 40 25.728 980.526 -6657.767 903.795 4.147187574451 1.418588478345 5.927118322913 412.248
1873/05 2024 06 18 08 40 26.728 984.673 -6656.344 909.722 4.146147479654 1.426435918465 5.925958830018 412.249
1873/05 2024 06 18 08 40 27.728 988.819 -6654.914 915.647 4.145103264441 1.434281696567 5.924791759315 412.251
1873/05 2024 06 18 08 40 28.728 992.963 -6653.476 921.572 4.144054929912 1.442125803165 5.923617112318 412.253
1873/05 2024 06 18 08 40 29.728 997.107 -6652.030 927.495 4.143002477175 1.449968228778 5.922434890553 412.255
1873/05 2024 06 18 08 40 30.728 1001.249 -6650.576 933.416 4.141945907337 1.457808963927 5.921245095553 412.257
1873/05 2024 06 18 08 40 31.728 1005.391 -6649.114 939.337 4.140885221515 1.465647999134 5.920047728863 412.259
1873/05 2024 06 18 08 40 32.728 1009.531 -6647.645 945.257 4.139820420826 1.473485324923 5.918842792038 412.261
1873/05 2024 06 18 08 40 33.728 1013.670 -6646.167 951.175 4.138751506392 1.481320931820 5.917630286641 412.263
1873/05 2024 06 18 08 40 34.728 1017.809 -6644.682 957.092 4.137678479340 1.489154810356 5.916410214249 412.266
1873/05 2024 06 18 08 40 35.728 1021.946 -6643.189 963.008 4.136601340800 1.496986951060 5.915182576446 412.268
1873/05 2024 06 18 08 40 36.728 1026.082 -6641.688 968.922 4.135520091909 1.504817344467 5.913947374827 412.270
1873/05 2024 06 18 08 40 37.728 1030.217 -6640.179 974.835 4.134434733803 1.512645981110 5.912704610997 412.272
1873/05 2024 06 18 08 40 38.728 1034.351 -6638.663 980.748 4.133345267628 1.520472851529 5.911454286571 412.275
1873/05 2024 06 18 08 40 39.728 1038.483 -6637.138 986.658 4.132251694529 1.528297946262 5.910196403175 412.277
1873/05 2024 06 18 08 40 40.728 1042.615 -6635.606 992.568 4.131154015659 1.536121255852 5.908930962445 412.279
1873/05 2024 06 18 08 40 41.728 1046.746 -6634.066 998.476 4.130052232173 1.543942770843 5.907657966025 412.282
1873/05 2024 06 18 08 40 42.728 1050.875 -6632.518 1004.383 4.128946345230 1.551762481782 5.906377415571 412.284
1873/05 2024 06 18 08 40 43.728 1055.004 -6630.963 1010.289 4.127836355995 1.559580379218 5.905089312750 412.287
1873/05 2024 06 18 08 40 44.728 1059.131 -6629.399 1016.193 4.126722265636 1.567396453702 5.903793659236 412.289
1873/05 2024 06 18 08 40 45.728 1063.257 -6627.828 1022.097 4.125604075324 1.575210695787 5.902490456715 412.292
1873/05 2024 06 18 08 40 46.728 1067.382 -6626.249 1027.998 4.124481786237 1.583023096030 5.901179706885 412.294
1873/05 2024 06 18 08 40 47.728 1071.506 -6624.662 1033.899 4.123355399553 1.590833644988 5.899861411449 412.297
1873/05 2024 06 18 08 40 48.728 1075.629 -6623.067 1039.798 4.122224916459 1.598642333222 5.898535572125 412.300
1873/05 2024 06 18 08 40 49.728 1079.750 -6621.464 1045.696 4.121090338142 1.606449151296 5.897202190639 412.302
1873/05 2024 06 18 08 40 50.728 1083.871 -6619.854 1051.593 4.119951665796 1.614254089774 5.895861268726 412.305
1873/05 2024 06 18 08 40 51.728 1087.990 -6618.236 1057.488 4.118808900616 1.622057139225 5.894512808133 412.308
1873/05 2024 06 18 08 40 52.728 1092.109 -6616.610 1063.382 4.117662043805 1.629858290218 5.893156810617 412.311
1873/05 2024 06 18 08 40 53.728 1096.226 -6614.976 1069.274 4.116511096568 1.637657533327 5.891793277943 412.313
1873/05 2024 06 18 08 40 54.728 1100.342 -6613.335 1075.165 4.115356060113 1.645454859126 5.890422211888 412.316
1873/05 2024 06 18 08 40 55.728 1104.456 -6611.685 1081.055 4.114196935654 1.653250258193 5.889043614238 412.319
1873/05 2024 06 18 08 40 56.728 1108.570 -6610.028 1086.943 4.113033724409 1.661043721109 5.887657486790 412.322
1873/05 2024 06 18 08 40 57.728 1112.682 -6608.363 1092.830 4.111866427599 1.668835238454 5.886263831351 412.325
1873/05 2024 06 18 08 40 58.728 1116.794 -6606.691 1098.716 4.110695046451 1.676624800816 5.884862649736 412.328
1873/05 2024 06 18 08 40 59.728 1120.904 -6605.010 1104.600 4.109519582193 1.684412398781 5.883453943773 412.331
1873/05 2024 06 18 08 41 00.728 1125.013 -6603.322 1110.483 4.108340036060 1.692198022940 5.882037715297 412.334
1873/05 2024 06 18 08 41 01.728 1129.121 -6601.626 1116.364 4.107156409290 1.699981663885 5.880613966157 412.337
1873/05 2024 06 18 08 41 02.728 1133.227 -6599.922 1122.244 4.105968703124 1.707763312212 5.879182698207 412.341
1873/05 2024 06 18 08 41 03.728 1137.332 -6598.210 1128.122 4.104776918811 1.715542958519 5.877743913316 412.344
1873/05 2024 06 18 08 41 04.728 1141.437 -6596.491 1133.999 4.103581057599 1.723320593405 5.876297613359 412.347
1873/05 2024 06 18 08 41 05.728 1145.540 -6594.763 1139.875 4.102381120743 1.731096207475 5.874843800224 412.350
1873/05 2024 06 18 08 41 06.728 1149.641 -6593.028 1145.749 4.101177109502 1.738869791334 5.873382475806 412.353
1873/05 2024 06 18 08 41 07.728 1153.742 -6591.286 1151.622 4.099969025139 1.746641335590 5.871913642014 412.357
1873/05 2024 06 18 08 41 08.728 1157.841 -6589.535 1157.493 4.098756868920 1.754410830854 5.870437300762 412.360
1873/05 2024 06 18 08 41 09.728 1161.940 -6587.777 1163.363 4.097540642116 1.762178267741 5.868953453979 412.364
1873/05 2024 06 18 08 41 10.728 1166.036 -6586.011 1169.231 4.096320346002 1.769943636867 5.867462103600 412.367
1873/05 2024 06 18 08 41 11.728 1170.132 -6584.237 1175.097 4.095095981858 1.777706928851 5.865963251573 412.370
1873/05 2024 06 18 08 41 12.728 1174.227 -6582.455 1180.963 4.093867550966 1.785468134314 5.864456899853 412.374
1873/05 2024 06 18 08 41 13.728 1178.320 -6580.666 1186.826 4.092635054613 1.793227243882 5.862943050409 412.377
1873/05 2024 06 18 08 41 14.728 1182.412 -6578.869 1192.689 4.091398494091 1.800984248181 5.861421705215 412.381
1873/05 2024 06 18 08 41 15.728 1186.503 -6577.064 1198.549 4.090157870696 1.808739137843 5.859892866260 412.385
1873/05 2024 06 18 08 41 16.728 1190.592 -6575.251 1204.408 4.088913185726 1.816491903499 5.858356535539 412.388
1873/05 2024 06 18 08 41 17.728 1194.681 -6573.431 1210.266 4.087664440485 1.824242535786 5.856812715058 412.392
1873/05 2024 06 18 08 41 18.728 1198.768 -6571.603 1216.122 4.086411636281 1.831991025342 5.855261406835 412.396
1873/05 2024 06 18 08 41 19.728 1202.853 -6569.767 1221.976 4.085154774425 1.839737362808 5.853702612896 412.399
1873/05 2024 06 18 08 41 20.728 1206.938 -6567.924 1227.829 4.083893856234 1.847481538829 5.852136335277 412.403
1873/05 2024 06 18 08 41 21.728 1211.021 -6566.072 1233.681 4.082628883027 1.855223544051 5.850562576024 412.407
1873/05 2024 06 18 08 41 22.728 1215.103 -6564.213 1239.531 4.081359856128 1.862963369125 5.848981337194 412.411
1873/05 2024 06 18 08 41 23.728 1219.184 -6562.346 1245.379 4.080086776864 1.870701004704 5.847392620853 412.415
1873/05 2024 06 18 08 41 24.728 1223.263 -6560.472 1251.225 4.078809646569 1.878436441443 5.845796429076 412.419
1873/05 2024 06 18 08 41 25.728 1227.341 -6558.589 1257.070 4.077528466577 1.886169670000 5.844192763951 412.423
1873/05 2024 06 18 08 41 26.728 1231.418 -6556.699 1262.914 4.076243238230 1.893900681037 5.842581627573 412.427
1873/05 2024 06 18 08 41 27.728 1235.494 -6554.802 1268.755 4.074953962870 1.901629465219 5.840963022048 412.431
1873/05 2024 06 18 08 41 28.728 1239.568 -6552.896 1274.596 4.073660641847 1.909356013213 5.839336949491 412.435
1873/05 2024 06 18 08 41 29.728 1243.641 -6550.983 1280.434 4.072363276512 1.917080315690 5.837703412029 412.439
1873/05 2024 06 18 08 41 30.728 1247.713 -6549.062 1286.271 4.071061868223 1.924802363323 5.836062411797 412.443
1873/05 2024 06 18 08 41 31.728 1251.783 -6547.133 1292.106 4.069756418339 1.932522146787 5.834413950940 412.447
1873/05 2024 06 18 08 41 32.728 1255.852 -6545.197 1297.940 4.068446928224 1.940239656764 5.832758031615 412.451
1873/05 2024 06 18 08 41 33.728 1259.920 -6543.253 1303.772 4.067133399247 1.947954883934 5.831094655985 412.455
1873/05 2024 06 18 08 41 34.728 1263.987 -6541.301 1309.602 4.065815832781 1.955667818984 5.829423826228 412.460
1873/05 2024 06 18 08 41 35.728 1268.052 -6539.341 1315.431 4.064494230202 1.963378452601 5.827745544527 412.464
1873/05 2024 06 18 08 41 36.728 1272.116 -6537.374 1321.258 4.063168592891 1.971086775478 5.826059813077 412.468
1873/05 2024 06 18 08 41 37.728 1276.178 -6535.399 1327.083 4.061838922231 1.978792778310 5.824366634084 412.473
1873/05 2024 06 18 08 41 38.728 1280.239 -6533.417 1332.906 4.060505219612 1.986496451793 5.822666009763 412.477
1873/05 2024 06 18 08 41 39.728 1284.299 -6531.426 1338.728 4.059167486426 1.994197786629 5.820957942337 412.482
1873/05 2024 06 18 08 41 40.728 1288.358 -6529.428 1344.548 4.057825724070 2.001896773521 5.819242434041 412.486
1873/05 2024 06 18 08 41 41.728 1292.415 -6527.423 1350.367 4.056479933945 2.009593403178 5.817519487119 412.491
1873/05 2024 06 18 08 41 42.728 1296.471 -6525.409 1356.183 4.055130117454 2.017287666308 5.815789103827 412.495
1873/05 2024 06 18 08 41 43.728 1300.525 -6523.388 1361.998 4.053776276008 2.024979553626 5.814051286426 412.500
1873/05 2024 06 18 08 41 44.728 1304.578 -6521.359 1367.811 4.052418411017 2.032669055849 5.812306037192 412.504
1873/05 2024 06 18 08 41 45.728 1308.630 -6519.323 1373.623 4.051056523900 2.040356163695 5.810553358409 412.509
1873/05 2024 06 18 08 41 46.728 1312.680 -6517.278 1379.432 4.049690616076 2.048040867888 5.808793252368 412.514
1873/05 2024 06 18 08 41 47.728 1316.729 -6515.227 1385.240 4.048320688970 2.055723159154 5.807025721375 412.518
1873/05 2024 06 18 08 41 48.728 1320.777 -6513.167 1391.046 4.046946744012 2.063403028223 5.805250767741 412.523
1873/05 2024 06 18 08 41 49.728 1324.823 -6511.100 1396.851 4.045568782633 2.071080465827 5.803468393790 412.528
1873/05 2024 06 18 08 41 50.728 1328.868 -6509.025 1402.653 4.044186806270 2.078755462702 5.801678601855 412.533
1873/05 2024 06 18 08 41 51.728 1332.912 -6506.942 1408.454 4.042800816364 2.086428009588 5.799881394278 412.537
1873/05 2024 06 18 08 41 52.728 1336.954 -6504.852 1414.253 4.041410814360 2.094098097227 5.798076773412 412.542
1873/05 2024 06 18 08 41 53.728 1340.994 -6502.754 1420.050 4.040016801705 2.101765716365 5.796264741618 412.547
1873/05 2024 06 18 08 41 54.728 1345.034 -6500.648 1425.846 4.038618779853 2.109430857751 5.794445301269 412.552
1873/05 2024 06 18 08 41 55.728 1349.072 -6498.535 1431.639 4.037216750261 2.117093512137 5.792618454746 412.557
1873/05 2024 06 18 08 41 56.728 1353.108 -6496.414 1437.431 4.035810714388 2.124753670280 5.790784204441 412.562
1873/05 2024 06 18 08 41 57.728 1357.143 -6494.286 1443.221 4.034400673699 2.132411322938 5.788942552754 412.567
1873/05 2024 06 18 08 41 58.728 1361.177 -6492.149 1449.009 4.032986629663 2.140066460874 5.787093502098 412.572
1873/05 2024 06 18 08 41 59.728 1365.209 -6490.005 1454.795 4.031568583752 2.147719074855 5.785237054893 412.577
1873/05 2024 06 18 08 42 00.728 1369.240 -6487.854 1460.579 4.030146537443 2.155369155648 5.783373213568 412.582
1873/05 2024 06 18 08 42 01.728 1373.270 -6485.695 1466.362 4.028720492215 2.163016694028 5.781501980566 412.588
1873/05 2024 06 18 08 42 02.728 1377.298 -6483.528 1472.142 4.027290449554 2.170661680770 5.779623358335 412.593
1873/05 2024 06 18 08 42 03.728 1381.324 -6481.353 1477.921 4.025856410946 2.178304106654 5.777737349335 412.598
1873/05 2024 06 18 08 42 04.728 1385.349 -6479.171 1483.698 4.024418377886 2.185943962462 5.775843956036 412.603
1873/05 2024 06 18 08 42 05.728 1389.373 -6476.982 1489.473 4.022976351868 2.193581238983 5.773943180918 412.609
1873/05 2024 06 18 08 42 06.728 1393.395 -6474.784 1495.246 4.021530334392 2.201215927004 5.772035026468 412.614
1873/05 2024 06 18 08 42 07.728 1397.416 -6472.579 1501.017 4.020080326964 2.208848017320 5.770119495186 412.619
1873/05 2024 06 18 08 42 08.728 1401.435 -6470.366 1506.786 4.018626331090 2.216477500728 5.768196589580 412.625
1873/05 2024 06 18 08 42 09.728 1405.453 -6468.146 1512.553 4.017168348284 2.224104368029 5.766266312169 412.630
1873/05 2024 06 18 08 42 10.728 1409.470 -6465.918 1518.318 4.015706380059 2.231728610025 5.764328665479 412.636
1873/05 2024 06 18 08 42 11.728 1413.485 -6463.683 1524.082 4.014240427937 2.239350217526 5.762383652048 412.641
1873/05 2024 06 18 08 42 12.728 1417.498 -6461.440 1529.843 4.012770493441 2.246969181341 5.760431274424 412.647
1873/05 2024 06 18 08 42 13.728 1421.510 -6459.189 1535.603 4.011296578099 2.254585492286 5.758471535164 412.652
1873/05 2024 06 18 08 42 14.728 1425.521 -6456.930 1541.360 4.009818683441 2.262199141179 5.756504436833 412.658
1873/05 2024 06 18 08 42 15.728 1429.530 -6454.664 1547.116 4.008336811004 2.269810118842 5.754529982008 412.664
1873/05 2024 06 18 08 42 16.728 1433.537 -6452.391 1552.869 4.006850962327 2.277418416100 5.752548173275 412.669
1873/05 2024 06 18 08 42 17.728 1437.544 -6450.110 1558.621 4.005361138954 2.285024023783 5.750559013229 412.675
1873/05 2024 06 18 08 42 18.728 1441.548 -6447.821 1564.370 4.003867342430 2.292626932722 5.748562504476 412.681
1873/05 2024 06 18 08 42 19.728 1445.551 -6445.524 1570.118 4.002369574308 2.300227133755 5.746558649630 412.687
1873/05 2024 06 18 08 42 20.728 1449.553 -6443.220 1575.863 4.000867836143 2.307824617720 5.744547451316 412.692
1873/05 2024 06 18 08 42 21.728 1453.553 -6440.909 1581.607 3.999362129492 2.315419375463 5.742528912168 412.698
1873/05 2024 06 18 08 42 22.728 1457.552 -6438.589 1587.348 3.997852455920 2.323011397831 5.740503034829 412.704
1873/05 2024 06 18 08 42 23.728 1461.549 -6436.263 1593.088 3.996338816992 2.330600675674 5.738469821953 412.710
1873/05 2024 06 18 08 42 24.728 1465.544 -6433.928 1598.825 3.994821214279 2.338187199846 5.736429276202 412.716
1873/05 2024 06 18 08 42 25.728 1469.538 -6431.586 1604.561 3.993299649356 2.345770961208 5.734381400250 412.722
1873/05 2024 06 18 08 42 26.728 1473.531 -6429.237 1610.294 3.991774123801 2.353351950620 5.732326196779 412.728
1873/05 2024 06 18 08 42 27.728 1477.522 -6426.880 1616.025 3.990244639196 2.360930158949 5.730263668479 412.734
1873/05 2024 06 18 08 42 28.728 1481.511 -6424.515 1621.755 3.988711197127 2.368505577065 5.728193818053 412.740
1873/05 2024 06 18 08 42 29.728 1485.499 -6422.143 1627.482 3.987173799183 2.376078195840 5.726116648212 412.746
1873/05 2024 06 18 08 42 30.728 1489.486 -6419.763 1633.207 3.985632446960 2.383648006153 5.724032161675 412.752
1873/05 2024 06 18 08 42 31.728 1493.471 -6417.375 1638.930 3.984087142054 2.391214998883 5.721940361174 412.758
1873/05 2024 06 18 08 42 32.728 1497.454 -6414.980 1644.651 3.982537886067 2.398779164917 5.719841249447 412.765
1873/05 2024 06 18 08 42 33.728 1501.436 -6412.578 1650.370 3.980984680604 2.406340495142 5.717734829244 412.771
1873/05 2024 06 18 08 42 34.728 1505.416 -6410.168 1656.086 3.979427527275 2.413898980452 5.715621103323 412.777
1873/05 2024 06 18 08 42 35.728 1509.395 -6407.750 1661.801 3.977866427692 2.421454611742 5.713500074454 412.783
1873/05 2024 06 18 08 42 36.728 1513.372 -6405.325 1667.513 3.976301383473 2.429007379913 5.711371745414 412.790
1873/05 2024 06 18 08 42 37.728 1517.347 -6402.892 1673.224 3.974732396238 2.436557275868 5.709236118989 412.796
1873/05 2024 06 18 08 42 38.728 1521.321 -6400.452 1678.932 3.973159467611 2.444104290516 5.707093197978 412.802
1873/05 2024 06 18 08 42 39.728 1525.293 -6398.004 1684.638 3.971582599222 2.451648414769 5.704942985187 412.809
1873/05 2024 06 18 08 42 40.728 1529.264 -6395.548 1690.342 3.970001792702 2.459189639541 5.702785483431 412.815
1873/05 2024 06 18 08 42 41.728 1533.233 -6393.085 1696.043 3.968417049688 2.466727955754 5.700620695536 412.822
1873/05 2024 06 18 08 42 42.728 1537.201 -6390.615 1701.743 3.966828371819 2.474263354329 5.698448624337 412.828
1873/05 2024 06 18 08 42 43.728 1541.167 -6388.137 1707.440 3.965235760739 2.481795826196 5.696269272679 412.835
1873/05 2024 06 18 08 42 44.728 1545.132 -6385.651 1713.135 3.963639218096 2.489325362284 5.694082643415 412.841
1873/05 2024 06 18 08 42 45.728 1549.094 -6383.158 1718.828 3.962038745541 2.496851953530 5.691888739409 412.848
1873/05 2024 06 18 08 42 46.728 1553.056 -6380.657 1724.519 3.960434344730 2.504375590873 5.689687563534 412.855
1873/05 2024 06 18 08 42 47.728 1557.015 -6378.149 1730.208 3.958826017320 2.511896265256 5.687479118672 412.861
1873/05 2024 06 18 08 42 48.728 1560.973 -6375.634 1735.894 3.957213764976 2.519413967627 5.685263407716 412.868
1873/05 2024 06 18 08 42 49.728 1564.930 -6373.111 1741.578 3.955597589363 2.526928688937 5.683040433566 412.875
1873/05 2024 06 18 08 42 50.728 1568.884 -6370.580 1747.260 3.953977492152 2.534440420141 5.680810199134 412.882
1873/05 2024 06 18 08 42 51.728 1572.838 -6368.042 1752.940 3.952353475017 2.541949152199 5.678572707339 412.888
1873/05 2024 06 18 08 42 52.728 1576.789 -6365.496 1758.617 3.950725539637 2.549454876073 5.676327961112 412.895
1873/05 2024 06 18 08 42 53.728 1580.739 -6362.943 1764.293 3.949093687693 2.556957582733 5.674075963391 412.902
1873/05 2024 06 18 08 42 54.728 1584.687 -6360.382 1769.965 3.947457920870 2.564457263148 5.671816717125 412.909
1873/05 2024 06 18 08 42 55.728 1588.634 -6357.814 1775.636 3.945818240857 2.571953908295 5.669550225272 412.916
1873/05 2024 06 18 08 42 56.728 1592.579 -6355.238 1781.305 3.944174649349 2.579447509153 5.667276490800 412.923
1873/05 2024 06 18 08 42 57.728 1596.522 -6352.655 1786.971 3.942527148042 2.586938056706 5.664995516684 412.930
1873/05 2024 06 18 08 42 58.728 1600.464 -6350.064 1792.635 3.940875738636 2.594425541943 5.662707305913 412.937
1873/05 2024 06 18 08 42 59.728 1604.404 -6347.466 1798.296 3.939220422836 2.601909955854 5.660411861480 412.944
1873/05 2024 06 18 08 43 00.728 1608.343 -6344.860 1803.955 3.937561202350 2.609391289436 5.658109186392 412.951
1873/05 2024 06 18 08 43 01.728 1612.279 -6342.247 1809.612 3.935898078890 2.616869533690 5.655799283662 412.958
1873/05 2024 06 18 08 43 02.728 1616.214 -6339.627 1815.267 3.934231054171 2.624344679620 5.653482156315 412.965
1873/05 2024 06 18 08 43 03.728 1620.148 -6336.999 1820.919 3.932560129914 2.631816718234 5.651157807383 412.973
1873/05 2024 06 18 08 43 04.728 1624.079 -6334.363 1826.569 3.930885307842 2.639285640545 5.648826239908 412.980
1873/05 2024 06 18 08 43 05.728 1628.009 -6331.720 1832.217 3.929206589680 2.646751437571 5.646487456944 412.987
1873/05 2024 06 18 08 43 06.728 1631.938 -6329.070 1837.862 3.927523977161 2.654214100331 5.644141461551 412.994
1873/05 2024 06 18 08 43 07.728 1635.865 -6326.412 1843.505 3.925837472018 2.661673619853 5.641788256800 413.002
1873/05 2024 06 18 08 43 08.728 1639.790 -6323.746 1849.146 3.924147075990 2.669129987164 5.639427845770 413.009
1873/05 2024 06 18 08 43 09.728 1643.713 -6321.073 1854.784 3.922452790818 2.676583193299 5.637060231551 413.016
1873/05 2024 06 18 08 43 10.728 1647.634 -6318.393 1860.420 3.920754618249 2.684033229297 5.634685417241 413.024
1873/05 2024 06 18 08 43 11.728 1651.554 -6315.705 1866.053 3.919052560031 2.691480086198 5.632303405949 413.031
1873/05 2024 06 18 08 43 12.728 1655.473 -6313.010 1871.685 3.917346617918 2.698923755051 5.629914200791 413.039
1873/05 2024 06 18 08 43 13.728 1659.389 -6310.307 1877.313 3.915636793666 2.706364226905 5.627517804895 413.046
1873/05 2024 06 18 08 43 14.728 1663.304 -6307.597 1882.940 3.913923089036 2.713801492816 5.625114221395 413.054
1873/05 2024 06 18 08 43 15.728 1667.217 -6304.880 1888.563 3.912205505792 2.721235543842 5.622703453438 413.061
1873/05 2024 06 18 08 43 16.728 1671.128 -6302.155 1894.185 3.910484045703 2.728666371049 5.620285504176 413.069
1873/05 2024 06 18 08 43 17.728 1675.038 -6299.423 1899.804 3.908758710539 2.736093965503 5.617860376775 413.076
1873/05 2024 06 18 08 43 18.728 1678.946 -6296.683 1905.421 3.907029502077 2.743518318277 5.615428074408 413.084
1873/05 2024 06 18 08 43 19.728 1682.852 -6293.935 1911.035 3.905296422094 2.750939420448 5.612988600255 413.092
1873/05 2024 06 18 08 43 20.728 1686.756 -6291.181 1916.647 3.903559472375 2.758357263096 5.610541957509 413.100
1873/05 2024 06 18 08 43 21.728 1690.659 -6288.419 1922.256 3.901818654705 2.765771837308 5.608088149371 413.107
1873/05 2024 06 18 08 43 22.728 1694.560 -6285.649 1927.863 3.900073970874 2.773183134172 5.605627179051 413.115
1873/05 2024 06 18 08 43 23.728 1698.459 -6282.872 1933.467 3.898325422677 2.780591144783 5.603159049768 413.123
1873/05 2024 06 18 08 43 24.728 1702.357 -6280.088 1939.069 3.896573011910 2.787995860239 5.600683764750 413.131
1873/05 2024 06 18 08 43 25.728 1706.252 -6277.296 1944.669 3.894816740376 2.795397271643 5.598201327235 413.139
1873/05 2024 06 18 08 43 26.728 1710.146 -6274.497 1950.266 3.893056609878 2.802795370103 5.595711740470 413.146
1873/05 2024 06 18 08 43 27.728 1714.038 -6271.691 1955.860 3.891292622225 2.810190146729 5.593215007712 413.154
1873/05 2024 06 18 08 43 28.728 1717.929 -6268.877 1961.452 3.889524779230 2.817581592639 5.590711132225 413.162
1873/05 2024 06 18 08 43 29.728 1721.817 -6266.056 1967.041 3.887753082709 2.824969698952 5.588200117284 413.170
1873/05 2024 06 18 08 43 30.728 1725.704 -6263.227 1972.628 3.885977534480 2.832354456794 5.585681966174 413.178
1873/05 2024 06 18 08 43 31.728 1729.589 -6260.391 1978.213 3.884198136367 2.839735857293 5.583156682187 413.186
1873/05 2024 06 18 08 43 32.728 1733.473 -6257.548 1983.795 3.882414890197 2.847113891585 5.580624268624 413.194
1873/05 2024 06 18 08 43 33.728 1737.354 -6254.697 1989.374 3.880627797801 2.854488550807 5.578084728799 413.203
1873/05 2024 06 18 08 43 34.728 1741.234 -6251.839 1994.951 3.878836861011 2.861859826102 5.575538066030 413.211
1873/05 2024 06 18 08 43 35.728 1745.112 -6248.973 2000.525 3.877042081668 2.869227708618 5.572984283648 413.219
1873/05 2024 06 18 08 43 36.728 1748.988 -6246.100 2006.097 3.875243461610 2.876592189506 5.570423384992 413.227
1873/05 2024 06 18 08 43 37.728 1752.862 -6243.220 2011.666 3.873441002685 2.883953259923 5.567855373410 413.235
1873/05 2024 06 18 08 43 38.728 1756.735 -6240.332 2017.233 3.871634706739 2.891310911029 5.565280252258 413.244
1873/05 2024 06 18 08 43 39.728 1760.606 -6237.437 2022.797 3.869824575627 2.898665133991 5.562698024904 413.252
1873/05 2024 06 18 08 43 40.728 1764.475 -6234.535 2028.358 3.868010611203 2.906015919977 5.560108694722 413.260
1873/05 2024 06 18 08 43 41.728 1768.342 -6231.625 2033.917 3.866192815327 2.913363260163 5.557512265097 413.268
1873/05 2024 06 18 08 43 42.728 1772.207 -6228.708 2039.473 3.864371189862 2.920707145728 5.554908739423 413.277
1873/05 2024 06 18 08 43 43.728 1776.070 -6225.784 2045.027 3.862545736676 2.928047567854 5.552298121103 413.285
1873/05 2024 06 18 08 43 44.728 1779.932 -6222.852 2050.578 3.860716457638 2.935384517732 5.549680413548 413.294
1873/05 2024 06 18 08 43 45.728 1783.792 -6219.913 2056.126 3.858883354623 2.942717986552 5.547055620180 413.302
1873/05 2024 06 18 08 43 46.728 1787.650 -6216.967 2061.672 3.857046429509 2.950047965514 5.544423744428 413.311
1873/05 2024 06 18 08 43 47.728 1791.506 -6214.013 2067.215 3.855205684175 2.957374445818 5.541784789732 413.319
1873/05 2024 06 18 08 43 48.728 1795.360 -6211.052 2072.755 3.853361120509 2.964697418672 5.539138759541 413.328
1873/05 2024 06 18 08 43 49.728 1799.213 -6208.083 2078.293 3.851512740396 2.972016875286 5.536485657311 413.336
1873/05 2024 06 18 08 43 50.728 1803.063 -6205.108 2083.828 3.849660545731 2.979332806877 5.533825486509 413.345
1873/05 2024 06 18 08 43 51.728 1806.912 -6202.125 2089.361 3.847804538409 2.986645204666 5.531158250611 413.354
1873/05 2024 06 18 08 43 52.728 1810.759 -6199.135 2094.891 3.845944720328 2.993954059877 5.528483953100 413.362
1873/05 2024 06 18 08 43 53.728 1814.604 -6196.137 2100.418 3.844081093391 3.001259363740 5.525802597472 413.371
1873/05 2024 06 18 08 43 54.728 1818.447 -6193.132 2105.942 3.842213659506 3.008561107490 5.523114187228 413.380
1873/05 2024 06 18 08 43 55.728 1822.288 -6190.120 2111.464 3.840342420582 3.015859282367 5.520418725880 413.388
1873/05 2024 06 18 08 43 56.728 1826.128 -6187.100 2116.983 3.838467378532 3.023153879614 5.517716216949 413.397
1873/05 2024 06 18 08 43 57.728 1829.965 -6184.073 2122.499 3.836588535273 3.030444890480 5.515006663965 413.406
1873/05 2024 06 18 08 43 58.728 1833.801 -6181.039 2128.013 3.834705892727 3.037732306218 5.512290070466 413.415
1873/05 2024 06 18 08 43 59.728 1837.635 -6177.998 2133.524 3.832819452818 3.045016118086 5.509566440000 413.424
1873/05 2024 06 18 08 44 00.728 1841.467 -6174.949 2139.032 3.830929217473 3.052296317348 5.506835776125 413.433
1873/05 2024 06 18 08 44 01.728 1845.296 -6171.893 2144.538 3.829035188623 3.059572895271 5.504098082405 413.442
1873/05 2024 06 18 08 44 02.728 1849.125 -6168.830 2150.040 3.827137368205 3.066845843126 5.501353362417 413.451
1873/05 2024 06 18 08 44 03.728 1852.951 -6165.760 2155.540 3.825235758156 3.074115152192 5.498601619743 413.460
1873/05 2024 06 18 08 44 04.728 1856.775 -6162.682 2161.037 3.823330360418 3.081380813750 5.495842857976 413.469
1873/05 2024 06 18 08 44 05.728 1860.597 -6159.597 2166.532 3.821421176937 3.088642819087 5.493077080719 413.478
1873/05 2024 06 18 08 44 06.728 1864.418 -6156.505 2172.024 3.819508209662 3.095901159494 5.490304291582 413.487
1873/05 2024 06 18 08 44 07.728 1868.236 -6153.405 2177.513 3.817591460546 3.103155826268 5.487524494185 413.496
1873/05 2024 06 18 08 44 08.728 1872.053 -6150.298 2182.999 3.815670931544 3.110406810708 5.484737692156 413.505
1873/05 2024 06 18 08 44 09.728 1875.868 -6147.184 2188.482 3.813746624618 3.117654104122 5.481943889133 413.514
1873/05 2024 06 18 08 44 10.728 1879.681 -6144.063 2193.963 3.811818541730 3.124897697820 5.479143088763 413.523
1873/05 2024 06 18 08 44 11.728 1883.491 -6140.935 2199.440 3.809886684846 3.132137583118 5.476335294701 413.532
1873/05 2024 06 18 08 44 12.728 1887.300 -6137.799 2204.915 3.807951055938 3.139373751335 5.473520510612 413.542
1873/05 2024 06 18 08 44 13.728 1891.107 -6134.656 2210.387 3.806011656979 3.146606193797 5.470698740169 413.551
1873/05 2024 06 18 08 44 14.728 1894.912 -6131.506 2215.857 3.804068489947 3.153834901834 5.467869987055 413.560
1873/05 2024 06 18 08 44 15.728 1898.715 -6128.348 2221.323 3.802121556822 3.161059866781 5.465034254961 413.570
1873/05 2024 06 18 08 44 16.728 1902.517 -6125.183 2226.787 3.800170859589 3.168281079978 5.462191547586 413.579
1873/05 2024 06 18 08 44 17.728 1906.316 -6122.012 2232.247 3.798216400236 3.175498532770 5.459341868640 413.588
1873/05 2024 06 18 08 44 18.728 1910.113 -6118.833 2237.705 3.796258180754 3.182712216505 5.456485221842 413.598
1873/05 2024 06 18 08 44 19.728 1913.908 -6115.646 2243.160 3.794296203138 3.189922122539 5.453621610917 413.607
1873/05 2024 06 18 08 44 20.728 1917.702 -6112.453 2248.613 3.792330469388 3.197128242230 5.450751039602 413.617
1873/05 2024 06 18 08 44 21.728 1921.493 -6109.252 2254.062 3.790360981504 3.204330566944 5.447873511641 413.626
1873/05 2024 06 18 08 44 22.728 1925.282 -6106.044 2259.508 3.788387741492 3.211529088050 5.444989030788 413.636
1873/05 2024 06 18 08 44 23.728 1929.070 -6102.829 2264.952 3.786410751362 3.218723796921 5.442097600805 413.645
1873/05 2024 06 18 08 44 24.728 1932.855 -6099.607 2270.393 3.784430013125 3.225914684936 5.439199225463 413.655
1873/05 2024 06 18 08 44 25.728 1936.639 -6096.377 2275.830 3.782445528798 3.233101743481 5.436293908544 413.664
1873/05 2024 06 18 08 44 26.728 1940.420 -6093.140 2281.265 3.780457300401 3.240284963943 5.433381653834 413.674
1873/05 2024 06 18 08 44 27.728 1944.200 -6089.896 2286.697 3.778465329955 3.247464337718 5.430462465133 413.684
1873/05 2024 06 18 08 44 28.728 1947.977 -6086.645 2292.126 3.776469619487 3.254639856203 5.427536346247 413.693
1873/05 2024 06 18 08 44 29.728 1951.752 -6083.387 2297.552 3.774470171028 3.261811510804 5.424603300992 413.703
1873/05 2024 06 18 08 44 30.728 1955.526 -6080.122 2302.975 3.772466986611 3.268979292928 5.421663333191 413.713
1873/05 2024 06 18 08 44 31.728 1959.297 -6076.849 2308.395 3.770460068272 3.276143193991 5.418716446679 413.723
1873/05 2024 06 18 08 44 32.728 1963.067 -6073.570 2313.813 3.768449418052 3.283303205411 5.415762645296 413.732
1873/05 2024 06 18 08 44 33.728 1966.834 -6070.283 2319.227 3.766435037995 3.290459318611 5.412801932894 413.742
1873/05 2024 06 18 08 44 34.728 1970.600 -6066.989 2324.638 3.764416930147 3.297611525022 5.409834313332 413.752
1873/05 2024 06 18 08 44 35.728 1974.363 -6063.687 2330.047 3.762395096560 3.304759816078 5.406859790479 413.762
1873/05 2024 06 18 08 44 36.728 1978.125 -6060.379 2335.452 3.760369539288 3.311904183217 5.403878368212 413.772
1873/05 2024 06 18 08 44 37.728 1981.884 -6057.064 2340.854 3.758340260388 3.319044617884 5.400890050417 413.782
1873/05 2024 06 18 08 44 38.728 1985.641 -6053.741 2346.254 3.756307261922 3.326181111528 5.397894840989 413.792
1873/05 2024 06 18 08 44 39.728 1989.396 -6050.411 2351.650 3.754270545953 3.333313655603 5.394892743830 413.802
1873/05 2024 06 18 08 44 40.728 1993.150 -6047.074 2357.044 3.752230114551 3.340442241570 5.391883762854 413.812
1873/05 2024 06 18 08 44 41.728 1996.901 -6043.730 2362.434 3.750185969785 3.347566860892 5.388867901981 413.822
1873/05 2024 06 18 08 44 42.728 2000.650 -6040.379 2367.821 3.748138113732 3.354687505040 5.385845165142 413.832
1873/05 2024 06 18 08 44 43.728 2004.397 -6037.021 2373.206 3.746086548469 3.361804165488 5.382815556275 413.842
1873/05 2024 06 18 08 44 44.728 2008.142 -6033.656 2378.587 3.744031276079 3.368916833716 5.379779079327 413.852
1873/05 2024 06 18 08 44 45.728 2011.885 -6030.283 2383.965 3.741972298646 3.376025501210 5.376735738254 413.862
1873/05 2024 06 18 08 44 46.728 2015.626 -6026.904 2389.340 3.739909618259 3.383130159459 5.373685537021 413.873
1873/05 2024 06 18 08 44 47.728 2019.365 -6023.517 2394.713 3.737843237010 3.390230799958 5.370628479602 413.883
1873/05 2024 06 18 08 44 48.728 2023.102 -6020.123 2400.082 3.735773156994 3.397327414209 5.367564569979 413.893
1873/05 2024 06 18 08 44 49.728 2026.837 -6016.722 2405.448 3.733699380311 3.404419993717 5.364493812143 413.903
1873/05 2024 06 18 08 44 50.728 2030.569 -6013.314 2410.811 3.731621909063 3.411508529993 5.361416210094 413.914
1873/05 2024 06 18 08 44 51.728 2034.300 -6009.899 2416.171 3.729540745355 3.418593014552 5.358331767839 413.924
1873/05 2024 06 18 08 44 52.728 2038.028 -6006.477 2421.527 3.727455891296 3.425673438917 5.355240489397 413.934
1873/05 2024 06 18 08 44 53.728 2041.755 -6003.048 2426.881 3.725367349000 3.432749794613 5.352142378792 413.945
1873/05 2024 06 18 08 44 54.728 2045.479 -5999.612 2432.232 3.723275120582 3.439822073173 5.349037440060 413.955
1873/05 2024 06 18 08 44 55.728 2049.201 -5996.168 2437.579 3.721179208161 3.446890266132 5.345925677244 413.965
1873/05 2024 06 18 08 44 56.728 2052.921 -5992.718 2442.923 3.719079613861 3.453954365034 5.342807094395 413.976
1873/05 2024 06 18 08 44 57.728 2056.639 -5989.260 2448.265 3.716976339808 3.461014361425 5.339681695574 413.986
1873/05 2024 06 18 08 44 58.728 2060.355 -5985.796 2453.603 3.714869388130 3.468070246857 5.336549484851 413.997
1873/05 2024 06 18 08 44 59.728 2064.069 -5982.324 2458.938 3.712758760962 3.475122012890 5.333410466302 414.007
1873/05 2024 06 18 08 45 00.728 2067.781 -5978.846 2464.270 3.710644460439 3.482169651086 5.330264644016 414.018
1873/05 2024 06 18 08 45 01.728 2071.491 -5975.360 2469.598 3.708526488702 3.489213153012 5.327112022086 414.028
1873/05 2024 06 18 08 45 02.728 2075.198 -5971.867 2474.924 3.706404847893 3.496252510244 5.323952604617 414.039
1873/05 2024 06 18 08 45 03.728 2078.903 -5968.367 2480.246 3.704279540159 3.503287714359 5.320786395721 414.050
1873/05 2024 06 18 08 45 04.728 2082.607 -5964.861 2485.565 3.702150567650 3.510318756942 5.317613399519 414.060
1873/05 2024 06 18 08 45 05.728 2086.308 -5961.347 2490.881 3.700017932520 3.517345629583 5.314433620141 414.071
1873/05 2024 06 18 08 45 06.728 2090.007 -5957.826 2496.194 3.697881636925 3.524368323876 5.311247061726 414.082
1873/05 2024 06 18 08 45 07.728 2093.703 -5954.298 2501.504 3.695741683025 3.531386831421 5.308053728420 414.092
1873/05 2024 06 18 08 45 08.728 2097.398 -5950.763 2506.810 3.693598072984 3.538401143824 5.304853624379 414.103
1873/05 2024 06 18 08 45 09.728 2101.091 -5947.221 2512.114 3.691450808969 3.545411252695 5.301646753767 414.114
1873/05 2024 06 18 08 45 10.728 2104.781 -5943.672 2517.414 3.689299893150 3.552417149651 5.298433120757 414.125
1873/05 2024 06 18 08 45 11.728 2108.469 -5940.116 2522.710 3.687145327700 3.559418826314 5.295212729530 414.136
1873/05 2024 06 18 08 45 12.728 2112.155 -5936.553 2528.004 3.684987114797 3.566416274309 5.291985584277 414.146
1873/05 2024 06 18 08 45 13.728 2115.839 -5932.984 2533.294 3.682825256620 3.573409485270 5.288751689196 414.157
1873/05 2024 06 18 08 45 14.728 2119.521 -5929.407 2538.582 3.680659755355 3.580398450834 5.285511048494 414.168
1873/05 2024 06 18 08 45 15.728 2123.200 -5925.823 2543.865 3.678490613187 3.587383162644 5.282263666387 414.179
1873/05 2024 06 18 08 45 16.728 2126.878 -5922.232 2549.146 3.676317832307 3.594363612348 5.279009547099 414.190
1873/05 2024 06 18 08 45 17.728 2130.553 -5918.634 2554.424 3.674141414909 3.601339791600 5.275748694863 414.201
1873/05 2024 06 18 08 45 18.728 2134.226 -5915.029 2559.698 3.671961363190 3.608311692060 5.272481113920 414.212
1873/05 2024 06 18 08 45 19.728 2137.897 -5911.417 2564.968 3.669777679350 3.615279305392 5.269206808521 414.223
1873/05 2024 06 18 08 45 20.728 2141.566 -5907.799 2570.236 3.667590365594 3.622242623265 5.265925782924 414.234
1873/05 2024 06 18 08 45 21.728 2145.232 -5904.173 2575.500 3.665399424129 3.629201637357 5.262638041396 414.245
1873/05 2024 06 18 08 45 22.728 2148.897 -5900.540 2580.761 3.663204857165 3.636156339347 5.259343588213 414.256
1873/05 2024 06 18 08 45 23.728 2152.559 -5896.901 2586.019 3.661006666916 3.643106720922 5.256042427659 414.267
1873/05 2024 06 18 08 45 24.728 2156.219 -5893.254 2591.273 3.658804855600 3.650052773774 5.252734564026 414.279
1873/05 2024 06 18 08 45 25.728 2159.876 -5889.600 2596.524 3.656599425436 3.656994489600 5.249420001615 414.290
1873/05 2024 06 18 08 45 26.728 2163.532 -5885.940 2601.772 3.654390378649 3.663931860104 5.246098744738 414.301
1873/05 2024 06 18 08 45 27.728 2167.185 -5882.273 2607.017 3.652177717467 3.670864876993 5.242770797710 414.312
1873/05 2024 06 18 08 45 28.728 2170.836 -5878.598 2612.258 3.649961444119 3.677793531981 5.239436164860 414.323
1873/05 2024 06 18 08 45 29.728 2174.485 -5874.917 2617.496 3.647741560839 3.684717816788 5.236094850523 414.335
1873/05 2024 06 18 08 45 30.728 2178.132 -5871.229 2622.730 3.645518069866 3.691637723139 5.232746859041 414.346
1873/05 2024 06 18 08 45 31.728 2181.776 -5867.534 2627.961 3.643290973438 3.698553242764 5.229392194769 414.357
1873/05 2024 06 18 08 45 32.728 2185.418 -5863.832 2633.189 3.641060273801 3.705464367398 5.226030862065 414.369
1873/05 2024 06 18 08 45 33.728 2189.058 -5860.123 2638.413 3.638825973202 3.712371088785 5.222662865299 414.380
1873/05 2024 06 18 08 45 34.728 2192.696 -5856.407 2643.634 3.636588073891 3.719273398669 5.219288208850 414.391
1873/05 2024 06 18 08 45 35.728 2196.331 -5852.684 2648.852 3.634346578121 3.726171288805 5.215906897102 414.403
1873/05 2024 06 18 08 45 36.728 2199.964 -5848.955 2654.066 3.632101488151 3.733064750950 5.212518934451 414.414
1873/05 2024 06 18 08 45 37.728 2203.595 -5845.218 2659.277 3.629852806240 3.739953776868 5.209124325299 414.426
1873/05 2024 06 18 08 45 38.728 2207.224 -5841.475 2664.484 3.627600534653 3.746838358329 5.205723074059 414.437
1873/05 2024 06 18 08 45 39.728 2210.851 -5837.724 2669.688 3.625344675656 3.753718487107 5.202315185149 414.449
1873/05 2024 06 18 08 45 40.728 2214.475 -5833.967 2674.889 3.623085231520 3.760594154983 5.198900662999 414.460
1873/05 2024 06 18 08 45 41.728 2218.097 -5830.203 2680.086 3.620822204519 3.767465353743 5.195479512044 414.472
1873/05 2024 06 18 08 45 42.728 2221.717 -5826.432 2685.280 3.618555596929 3.774332075179 5.192051736731 414.483
1873/05 2024 06 18 08 45 43.728 2225.334 -5822.655 2690.470 3.616285411031 3.781194311088 5.188617341512 414.495
1873/05 2024 06 18 08 45 44.728 2228.949 -5818.870 2695.657 3.614011649108 3.788052053274 5.185176330851 414.507
1873/05 2024 06 18 08 45 45.728 2232.562 -5815.079 2700.840 3.611734313448 3.794905293545 5.181728709216 414.518
1873/05 2024 06 18 08 45 46.728 2236.173 -5811.280 2706.020 3.609453406341 3.801754023716 5.178274481088 414.530
1873/05 2024 06 18 08 45 47.728 2239.781 -5807.475 2711.197 3.607168930080 3.808598235606 5.174813650954 414.542
1873/05 2024 06 18 08 45 48.728 2243.387 -5803.663 2716.370 3.604880886962 3.815437921041 5.171346223308 414.553
1873/05 2024 06 18 08 45 49.728 2246.991 -5799.844 2721.540 3.602589279287 3.822273071853 5.167872202656 414.565
1873/05 2024 06 18 08 45 50.728 2250.592 -5796.018 2726.706 3.600294109358 3.829103679880 5.164391593509 414.577
1873/05 2024 06 18 08 45 51.728 2254.191 -5792.186 2731.868 3.597995379483 3.835929736963 5.160904400388 414.589
1873/05 2024 06 18 08 45 52.728 2257.788 -5788.347 2737.028 3.595693091970 3.842751234951 5.157410627823 414.601
1873/05 2024 06 18 08 45 53.728 2261.383 -5784.500 2742.183 3.593387249134 3.849568165698 5.153910280351 414.612
1873/05 2024 06 18 08 45 54.728 2264.975 -5780.647 2747.335 3.591077853290 3.856380521066 5.150403362518 414.624
1873/05 2024 06 18 08 45 55.728 2268.565 -5776.788 2752.484 3.588764906759 3.863188292918 5.146889878879 414.636
1873/05 2024 06 18 08 45 56.728 2272.152 -5772.921 2757.629 3.586448411864 3.869991473128 5.143369833995 414.648
1873/05 2024 06 18 08 45 57.728 2275.738 -5769.048 2762.771 3.584128370930 3.876790053571 5.139843232438 414.660
1873/05 2024 06 18 08 45 58.728 2279.321 -5765.168 2767.909 3.581804786287 3.883584026131 5.136310078787 414.672
1873/05 2024 06 18 08 45 59.728 2282.901 -5761.281 2773.043 3.579477660269 3.890373382697 5.132770377630 414.684
1873/05 2024 06 18 08 46 00.728 2286.480 -5757.387 2778.174 3.577146995211 3.897158115164 5.129224133563 414.696
1873/05 2024 06 18 08 46 01.728 2290.056 -5753.486 2783.302 3.574812793453 3.903938215431 5.125671351189 414.708
1873/05 2024 06 18 08 46 02.728 2293.629 -5749.579 2788.426 3.572475057338 3.910713675405 5.122112035123 414.720
1873/05 2024 06 18 08 46 03.728 2297.200 -5745.665 2793.546 3.570133789210 3.917484486998 5.118546189984 414.732
1873/05 2024 06 18 08 46 04.728 2300.769 -5741.744 2798.663 3.567788991420 3.924250642128 5.114973820401 414.744
1873/05 2024 06 18 08 46 05.728 2304.336 -5737.816 2803.776 3.565440666320 3.931012132718 5.111394931014 414.756
1873/05 2024 06 18 08 46 06.728 2307.900 -5733.882 2808.886 3.563088816266 3.937768950698 5.107809526466 414.768
1873/05 2024 06 18 08 46 07.728 2311.462 -5729.941 2813.992 3.560733443615 3.944521088003 5.104217611412 414.781
1873/05 2024 06 18 08 46 08.728 2315.022 -5725.993 2819.094 3.558374550732 3.951268536575 5.100619190515 414.793
1873/05 2024 06 18 08 46 09.728 2318.579 -5722.038 2824.193 3.556012139980 3.958011288360 5.097014268446 414.805
1873/05 2024 06 18 08 46 10.728 2322.134 -5718.077 2829.288 3.553646213729 3.964749335311 5.093402849883 414.817
1873/05 2024 06 18 08 46 11.728 2325.686 -5714.109 2834.380 3.551276774351 3.971482669388 5.089784939513 414.829
1873/05 2024 06 18 08 46 12.728 2329.236 -5710.134 2839.468 3.548903824220 3.978211282555 5.086160542033 414.842
1873/05 2024 06 18 08 46 13.728 2332.784 -5706.152 2844.552 3.546527365716 3.984935166782 5.082529662145 414.854
1873/05 2024 06 18 08 46 14.728 2336.329 -5702.164 2849.633 3.544147401219 3.991654314046 5.078892304562 414.866
1873/05 2024 06 18 08 46 15.728 2339.872 -5698.169 2854.710 3.541763933115 3.998368716329 5.075248474003 414.879
1873/05 2024 06 18 08 46 16.728 2343.413 -5694.167 2859.783 3.539376963791 4.005078365621 5.071598175199 414.891
1873/05 2024 06 18 08 46 17.728 2346.951 -5690.159 2864.853 3.536986495639 4.011783253915 5.067941412884 414.903
1873/05 2024 06 18 08 46 18.728 2350.487 -5686.144 2869.919 3.534592531054 4.018483373211 5.064278191805 414.916
1873/05 2024 06 18 08 46 19.728 2354.020 -5682.122 2874.982 3.532195072433 4.025178715516 5.060608516714 414.928
1873/05 2024 06 18 08 46 20.728 2357.551 -5678.093 2880.040 3.529794122178 4.031869272843 5.056932392373 414.941
1873/05 2024 06 18 08 46 21.728 2361.080 -5674.058 2885.095 3.527389682691 4.038555037208 5.053249823551 414.953
1873/05 2024 06 18 08 46 22.728 2364.606 -5670.016 2890.147 3.524981756382 4.045236000637 5.049560815026 414.966
1873/05 2024 06 18 08 46 23.728 2368.130 -5665.968 2895.194 3.522570345660 4.051912155159 5.045865371584 414.978
1873/05 2024 06 18 08 46 24.728 2371.651 -5661.912 2900.238 3.520155452940 4.058583492811 5.042163498019 414.991
1873/05 2024 06 18 08 46 25.728 2375.170 -5657.850 2905.279 3.517737080639 4.065250005635 5.038455199134 415.003
1873/05 2024 06 18 08 46 26.728 2378.687 -5653.782 2910.315 3.515315231176 4.071911685680 5.034740479740 415.016
1873/05 2024 06 18 08 46 27.728 2382.201 -5649.707 2915.348 3.512889906975 4.078568524998 5.031019344654 415.028
1873/05 2024 06 18 08 46 28.728 2385.712 -5645.625 2920.377 3.510461110464 4.085220515652 5.027291798704 415.041
1873/05 2024 06 18 08 46 29.728 2389.222 -5641.536 2925.403 3.508028844071 4.091867649706 5.023557846725 415.054
1873/05 2024 06 18 08 46 30.728 2392.729 -5637.441 2930.425 3.505593110231 4.098509919234 5.019817493561 415.066
1873/05 2024 06 18 08 46 31.728 2396.233 -5633.339 2935.443 3.503153911379 4.105147316314 5.016070744062 415.079
1873/05 2024 06 18 08 46 32.728 2399.735 -5629.231 2940.457 3.500711249955 4.111779833031 5.012317603088 415.092
1873/05 2024 06 18 08 46 33.728 2403.234 -5625.116 2945.467 3.498265128402 4.118407461474 5.008558075507 415.104
1873/05 2024 06 18 08 46 34.728 2406.731 -5620.994 2950.474 3.495815549165 4.125030193742 5.004792166194 415.117
1873/05 2024 06 18 08 46 35.728 2410.226 -5616.866 2955.477 3.493362514694 4.131648021937 5.001019880034 415.130
1873/05 2024 06 18 08 46 36.728 2413.718 -5612.731 2960.476 3.490906027441 4.138260938168 4.997241221919 415.143
1873/05 2024 06 18 08 46 37.728 2417.208 -5608.589 2965.471 3.488446089862 4.144868934549 4.993456196749 415.155
1873/05 2024 06 18 08 46 38.728 2420.695 -5604.441 2970.463 3.485982704415 4.151472003203 4.989664809432 415.168
1873/05 2024 06 18 08 46 39.728 2424.180 -5600.286 2975.451 3.483515873562 4.158070136257 4.985867064884 415.181
1873/05 2024 06 18 08 46 40.728 2427.662 -5596.125 2980.434 3.481045599768 4.164663325844 4.982062968031 415.194
1873/05 2024 06 18 08 46 41.728 2431.142 -5591.957 2985.415 3.478571885501 4.171251564104 4.978252523804 415.207
1873/05 2024 06 18 08 46 42.728 2434.619 -5587.782 2990.391 3.476094733234 4.177834843182 4.974435737145 415.220
1873/05 2024 06 18 08 46 43.728 2438.094 -5583.601 2995.364 3.473614145440 4.184413155232 4.970612613002 415.233
1873/05 2024 06 18 08 46 44.728 2441.566 -5579.413 3000.332 3.471130124596 4.190986492411 4.966783156332 415.246
1873/05 2024 06 18 08 46 45.728 2445.036 -5575.219 3005.297 3.468642673185 4.197554846884 4.962947372100 415.258
1873/05 2024 06 18 08 46 46.728 2448.504 -5571.018 3010.258 3.466151793691 4.204118210821 4.959105265279 415.271
1873/05 2024 06 18 08 46 47.728 2451.969 -5566.811 3015.215 3.463657488599 4.210676576400 4.955256840850 415.284
1873/05 2024 06 18 08 46 48.728 2455.431 -5562.597 3020.169 3.461159760402 4.217229935803 4.951402103802 415.297
1873/05 2024 06 18 08 46 49.728 2458.891 -5558.376 3025.118 3.458658611592 4.223778281221 4.947541059132 415.310
1873/05 2024 06 18 08 46 50.728 2462.348 -5554.149 3030.064 3.456154044666 4.230321604848 4.943673711846 415.324
1873/05 2024 06 18 08 46 51.728 2465.803 -5549.916 3035.005 3.453646062124 4.236859898886 4.939800066957 415.337
1873/05 2024 06 18 08 46 52.728 2469.256 -5545.676 3039.943 3.451134666470 4.243393155545 4.935920129485 415.350
1873/05 2024 06 18 08 46 53.728 2472.705 -5541.429 3044.877 3.448619860210 4.249921367037 4.932033904461 415.363
1873/05 2024 06 18 08 46 54.728 2476.153 -5537.176 3049.807 3.446101645852 4.256444525585 4.928141396921 415.376
1873/05 2024 06 18 08 46 55.728 2479.598 -5532.916 3054.734 3.443580025909 4.262962623415 4.924242611911 415.389
1873/05 2024 06 18 08 46 56.728 2483.040 -5528.650 3059.656 3.441055002898 4.269475652761 4.920337554484 415.402
1873/05 2024 06 18 08 46 57.728 2486.480 -5524.377 3064.574 3.438526579337 4.275983605861 4.916426229701 415.415
1873/05 2024 06 18 08 46 58.728 2489.917 -5520.098 3069.489 3.435994757748 4.282486474963 4.912508642632 415.429
1873/05 2024 06 18 08 46 59.728 2493.352 -5515.812 3074.399 3.433459540656 4.288984252319 4.908584798354 415.442
1873/05 2024 06 18 08 47 00.728 2496.784 -5511.520 3079.306 3.430920930589 4.295476930186 4.904654701952 415.455
1873/05 2024 06 18 08 47 01.728 2500.214 -5507.221 3084.209 3.428378930079 4.301964500832 4.900718358520 415.468
1873/05 2024 06 18 08 47 02.728 2503.641 -5502.916 3089.107 3.425833541660 4.308446956526 4.896775773158 415.482
1873/05 2024 06 18 08 47 03.728 2507.065 -5498.604 3094.002 3.423284767870 4.314924289546 4.892826950975 415.495
1873/05 2024 06 18 08 47 04.728 2510.487 -5494.286 3098.893 3.420732611250 4.321396492178 4.888871897090 415.508
1873/05 2024 06 18 08 47 05.728 2513.907 -5489.962 3103.780 3.418177074343 4.327863556711 4.884910616626 415.522
1873/05 2024 06 18 08 47 06.728 2517.324 -5485.631 3108.663 3.415618159698 4.334325475443 4.880943114717 415.535
1873/05 2024 06 18 08 47 07.728 2520.738 -5481.293 3113.542 3.413055869863 4.340782240676 4.876969396504 415.548
1873/05 2024 06 18 08 47 08.728 2524.150 -5476.949 3118.417 3.410490207392 4.347233844722 4.872989467135 415.562
1873/05 2024 06 18 08 47 09.728 2527.559 -5472.598 3123.288 3.407921174842 4.353680279895 4.869003331768 415.575
1873/05 2024 06 18 08 47 10.728 2530.966 -5468.242 3128.155 3.405348774772 4.360121538520 4.865010995566 415.589
1873/05 2024 06 18 08 47 11.728 2534.370 -5463.878 3133.018 3.402773009745 4.366557612924 4.861012463703 415.602
1873/05 2024 06 18 08 47 12.728 2537.771 -5459.508 3137.877 3.400193882326 4.372988495444 4.857007741359 415.616
1873/05 2024 06 18 08 47 13.728 2541.170 -5455.132 3142.732 3.397611395085 4.379414178422 4.852996833723 415.629
1873/05 2024 06 18 08 47 14.728 2544.566 -5450.750 3147.583 3.395025550593 4.385834654206 4.848979745989 415.643
1873/05 2024 06 18 08 47 15.728 2547.960 -5446.361 3152.430 3.392436351426 4.392249915152 4.844956483364 415.656
1873/05 2024 06 18 08 47 16.728 2551.351 -5441.965 3157.273 3.389843800161 4.398659953621 4.840927051059 415.670
1873/05 2024 06 18 08 47 17.728 2554.740 -5437.563 3162.112 3.387247899380 4.405064761981 4.836891454292 415.683
1873/05 2024 06 18 08 47 18.728 2558.126 -5433.155 3166.946 3.384648651667 4.411464332608 4.832849698294 415.697
1873/05 2024 06 18 08 47 19.728 2561.509 -5428.740 3171.777 3.382046059611 4.417858657881 4.828801788298 415.710
1873/05 2024 06 18 08 47 20.728 2564.890 -5424.319 3176.604 3.379440125800 4.424247730189 4.824747729548 415.724
1873/05 2024 06 18 08 47 21.728 2568.268 -5419.892 3181.427 3.376830852830 4.430631541927 4.820687527296 415.738
1873/05 2024 06 18 08 47 22.728 2571.643 -5415.458 3186.245 3.374218243296 4.437010085494 4.816621186801 415.751
1873/05 2024 06 18 08 47 23.728 2575.016 -5411.018 3191.060 3.371602299799 4.443383353299 4.812548713329 415.765
1873/05 2024 06 18 08 47 24.728 2578.387 -5406.571 3195.870 3.368983024942 4.449751337755 4.808470112156 415.779
1873/05 2024 06 18 08 47 25.728 2581.754 -5402.118 3200.677 3.366360421330 4.456114031283 4.804385388564 415.792
1873/05 2024 06 18 08 47 26.728 2585.119 -5397.659 3205.479 3.363734491572 4.462471426310 4.800294547842 415.806
1873/05 2024 06 18 08 47 27.728 2588.482 -5393.193 3210.278 3.361105238282 4.468823515270 4.796197595291 415.820
1873/05 2024 06 18 08 47 28.728 2591.842 -5388.721 3215.072 3.358472664073 4.475170290604 4.792094536214 415.834
1873/05 2024 06 18 08 47 29.728 2595.199 -5384.243 3219.862 3.355836771565 4.481511744758 4.787985375927 415.847
1873/05 2024 06 18 08 47 30.728 2598.553 -5379.758 3224.648 3.353197563378 4.487847870186 4.783870119750 415.861
1873/05 2024 06 18 08 47 31.728 2601.905 -5375.267 3229.429 3.350555042137 4.494178659349 4.779748773013 415.875
1873/05 2024 06 18 08 47 32.728 2605.254 -5370.770 3234.207 3.347909210470 4.500504104712 4.775621341053 415.889
1873/05 2024 06 18 08 47 33.728 2608.601 -5366.266 3238.981 3.345260071007 4.506824198751 4.771487829214 415.903
1873/05 2024 06 18 08 47 34.728 2611.945 -5361.756 3243.750 3.342607626382 4.513138933946 4.767348242850 415.916
1873/05 2024 06 18 08 47 35.728 2615.286 -5357.240 3248.515 3.339951879231 4.519448302783 4.763202587320 415.930
1873/05 2024 06 18 08 47 36.728 2618.625 -5352.717 3253.276 3.337292832195 4.525752297756 4.759050867993 415.944
1873/05 2024 06 18 08 47 37.728 2621.961 -5348.189 3258.033 3.334630487915 4.532050911365 4.754893090244 415.958
1873/05 2024 06 18 08 47 38.728 2625.294 -5343.653 3262.786 3.331964849038 4.538344136119 4.750729259457 415.972
1873/05 2024 06 18 08 47 39.728 2628.625 -5339.112 3267.535 3.329295918213 4.544631964530 4.746559381023 415.986
1873/05 2024 06 18 08 47 40.728 2631.953 -5334.564 3272.279 3.326623698091 4.550914389119 4.742383460340 416.000
1873/05 2024 06 18 08 47 41.728 2635.278 -5330.010 3277.020 3.323948191328 4.557191402414 4.738201502816 416.014
1873/05 2024 06 18 08 47 42.728 2638.601 -5325.450 3281.756 3.321269400581 4.563462996949 4.734013513865 416.028
1873/05 2024 06 18 08 47 43.728 2641.920 -5320.883 3286.488 3.318587328511 4.569729165264 4.729819498908 416.042
1873/05 2024 06 18 08 47 44.728 2645.238 -5316.310 3291.215 3.315901977784 4.575989899907 4.725619463375 416.056
1873/05 2024 06 18 08 47 45.728 2648.552 -5311.731 3295.939 3.313213351064 4.582245193433 4.721413412704 416.070
1873/05 2024 06 18 08 47 46.728 2651.864 -5307.146 3300.658 3.310521451024 4.588495038403 4.717201352339 416.084
1873/05 2024 06 18 08 47 47.728 2655.173 -5302.554 3305.373 3.307826280335 4.594739427385 4.712983287734 416.098
1873/05 2024 06 18 08 47 48.728 2658.480 -5297.956 3310.084 3.305127841675 4.600978352954 4.708759224348 416.112
1873/05 2024 06 18 08 47 49.728 2661.784 -5293.352 3314.791 3.302426137722 4.607211807691 4.704529167649 416.126
1873/05 2024 06 18 08 47 50.728 2665.085 -5288.742 3319.493 3.299721171158 4.613439784185 4.700293123113 416.140
1873/05 2024 06 18 08 47 51.728 2668.383 -5284.125 3324.191 3.297012944669 4.619662275032 4.696051096223 416.154
1873/05 2024 06 18 08 47 52.728 2671.679 -5279.503 3328.885 3.294301460942 4.625879272833 4.691803092469 416.169
1873/05 2024 06 18 08 47 53.728 2674.972 -5274.874 3333.575 3.291586722670 4.632090770197 4.687549117351 416.183
1873/05 2024 06 18 08 47 54.728 2678.262 -5270.238 3338.260 3.288868732546 4.638296759741 4.683289176374 416.197
1873/05 2024 06 18 08 47 55.728 2681.549 -5265.597 3342.942 3.286147493268 4.644497234087 4.679023275051 416.211
1873/05 2024 06 18 08 47 56.728 2684.834 -5260.949 3347.619 3.283423007536 4.650692185866 4.674751418905 416.225
1873/05 2024 06 18 08 47 57.728 2688.116 -5256.296 3352.291 3.280695278052 4.656881607713 4.670473613462 416.239
1873/05 2024 06 18 08 47 58.728 2691.396 -5251.636 3356.959 3.277964307524 4.663065492271 4.666189864261 416.254
1873/05 2024 06 18 08 47 59.728 2694.672 -5246.969 3361.624 3.275230098661 4.669243832193 4.661900176845 416.268
1873/05 2024 06 18 08 48 00.728 2697.946 -5242.297 3366.283 3.272492654174 4.675416620134 4.657604556765 416.282
1873/05 2024 06 18 08 48 01.728 2701.217 -5237.619 3370.939 3.269751976779 4.681583848759 4.653303009580 416.297
1873/05 2024 06 18 08 48 02.728 2704.486 -5232.934 3375.590 3.267008069194 4.687745510740 4.648995540856 416.311
1873/05 2024 06 18 08 48 03.728 2707.751 -5228.243 3380.237 3.264260934140 4.693901598755 4.644682156169 416.325
1873/05 2024 06 18 08 48 04.728 2711.014 -5223.546 3384.879 3.261510574342 4.700052105488 4.640362861099 416.339
1873/05 2024 06 18 08 48 05.728 2714.274 -5218.843 3389.517 3.258756992526 4.706197023631 4.636037661235 416.354
1873/05 2024 06 18 08 48 06.728 2717.532 -5214.134 3394.151 3.256000191423 4.712336345885 4.631706562174 416.368
1873/05 2024 06 18 08 48 07.728 2720.786 -5209.418 3398.781 3.253240173765 4.718470064955 4.627369569520 416.383
1873/05 2024 06 18 08 48 08.728 2724.038 -5204.697 3403.406 3.250476942289 4.724598173554 4.623026688886 416.397
1873/05 2024 06 18 08 48 09.728 2727.287 -5199.969 3408.027 3.247710499734 4.730720664403 4.618677925888 416.411
1873/05 2024 06 18 08 48 10.728 2730.533 -5195.235 3412.643 3.244940848841 4.736837530228 4.614323286156 416.426
1873/05 2024 06 18 08 48 11.728 2733.777 -5190.496 3417.256 3.242167992356 4.742948763763 4.609962775321 416.440
1873/05 2024 06 18 08 48 12.728 2737.018 -5185.750 3421.863 3.239391933026 4.749054357750 4.605596399027 416.455
1873/05 2024 06 18 08 48 13.728 2740.256 -5180.997 3426.467 3.236612673602 4.755154304938 4.601224162921 416.469
1873/05 2024 06 18 08 48 14.728 2743.491 -5176.239 3431.066 3.233830216838 4.761248598081 4.596846072661 416.484
1873/05 2024 06 18 08 48 15.728 2746.723 -5171.475 3435.660 3.231044565491 4.767337229941 4.592462133910 416.498
1873/05 2024 06 18 08 48 16.728 2749.953 -5166.705 3440.251 3.228255722320 4.773420193289 4.588072352339 416.512
1873/05 2024 06 18 08 48 17.728 2753.180 -5161.928 3444.837 3.225463690087 4.779497480901 4.583676733626 416.527
1873/05 2024 06 18 08 48 18.728 2756.404 -5157.146 3449.418 3.222668471559 4.785569085560 4.579275283459 416.542
1873/05 2024 06 18 08 48 19.728 2759.625 -5152.357 3453.995 3.219870069504 4.791635000058 4.574868007531 416.556
1873/05 2024 06 18 08 48 20.728 2762.844 -5147.562 3458.568 3.217068486693 4.797695217192 4.570454911542 416.571
1873/05 2024 06 18 08 48 21.728 2766.059 -5142.762 3463.136 3.214263725900 4.803749729767 4.566036001200 416.585
1873/05 2024 06 18 08 48 22.728 2769.272 -5137.955 3467.700 3.211455789903 4.809798530595 4.561611282222 416.600
1873/05 2024 06 18 08 48 23.728 2772.482 -5133.142 3472.259 3.208644681482 4.815841612495 4.557180760331 416.614
1873/05 2024 06 18 08 48 24.728 2775.690 -5128.323 3476.814 3.205830403420 4.821878968295 4.552744441256 416.629
1873/05 2024 06 18 08 48 25.728 2778.894 -5123.498 3481.365 3.203012958502 4.827910590827 4.548302330736 416.644
1873/05 2024 06 18 08 48 26.728 2782.096 -5118.667 3485.911 3.200192349519 4.833936472933 4.543854434515 416.658
1873/05 2024 06 18 08 48 27.728 2785.294 -5113.830 3490.452 3.197368579261 4.839956607459 4.539400758347 416.673
1873/05 2024 06 18 08 48 28.728 2788.490 -5108.987 3494.990 3.194541650524 4.845970987262 4.534941307990 416.688
1873/05 2024 06 18 08 48 29.728 2791.683 -5104.138 3499.522 3.191711566104 4.851979605204 4.530476089212 416.702
1873/05 2024 06 18 08 48 30.728 2794.874 -5099.283 3504.051 3.188878328803 4.857982454154 4.526005107787 416.717
1873/05 2024 06 18 08 48 31.728 2798.061 -5094.422 3508.574 3.186041941424 4.863979526989 4.521528369498 416.732
1873/05 2024 06 18 08 48 32.728 2801.246 -5089.555 3513.094 3.183202406773 4.869970816592 4.517045880133 416.746
1873/05 2024 06 18 08 48 33.728 2804.428 -5084.683 3517.608 3.180359727659 4.875956315856 4.512557645487 416.761
1873/05 2024 06 18 08 48 34.728 2807.607 -5079.804 3522.119 3.177513906895 4.881936017679 4.508063671366 416.776
1873/05 2024 06 18 08 48 35.728 2810.783 -5074.919 3526.625 3.174664947295 4.887909914965 4.503563963580 416.791
1873/05 2024 06 18 08 48 36.728 2813.956 -5070.028 3531.126 3.171812851678 4.893878000629 4.499058527946 416.805
1873/05 2024 06 18 08 48 37.728 2817.126 -5065.131 3535.623 3.168957622864 4.899840267590 4.494547370291 416.820
1873/05 2024 06 18 08 48 38.728 2820.294 -5060.228 3540.115 3.166099263676 4.905796708775 4.490030496446 416.835
1873/05 2024 06 18 08 48 39.728 2823.458 -5055.319 3544.603 3.163237776942 4.911747317121 4.485507912252 416.850
1873/05 2024 06 18 08 48 40.728 2826.620 -5050.405 3549.086 3.160373165490 4.917692085568 4.480979623556 416.864
1873/05 2024 06 18 08 48 41.728 2829.779 -5045.484 3553.565 3.157505432153 4.923631007066 4.476445636211 416.879
1873/05 2024 06 18 08 48 42.728 2832.935 -5040.557 3558.039 3.154634579766 4.929564074572 4.471905956081 416.894
1873/05 2024 06 18 08 48 43.728 2836.088 -5035.625 3562.508 3.151760611166 4.935491281050 4.467360589032 416.909
1873/05 2024 06 18 08 48 44.728 2839.239 -5030.686 3566.974 3.148883529195 4.941412619471 4.462809540942 416.924
1873/05 2024 06 18 08 48 45.728 2842.386 -5025.742 3571.434 3.146003336696 4.947328082813 4.458252817693 416.939
1873/05 2024 06 18 08 48 46.728 2845.531 -5020.792 3575.890 3.143120036516 4.953237664064 4.453690425176 416.954
1873/05 2024 06 18 08 48 47.728 2848.672 -5015.835 3580.341 3.140233631503 4.959141356215 4.449122369287 416.969
1873/05 2024 06 18 08 48 48.728 2851.811 -5010.873 3584.788 3.137344124511 4.965039152269 4.444548655933 416.983
1873/05 2024 06 18 08 48 49.728 2854.947 -5005.905 3589.231 3.134451518395 4.970931045232 4.439969291023 416.998
1873/05 2024 06 18 08 48 50.728 2858.080 -5000.932 3593.668 3.131555816011 4.976817028121 4.435384280478 417.013
1873/05 2024 06 18 08 48 51.728 2861.210 -4995.952 3598.101 3.128657020221 4.982697093958 4.430793630223 417.028
1873/05 2024 06 18 08 48 52.728 2864.337 -4990.966 3602.530 3.125755133888 4.988571235775 4.426197346191 417.043
1873/05 2024 06 18 08 48 53.728 2867.462 -4985.975 3606.954 3.122850159879 4.994439446607 4.421595434323 417.058
1873/05 2024 06 18 08 48 54.728 2870.583 -4980.977 3611.373 3.119942101063 5.000301719501 4.416987900566 417.073
1873/05 2024 06 18 08 48 55.728 2873.702 -4975.974 3615.788 3.117030960312 5.006158047510 4.412374750875 417.088
1873/05 2024 06 18 08 48 56.728 2876.817 -4970.965 3620.198 3.114116740500 5.012008423692 4.407755991211 417.103
1873/05 2024 06 18 08 48 57.728 2879.930 -4965.950 3624.603 3.111199444505 5.017852841115 4.403131627542 417.118
1873/05 2024 06 18 08 48 58.728 2883.040 -4960.929 3629.004 3.108279075209 5.023691292855 4.398501665845 417.133
1873/05 2024 06 18 08 48 59.728 2886.146 -4955.903 3633.400 3.105355635493 5.029523771994 4.393866112103 417.148
1873/05 2024 06 18 08 49 00.728 2889.250 -4950.870 3637.792 3.102429128244 5.035350271621 4.389224972304 417.163
1873/05 2024 06 18 08 49 01.728 2892.351 -4945.832 3642.179 3.099499556351 5.041170784834 4.384578252447 417.178
1873/05 2024 06 18 08 49 02.728 2895.449 -4940.788 3646.561 3.096566922706 5.046985304737 4.379925958534 417.193
1873/05 2024 06 18 08 49 03.728 2898.544 -4935.738 3650.939 3.093631230202 5.052793824443 4.375268096577 417.208
1873/05 2024 06 18 08 49 04.728 2901.637 -4930.682 3655.311 3.090692481738 5.058596337071 4.370604672595 417.224
1873/05 2024 06 18 08 49 05.728 2904.726 -4925.621 3659.680 3.087750680213 5.064392835749 4.365935692611 417.239
1873/05 2024 06 18 08 49 06.728 2907.812 -4920.553 3664.043 3.084805828530 5.070183313612 4.361261162658 417.254
1873/05 2024 06 18 08 49 07.728 2910.895 -4915.480 3668.402 3.081857929595 5.075967763801 4.356581088775 417.269
1873/05 2024 06 18 08 49 08.728 2913.976 -4910.402 3672.756 3.078906986315 5.081746179467 4.351895477007 417.284
1873/05 2024 06 18 08 49 09.728 2917.053 -4905.317 3677.106 3.075953001603 5.087518553766 4.347204333409 417.299
1873/05 2024 06 18 08 49 10.728 2920.128 -4900.227 3681.451 3.072995978371 5.093284879865 4.342507664039 417.314
1873/05 2024 06 18 08 49 11.728 2923.199 -4895.130 3685.791 3.070035919537 5.099045150935 4.337805474965 417.329
1873/05 2024 06 18 08 49 12.728 2926.268 -4890.028 3690.126 3.067072828021 5.104799360156 4.333097772260 417.345
1873/05 2024 06 18 08 49 13.728 2929.333 -4884.921 3694.457 3.064106706743 5.110547500716 4.328384562005 417.360
1873/05 2024 06 18 08 49 14.728 2932.396 -4879.807 3698.783 3.061137558630 5.116289565810 4.323665850287 417.375
1873/05 2024 06 18 08 49 15.728 2935.456 -4874.688 3703.105 3.058165386609 5.122025548641 4.318941643203 417.390
1873/05 2024 06 18 08 49 16.728 2938.512 -4869.563 3707.421 3.055190193611 5.127755442420 4.314211946852 417.405
1873/05 2024 06 18 08 49 17.728 2941.566 -4864.433 3711.733 3.052211982568 5.133479240364 4.309476767343 417.421
1873/05 2024 06 18 08 49 18.728 2944.617 -4859.296 3716.040 3.049230756416 5.139196935698 4.304736110792 417.436
1873/05 2024 06 18 08 49 19.728 2947.665 -4854.154 3720.342 3.046246518095 5.144908521657 4.299989983321 417.451
1873/05 2024 06 18 08 49 20.728 2950.709 -4849.007 3724.640 3.043259270546 5.150613991481 4.295238391059 417.466
1873/05 2024 06 18 08 49 21.728 2953.751 -4843.853 3728.933 3.040269016713 5.156313338418 4.290481340142 417.482
1873/05 2024 06 18 08 49 22.728 2956.790 -4838.694 3733.221 3.037275759542 5.162006555725 4.285718836712 417.497
1873/05 2024 06 18 08 49 23.728 2959.826 -4833.529 3737.504 3.034279501984 5.167693636666 4.280950886919 417.512
1873/05 2024 06 18 08 49 24.728 2962.858 -4828.359 3741.783 3.031280246991 5.173374574511 4.276177496920 417.528
1873/05 2024 06 18 08 49 25.728 2965.888 -4823.182 3746.057 3.028277997517 5.179049362540 4.271398672879 417.543
1873/05 2024 06 18 08 49 26.728 2968.915 -4818.000 3750.326 3.025272756521 5.184717994040 4.266614420964 417.558
1873/05 2024 06 18 08 49 27.728 2971.939 -4812.813 3754.590 3.022264526964 5.190380462305 4.261824747354 417.573
1873/05 2024 06 18 08 49 28.728 2974.959 -4807.620 3758.849 3.019253311807 5.196036760637 4.257029658232 417.589
1873/05 2024 06 18 08 49 29.728 2977.977 -4802.421 3763.104 3.016239114018 5.201686882347 4.252229159788 417.604
1873/05 2024 06 18 08 49 30.728 2980.992 -4797.216 3767.354 3.013221936565 5.207330820751 4.247423258219 417.619
1873/05 2024 06 18 08 49 31.728 2984.004 -4792.006 3771.599 3.010201782419 5.212968569176 4.242611959731 417.635
1873/05 2024 06 18 08 49 32.728 2987.012 -4786.790 3775.839 3.007178654554 5.218600120954 4.237795270534 417.650
1873/05 2024 06 18 08 49 33.728 2990.018 -4781.569 3780.074 3.004152555947 5.224225469426 4.232973196844 417.666
1873/05 2024 06 18 08 49 34.728 2993.021 -4776.342 3784.305 3.001123489578 5.229844607940 4.228145744888 417.681
1873/05 2024 06 18 08 49 35.728 2996.020 -4771.109 3788.531 2.998091458427 5.235457529853 4.223312920896 417.696
1873/05 2024 06 18 08 49 36.728 2999.017 -4765.871 3792.752 2.995056465481 5.241064228528 4.218474731105 417.712
1873/05 2024 06 18 08 49 37.728 3002.010 -4760.627 3796.968 2.992018513727 5.246664697338 4.213631181760 417.727
1873/05 2024 06 18 08 49 38.728 3005.001 -4755.378 3801.179 2.988977606155 5.252258929661 4.208782279113 417.743
1873/05 2024 06 18 08 49 39.728 3007.988 -4750.123 3805.385 2.985933745757 5.257846918886 4.203928029422 417.758
1873/05 2024 06 18 08 49 40.728 3010.973 -4744.862 3809.587 2.982886935529 5.263428658407 4.199068438951 417.773
1873/05 2024 06 18 08 49 41.728 3013.954 -4739.596 3813.783 2.979837178469 5.269004141627 4.194203513971 417.789
1873/05 2024 06 18 08 49 42.728 3016.932 -4734.324 3817.975 2.976784477578 5.274573361956 4.189333260761 417.804
1873/05 2024 06 18 08 49 43.728 3019.908 -4729.047 3822.162 2.973728835859 5.280136312814 4.184457685605 417.820
1873/05 2024 06 18 08 49 44.728 3022.880 -4723.764 3826.344 2.970670256320 5.285692987626 4.179576794795 417.835
1873/05 2024 06 18 08 49 45.728 3025.849 -4718.475 3830.521 2.967608741967 5.291243379826 4.174690594628 417.851
1873/05 2024 06 18 08 49 46.728 3028.815 -4713.181 3834.693 2.964544295813 5.296787482857 4.169799091410 417.866
1873/05 2024 06 18 08 49 47.728 3031.778 -4707.882 3838.861 2.961476920872 5.302325290168 4.164902291451 417.882
1873/05 2024 06 18 08 49 48.728 3034.738 -4702.577 3843.023 2.958406620160 5.307856795217 4.160000201070 417.897
1873/05 2024 06 18 08 49 49.728 3037.695 -4697.266 3847.181 2.955333396698 5.313381991469 4.155092826590 417.913
1873/05 2024 06 18 08 49 50.728 3040.649 -4691.950 3851.333 2.952257253506 5.318900872398 4.150180174344 417.928
1873/05 2024 06 18 08 49 51.728 3043.599 -4686.628 3855.481 2.949178193609 5.324413431484 4.145262250668 417.944
1873/05 2024 06 18 08 49 52.728 3046.547 -4681.301 3859.624 2.946096220035 5.329919662217 4.140339061907 417.959
1873/05 2024 06 18 08 49 53.728 3049.492 -4675.968 3863.762 2.943011335814 5.335419558093 4.135410614412 417.975
1873/05 2024 06 18 08 49 54.728 3052.433 -4670.630 3867.895 2.939923543977 5.340913112617 4.130476914540 417.990
1873/05 2024 06 18 08 49 55.728 3055.371 -4665.286 3872.023 2.936832847561 5.346400319303 4.125537968655 418.006
1873/05 2024 06 18 08 49 56.728 3058.307 -4659.937 3876.146 2.933739249602 5.351881171670 4.120593783128 418.021
1873/05 2024 06 18 08 49 57.728 3061.239 -4654.583 3880.264 2.930642753142 5.357355663247 4.115644364335 418.037
1873/05 2024 06 18 08 49 58.728 3064.168 -4649.223 3884.377 2.927543361223 5.362823787571 4.110689718661 418.053
1873/05 2024 06 18 08 49 59.728 3067.094 -4643.857 3888.485 2.924441076890 5.368285538185 4.105729852495 418.068
1873/05 2024 06 18 08 50 00.728 3070.017 -4638.486 3892.589 2.921335903193 5.373740908642 4.100764772233 418.084
1873/05 2024 06 18 08 50 01.728 3072.937 -4633.110 3896.687 2.918227843181 5.379189892502 4.095794484280 418.099
1873/05 2024 06 18 08 50 02.728 3075.853 -4627.728 3900.780 2.915116899907 5.384632483334 4.090818995044 418.115
1873/05 2024 06 18 08 50 03.728 3078.767 -4622.340 3904.869 2.912003076429 5.390068674713 4.085838310942 418.130
1873/05 2024 06 18 08 50 04.728 3081.677 -4616.948 3908.952 2.908886375804 5.395498460223 4.080852438396 418.146
1873/05 2024 06 18 08 50 05.728 3084.585 -4611.549 3913.030 2.905766801093 5.400921833456 4.075861383835 418.162
1873/05 2024 06 18 08 50 06.728 3087.489 -4606.146 3917.104 2.902644355361 5.406338788012 4.070865153695 418.177
1873/05 2024 06 18 08 50 07.728 3090.390 -4600.737 3921.172 2.899519041673 5.411749317499 4.065863754417 418.193
1873/05 2024 06 18 08 50 08.728 3093.288 -4595.322 3925.235 2.896390863098 5.417153415534 4.060857192450 418.209
1873/05 2024 06 18 08 50 09.728 3096.183 -4589.902 3929.294 2.893259822708 5.422551075739 4.055845474248 418.224
1873/05 2024 06 18 08 50 10.728 3099.074 -4584.477 3933.347 2.890125923577 5.427942291746 4.050828606273 418.240
1873/05 2024 06 18 08 50 11.728 3101.963 -4579.046 3937.395 2.886989168780 5.433327057196 4.045806594993 418.256
1873/05 2024 06 18 08 50 12.728 3104.848 -4573.610 3941.439 2.883849561399 5.438705365737 4.040779446880 418.271
1873/05 2024 06 18 08 50 13.728 3107.731 -4568.169 3945.477 2.880707104513 5.444077211023 4.035747168416 418.287
1873/05 2024 06 18 08 50 14.728 3110.610 -4562.722 3949.510 2.877561801207 5.449442586720 4.030709766087 418.303
1873/05 2024 06 18 08 50 15.728 3113.486 -4557.270 3953.538 2.874413654569 5.454801486499 4.025667246387 418.318
1873/05 2024 06 18 08 50 16.728 3116.359 -4551.813 3957.561 2.871262667687 5.460153904039 4.020619615814 418.334
1873/05 2024 06 18 08 50 17.728 3119.228 -4546.350 3961.580 2.868108843653 5.465499833030 4.015566880875 418.350
1873/05 2024 06 18 08 50 18.728 3122.095 -4540.882 3965.593 2.864952185561 5.470839267167 4.010509048081 418.365
1873/05 2024 06 18 08 50 19.728 3124.958 -4535.408 3969.601 2.861792696509 5.476172200154 4.005446123952 418.381
1873/05 2024 06 18 08 50 20.728 3127.818 -4529.929 3973.603 2.858630379597 5.481498625703 4.000378115012 418.397
1873/05 2024 06 18 08 50 21.728 3130.675 -4524.445 3977.601 2.855465237925 5.486818537535 3.995305027792 418.412
1873/05 2024 06 18 08 50 22.728 3133.529 -4518.956 3981.594 2.852297274599 5.492131929377 3.990226868830 418.428
1873/05 2024 06 18 08 50 23.728 3136.380 -4513.461 3985.582 2.849126492726 5.497438794967 3.985143644669 418.444
1873/05 2024 06 18 08 50 24.728 3139.228 -4507.961 3989.564 2.845952895415 5.502739128048 3.980055361859 418.460
1873/05 2024 06 18 08 50 25.728 3142.072 -4502.455 3993.542 2.842776485778 5.508032922374 3.974962026956 418.475
1873/05 2024 06 18 08 50 26.728 3144.913 -4496.945 3997.514 2.839597266931 5.513320171704 3.969863646524 418.491
1873/05 2024 06 18 08 50 27.728 3147.751 -4491.429 4001.482 2.836415241989 5.518600869808 3.964760227131 418.507
1873/05 2024 06 18 08 50 28.728 3150.586 -4485.908 4005.444 2.833230414074 5.523875010462 3.959651775351 418.523
1873/05 2024 06 18 08 50 29.728 3153.418 -4480.381 4009.401 2.830042786306 5.529142587452 3.954538297767 418.538
1873/05 2024 06 18 08 50 30.728 3156.246 -4474.849 4013.353 2.826852361811 5.534403594570 3.949419800966 418.554
1873/05 2024 06 18 08 50 31.728 3159.071 -4469.312 4017.300 2.823659143716 5.539658025618 3.944296291541 418.570
1873/05 2024 06 18 08 50 32.728 3161.893 -4463.770 4021.241 2.820463135151 5.544905874405 3.939167776093 418.586
1873/05 2024 06 18 08 50 33.728 3164.712 -4458.222 4025.178 2.817264339247 5.550147134748 3.934034261227 418.601
1873/05 2024 06 18 08 50 34.728 3167.528 -4452.670 4029.110 2.814062759139 5.555381800474 3.928895753556 418.617
1873/05 2024 06 18 08 50 35.728 3170.340 -4447.112 4033.036 2.810858397965 5.560609865416 3.923752259699 418.633
1873/05 2024 06 18 08 50 36.728 3173.150 -4441.548 4036.957 2.807651258863 5.565831323416 3.918603786280 418.649
1873/05 2024 06 18 08 50 37.728 3175.956 -4435.980 4040.873 2.804441344977 5.571046168324 3.913450339930 418.665
1873/05 2024 06 18 08 50 38.728 3178.759 -4430.406 4044.784 2.801228659450 5.576254393999 3.908291927286 418.680
1873/05 2024 06 18 08 50 39.728 3181.558 -4424.828 4048.690 2.798013205430 5.581455994307 3.903128554991 418.696
1873/05 2024 06 18 08 50 40.728 3184.355 -4419.243 4052.590 2.794794986067 5.586650963122 3.897960229695 418.712
1873/05 2024 06 18 08 50 41.728 3187.148 -4413.654 4056.486 2.791574004511 5.591839294328 3.892786958053 418.728
1873/05 2024 06 18 08 50 42.728 3189.938 -4408.060 4060.376 2.788350263918 5.597020981815 3.887608746727 418.744
1873/05 2024 06 18 08 50 43.728 3192.724 -4402.460 4064.261 2.785123767444 5.602196019483 3.882425602384 418.759
1873/05 2024 06 18 08 50 44.728 3195.508 -4396.855 4068.141 2.781894518250 5.607364401240 3.877237531699 418.775
1873/05 2024 06 18 08 50 45.728 3198.288 -4391.245 4072.015 2.778662519496 5.612526121001 3.872044541350 418.791
1873/05 2024 06 18 08 50 46.728 3201.065 -4385.630 4075.885 2.775427774347 5.617681172689 3.866846638024 418.807
1873/05 2024 06 18 08 50 47.728 3203.839 -4380.010 4079.749 2.772190285969 5.622829550238 3.861643828413 418.823
1873/05 2024 06 18 08 50 48.728 3206.610 -4374.385 4083.608 2.768950057533 5.627971247587 3.856436119216 418.839
1873/05 2024 06 18 08 50 49.728 3209.377 -4368.754 4087.462 2.765707092209 5.633106258685 3.851223517135 418.854
1873/05 2024 06 18 08 50 50.728 3212.141 -4363.119 4091.310 2.762461393171 5.638234577489 3.846006028882 418.870
1873/05 2024 06 18 08 50 51.728 3214.902 -4357.478 4095.154 2.759212963596 5.643356197964 3.840783661173 418.886
1873/05 2024 06 18 08 50 52.728 3217.660 -4351.832 4098.992 2.755961806663 5.648471114084 3.835556420729 418.902
1873/05 2024 06 18 08 50 53.728 3220.414 -4346.181 4102.825 2.752707925554 5.653579319830 3.830324314280 418.918
1873/05 2024 06 18 08 50 54.728 3223.165 -4340.525 4106.653 2.749451323451 5.658680809191 3.825087348559 418.934
1873/05 2024 06 18 08 50 55.728 3225.913 -4334.863 4110.475 2.746192003541 5.663775576167 3.819845530308 418.949
1873/05 2024 06 18 08 50 56.728 3228.657 -4329.197 4114.292 2.742929969013 5.668863614764 3.814598866271 418.965
1873/05 2024 06 18 08 50 57.728 3231.399 -4323.526 4118.104 2.739665223058 5.673944918995 3.809347363202 418.981
1873/05 2024 06 18 08 50 58.728 3234.137 -4317.849 4121.911 2.736397768868 5.679019482886 3.804091027858 418.997
1873/05 2024 06 18 08 50 59.728 3236.871 -4312.168 4125.712 2.733127609641 5.684087300466 3.798829867004 419.013
1873/05 2024 06 18 08 51 00.728 3239.603 -4306.481 4129.509 2.729854748574 5.689148365775 3.793563887411 419.029
1873/05 2024 06 18 08 51 01.728 3242.331 -4300.789 4133.300 2.726579188868 5.694202672862 3.788293095853 419.045
1873/05 2024 06 18 08 51 02.728 3245.056 -4295.093 4137.085 2.723300933727 5.699250215782 3.783017499114 419.061
1873/05 2024 06 18 08 51 03.728 3247.778 -4289.391 4140.866 2.720019986354 5.704290988601 3.777737103981 419.076
1873/05 2024 06 18 08 51 04.728 3250.496 -4283.684 4144.641 2.716736349959 5.709324985390 3.772451917248 419.092
1873/05 2024 06 18 08 51 05.728 3253.211 -4277.972 4148.411 2.713450027751 5.714352200233 3.767161945715 419.108
1873/05 2024 06 18 08 51 06.728 3255.923 -4272.255 4152.175 2.710161022944 5.719372627217 3.761867196187 419.124
1873/05 2024 06 18 08 51 07.728 3258.631 -4266.533 4155.934 2.706869338752 5.724386260441 3.756567675477 419.140
1873/05 2024 06 18 08 51 08.728 3261.337 -4260.807 4159.688 2.703574978392 5.729393094011 3.751263390402 419.156
1873/05 2024 06 18 08 51 09.728 3264.039 -4255.075 4163.437 2.700277945085 5.734393122043 3.745954347784 419.172
1873/05 2024 06 18 08 51 10.728 3266.737 -4249.338 4167.180 2.696978242052 5.739386338658 3.740640554454 419.188
1873/05 2024 06 18 08 51 11.728 3269.433 -4243.596 4170.918 2.693675872519 5.744372737989 3.735322017246 419.204
1873/05 2024 06 18 08 51 12.728 3272.125 -4237.849 4174.651 2.690370839711 5.749352314174 3.729998743002 419.219
1873/05 2024 06 18 08 51 13.728 3274.813 -4232.097 4178.378 2.687063146859 5.754325061363 3.724670738568 419.235
1873/05 2024 06 18 08 51 14.728 3277.499 -4226.340 4182.100 2.683752797194 5.759290973712 3.719338010796 419.251
1873/05 2024 06 18 08 51 15.728 3280.181 -4220.579 4185.817 2.680439793950 5.764250045386 3.714000566546 419.267
1873/05 2024 06 18 08 51 16.728 3282.860 -4214.812 4189.528 2.677124140363 5.769202270557 3.708658412681 419.283
1873/05 2024 06 18 08 51 17.728 3285.535 -4209.040 4193.234 2.673805839672 5.774147643408 3.703311556071 419.299
1873/05 2024 06 18 08 51 18.728 3288.207 -4203.264 4196.935 2.670484895118 5.779086158129 3.697960003593 419.315
1873/05 2024 06 18 08 51 19.728 3290.876 -4197.482 4200.630 2.667161309944 5.784017808919 3.692603762127 419.331
1873/05 2024 06 18 08 51 20.728 3293.542 -4191.696 4204.320 2.663835087397 5.788942589984 3.687242838562 419.347
1873/05 2024 06 18 08 51 21.728 3296.204 -4185.904 4208.004 2.660506230725 5.793860495539 3.681877239790 419.363
1873/05 2024 06 18 08 51 22.728 3298.863 -4180.108 4211.684 2.657174743177 5.798771519809 3.676506972710 419.379
1873/05 2024 06 18 08 51 23.728 3301.518 -4174.307 4215.357 2.653840628007 5.803675657026 3.671132044227 419.394
1873/05 2024 06 18 08 51 24.728 3304.170 -4168.501 4219.026 2.650503888470 5.808572901431 3.665752461252 419.410
1873/05 2024 06 18 08 51 25.728 3306.819 -4162.689 4222.689 2.647164527823 5.813463247272 3.660368230700 419.426
1873/05 2024 06 18 08 51 26.728 3309.465 -4156.874 4226.347 2.643822549326 5.818346688808 3.654979359493 419.442
1873/05 2024 06 18 08 51 27.728 3312.107 -4151.053 4229.999 2.640477956241 5.823223220304 3.649585854560 419.458
1873/05 2024 06 18 08 51 28.728 3314.746 -4145.227 4233.646 2.637130751833 5.828092836035 3.644187722832 419.474
1873/05 2024 06 18 08 51 29.728 3317.381 -4139.397 4237.287 2.633780939368 5.832955530283 3.638784971249 419.490
1873/05 2024 06 18 08 51 30.728 3320.013 -4133.561 4240.923 2.630428522116 5.837811297341 3.633377606756 419.506
1873/05 2024 06 18 08 51 31.728 3322.642 -4127.721 4244.554 2.627073503348 5.842660131509 3.627965636304 419.522
1873/05 2024 06 18 08 51 32.728 3325.267 -4121.876 4248.179 2.623715886337 5.847502027094 3.622549066847 419.538
1873/05 2024 06 18 08 51 33.728 3327.889 -4116.026 4251.799 2.620355674360 5.852336978414 3.617127905348 419.554
1873/05 2024 06 18 08 51 34.728 3330.508 -4110.171 4255.414 2.616992870694 5.857164979794 3.611702158774 419.570
1873/05 2024 06 18 08 51 35.728 3333.123 -4104.312 4259.023 2.613627478622 5.861986025568 3.606271834097 419.586
1873/05 2024 06 18 08 51 36.728 3335.735 -4098.447 4262.626 2.610259501425 5.866800110079 3.600836938298 419.601
1873/05 2024 06 18 08 51 37.728 3338.344 -4092.578 4266.224 2.606888942388 5.871607227677 3.595397478358 419.617
1873/05 2024 06 18 08 51 38.728 3340.949 -4086.704 4269.817 2.603515804800 5.876407372722 3.589953461270 419.633
1873/05 2024 06 18 08 51 39.728 3343.551 -4080.825 4273.404 2.600140091950 5.881200539582 3.584504894027 419.649
1873/05 2024 06 18 08 51 40.728 3346.149 -4074.942 4276.986 2.596761807130 5.885986722634 3.579051783631 419.665
1873/05 2024 06 18 08 51 41.728 3348.744 -4069.053 4280.562 2.593380953635 5.890765916263 3.573594137088 419.681
1873/05 2024 06 18 08 51 42.728 3351.336 -4063.160 4284.133 2.589997534761 5.895538114861 3.568131961411 419.697
1873/05 2024 06 18 08 51 43.728 3353.924 -4057.262 4287.698 2.586611553808 5.900303312833 3.562665263618 419.713
1873/05 2024 06 18 08 51 44.728 3356.509 -4051.360 4291.258 2.583223014075 5.905061504587 3.557194050731 419.729
1873/05 2024 06 18 08 51 45.728 3359.091 -4045.452 4294.813 2.579831918868 5.909812684544 3.551718329780 419.745
1873/05 2024 06 18 08 51 46.728 3361.669 -4039.540 4298.362 2.576438271492 5.914556847131 3.546238107798 419.761
1873/05 2024 06 18 08 51 47.728 3364.244 -4033.623 4301.905 2.573042075254 5.919293986785 3.540753391826 419.777
1873/05 2024 06 18 08 51 48.728 3366.815 -4027.701 4305.443 2.569643333466 5.924024097951 3.535264188910 419.793
1873/05 2024 06 18 08 51 49.728 3369.383 -4021.775 4308.976 2.566242049439 5.928747175083 3.529770506100 419.809
1873/05 2024 06 18 08 51 50.728 3371.947 -4015.844 4312.503 2.562838226489 5.933463212641 3.524272350452 419.824
1873/05 2024 06 18 08 51 51.728 3374.509 -4009.908 4316.024 2.559431867933 5.938172205099 3.518769729029 419.840
1873/05 2024 06 18 08 51 52.728 3377.066 -4003.967 4319.540 2.556022977089 5.942874146934 3.513262648898 419.856
1873/05 2024 06 18 08 51 53.728 3379.621 -3998.022 4323.051 2.552611557281 5.947569032634 3.507751117132 419.872
1873/05 2024 06 18 08 51 54.728 3382.172 -3992.072 4326.556 2.549197611831 5.952256856697 3.502235140810 419.888
1873/05 2024 06 18 08 51 55.728 3384.719 -3986.118 4330.055 2.545781144065 5.956937613627 3.496714727015 419.904
1873/05 2024 06 18 08 51 56.728 3387.263 -3980.158 4333.549 2.542362157313 5.961611297939 3.491189882836 419.920
1873/05 2024 06 18 08 51 57.728 3389.804 -3974.195 4337.038 2.538940654904 5.966277904154 3.485660615369 419.936
1873/05 2024 06 18 08 51 58.728 3392.341 -3968.226 4340.521 2.535516640172 5.970937426804 3.480126931714 419.952
1873/05 2024 06 18 08 51 59.728 3394.875 -3962.253 4343.998 2.532090116451 5.975589860428 3.474588838976 419.968
1873/05 2024 06 18 08 52 00.728 3397.405 -3956.275 4347.470 2.528661087079 5.980235199576 3.469046344266 419.984
1873/05 2024 06 18 08 52 01.728 3399.932 -3950.292 4350.936 2.525229555395 5.984873438803 3.463499454701 420.000
1873/05 2024 06 18 08 52 02.728 3402.456 -3944.305 4354.397 2.521795524742 5.989504572676 3.457948177402 420.016
1873/05 2024 06 18 08 52 03.728 3404.976 -3938.313 4357.852 2.518358998463 5.994128595768 3.452392519497 420.031
1873/05 2024 06 18 08 52 04.728 3407.492 -3932.317 4361.302 2.514919979904 5.998745502664 3.446832488119 420.047
1873/05 2024 06 18 08 52 05.728 3410.006 -3926.316 4364.746 2.511478472414 6.003355287954 3.441268090405 420.063
1873/05 2024 06 18 08 52 06.728 3412.515 -3920.310 4368.184 2.508034479343 6.007957946239 3.435699333499 420.079
1873/05 2024 06 18 08 52 07.728 3415.022 -3914.300 4371.617 2.504588004045 6.012553472127 3.430126224549 420.095
1873/05 2024 06 18 08 52 08.728 3417.524 -3908.285 4375.044 2.501139049874 6.017141860237 3.424548770710 420.111
1873/05 2024 06 18 08 52 09.728 3420.024 -3902.265 4378.466 2.497687620187 6.021723105195 3.418966979141 420.127
1873/05 2024 06 18 08 52 10.728 3422.520 -3896.241 4381.882 2.494233718345 6.026297201636 3.413380857007 420.143
1873/05 2024 06 18 08 52 11.728 3425.012 -3890.213 4385.293 2.490777347709 6.030864144204 3.407790411477 420.159
1873/05 2024 06 18 08 52 12.728 3427.501 -3884.180 4388.698 2.487318511642 6.035423927551 3.402195649728 420.175
1873/05 2024 06 18 08 52 13.728 3429.987 -3878.142 4392.097 2.483857213512 6.039976546338 3.396596578939 420.190
1873/05 2024 06 18 08 52 14.728 3432.469 -3872.100 4395.491 2.480393456685 6.044521995236 3.390993206297 420.206
1873/05 2024 06 18 08 52 15.728 3434.948 -3866.053 4398.879 2.476927244534 6.049060268923 3.385385538993 420.222
1873/05 2024 06 18 08 52 16.728 3437.423 -3860.002 4402.262 2.473458580429 6.053591362087 3.379773584224 420.238
1873/05 2024 06 18 08 52 17.728 3439.895 -3853.946 4405.639 2.469987467747 6.058115269423 3.374157349191 420.254
1873/05 2024 06 18 08 52 18.728 3442.363 -3847.885 4409.010 2.466513909864 6.062631985636 3.368536841101 420.270
1873/05 2024 06 18 08 52 19.728 3444.828 -3841.821 4412.376 2.463037910159 6.067141505441 3.362912067167 420.286
1873/05 2024 06 18 08 52 20.728 3447.289 -3835.751 4415.736 2.459559472014 6.071643823559 3.357283034606 420.302
1873/05 2024 06 18 08 52 21.728 3449.747 -3829.677 4419.091 2.456078598813 6.076138934721 3.351649750641 420.318
1873/05 2024 06 18 08 52 22.728 3452.201 -3823.599 4422.439 2.452595293940 6.080626833668 3.346012222499 420.333
1873/05 2024 06 18 08 52 23.728 3454.652 -3817.516 4425.783 2.449109560785 6.085107515149 3.340370457415 420.349
1873/05 2024 06 18 08 52 24.728 3457.099 -3811.429 4429.120 2.445621402737 6.089580973919 3.334724462626 420.365
1873/05 2024 06 18 08 52 25.728 3459.543 -3805.337 4432.452 2.442130823189 6.094047204747 3.329074245376 420.381
1873/05 2024 06 18 08 52 26.728 3461.984 -3799.241 4435.778 2.438637825534 6.098506202406 3.323419812914 420.397
1873/05 2024 06 18 08 52 27.728 3464.421 -3793.140 4439.099 2.435142413170 6.102957961681 3.317761172494 420.413
1873/05 2024 06 18 08 52 28.728 3466.854 -3787.035 4442.414 2.431644589495 6.107402477364 3.312098331375 420.429
1873/05 2024 06 18 08 52 29.728 3469.284 -3780.925 4445.723 2.428144357910 6.111839744257 3.306431296820 420.444
1873/05 2024 06 18 08 52 30.728 3471.710 -3774.811 4449.027 2.424641721819 6.116269757169 3.300760076101 420.460
1873/05 2024 06 18 08 52 31.728 3474.133 -3768.693 4452.325 2.421136684625 6.120692510920 3.295084676490 420.476
1873/05 2024 06 18 08 52 32.728 3476.553 -3762.570 4455.617 2.417629249738 6.125108000337 3.289405105268 420.492
1873/05 2024 06 18 08 52 33.728 3478.968 -3756.442 4458.903 2.414119420565 6.129516220258 3.283721369720 420.508
1873/05 2024 06 18 08 52 34.728 3481.381 -3750.311 4462.184 2.410607200520 6.133917165528 3.278033477136 420.524
1873/05 2024 06 18 08 52 35.728 3483.790 -3744.174 4465.459 2.407092593014 6.138310831000 3.272341434810 420.539
1873/05 2024 06 18 08 52 36.728 3486.195 -3738.034 4468.729 2.403575601466 6.142697211539 3.266645250043 420.555
1873/05 2024 06 18 08 52 37.728 3488.597 -3731.889 4471.993 2.400056229291 6.147076302016 3.260944930140 420.571
1873/05 2024 06 18 08 52 38.728 3490.995 -3725.740 4475.251 2.396534479912 6.151448097312 3.255240482411 420.587
1873/05 2024 06 18 08 52 39.728 3493.390 -3719.586 4478.503 2.393010356749 6.155812592317 3.249531914172 420.603
1873/05 2024 06 18 08 52 40.728 3495.781 -3713.428 4481.750 2.389483863228 6.160169781930 3.243819232742 420.619
1873/05 2024 06 18 08 52 41.728 3498.169 -3707.266 4484.991 2.385955002775 6.164519661057 3.238102445449 420.634
1873/05 2024 06 18 08 52 42.728 3500.553 -3701.099 4488.226 2.382423778818 6.168862224615 3.232381559621 420.650
1873/05 2024 06 18 08 52 43.728 3502.934 -3694.928 4491.456 2.378890194788 6.173197467529 3.226656582595 420.666
1873/05 2024 06 18 08 52 44.728 3505.311 -3688.753 4494.679 2.375354254119 6.177525384734 3.220927521712 420.682
1873/05 2024 06 18 08 52 45.728 3507.684 -3682.573 4497.897 2.371815960245 6.181845971173 3.215194384316 420.698
1873/05 2024 06 18 08 52 46.728 3510.054 -3676.389 4501.110 2.368275316603 6.186159221797 3.209457177758 420.713
1873/05 2024 06 18 08 52 47.728 3512.421 -3670.201 4504.316 2.364732326633 6.190465131566 3.203715909395 420.729
1873/05 2024 06 18 08 52 48.728 3514.784 -3664.008 4507.517 2.361186993776 6.194763695452 3.197970586586 420.745
1873/05 2024 06 18 08 52 49.728 3517.143 -3657.811 4510.712 2.357639321475 6.199054908432 3.192221216697 420.761
1873/05 2024 06 18 08 52 50.728 3519.499 -3651.610 4513.902 2.354089313175 6.203338765494 3.186467807099 420.776
1873/05 2024 06 18 08 52 51.728 3521.851 -3645.405 4517.085 2.350536972326 6.207615261634 3.180710365167 420.792
1873/05 2024 06 18 08 52 52.728 3524.200 -3639.195 4520.263 2.346982302375 6.211884391858 3.174948898282 420.808
1873/05 2024 06 18 08 52 53.728 3526.545 -3632.981 4523.435 2.343425306775 6.216146151179 3.169183413828 420.824
1873/05 2024 06 18 08 52 54.728 3528.887 -3626.763 4526.601 2.339865988980 6.220400534622 3.163413919197 420.839
1873/05 2024 06 18 08 52 55.728 3531.225 -3620.540 4529.762 2.336304352446 6.224647537219 3.157640421783 420.855
1873/05 2024 06 18 08 52 56.728 3533.560 -3614.313 4532.917 2.332740400631 6.228887154010 3.151862928988 420.871
1873/05 2024 06 18 08 52 57.728 3535.891 -3608.082 4536.066 2.329174136994 6.233119380046 3.146081448214 420.887
1873/05 2024 06 18 08 52 58.728 3538.218 -3601.847 4539.209 2.325605564999 6.237344210385 3.140295986874 420.902
1873/05 2024 06 18 08 52 59.728 3540.542 -3595.608 4542.346 2.322034688109 6.241561640096 3.134506552381 420.918
1873/05 2024 06 18 08 53 00.728 3542.862 -3589.364 4545.478 2.318461509791 6.245771664256 3.128713152155 420.934
1873/05 2024 06 18 08 53 01.728 3545.179 -3583.116 4548.604 2.314886033513 6.249974277951 3.122915793621 420.950
1873/05 2024 06 18 08 53 02.728 3547.492 -3576.864 4551.724 2.311308262746 6.254169476275 3.117114484209 420.965
1873/05 2024 06 18 08 53 03.728 3549.801 -3570.608 4554.838 2.307728200962 6.258357254333 3.111309231352 420.981
1873/05 2024 06 18 08 53 04.728 3552.107 -3564.347 4557.946 2.304145851635 6.262537607238 3.105500042490 420.997
1873/05 2024 06 18 08 53 05.728 3554.410 -3558.083 4561.049 2.300561218243 6.266710530112 3.099686925066 421.012
1873/05 2024 06 18 08 53 06.728 3556.708 -3551.814 4564.146 2.296974304265 6.270876018084 3.093869886530 421.028
1873/05 2024 06 18 08 53 07.728 3559.004 -3545.541 4567.237 2.293385113180 6.275034066297 3.088048934335 421.044
1873/05 2024 06 18 08 53 08.728 3561.295 -3539.264 4570.322 2.289793648472 6.279184669898 3.082224075940 421.059
1873/05 2024 06 18 08 53 09.728 3563.583 -3532.982 4573.401 2.286199913626 6.283327824045 3.076395318807 421.075
1873/05 2024 06 18 08 53 10.728 3565.868 -3526.697 4576.475 2.282603912128 6.287463523906 3.070562670405 421.091
1873/05 2024 06 18 08 53 11.728 3568.148 -3520.408 4579.542 2.279005647468 6.291591764657 3.064726138207 421.106
1873/05 2024 06 18 08 53 12.728 3570.426 -3514.114 4582.604 2.275405123136 6.295712541483 3.058885729689 421.122
1873/05 2024 06 18 08 53 13.728 3572.699 -3507.816 4585.660 2.271802342625 6.299825849577 3.053041452335 421.138
1873/05 2024 06 18 08 53 14.728 3574.969 -3501.514 4588.710 2.268197309432 6.303931684144 3.047193313632 421.153
1873/05 2024 06 18 08 53 15.728 3577.236 -3495.208 4591.754 2.264590027051 6.308030040395 3.041341321070 421.169
1873/05 2024 06 18 08 53 16.728 3579.498 -3488.898 4594.793 2.260980498984 6.312120913552 3.035485482147 421.185
1873/05 2024 06 18 08 53 17.728 3581.758 -3482.584 4597.825 2.257368728730 6.316204298846 3.029625804364 421.200
1873/05 2024 06 18 08 53 18.728 3584.013 -3476.266 4600.852 2.253754719793 6.320280191514 3.023762295227 421.216
1873/05 2024 06 18 08 53 19.728 3586.265 -3469.943 4603.873 2.250138475678 6.324348586808 3.017894962246 421.232
1873/05 2024 06 18 08 53 20.728 3588.513 -3463.617 4606.888 2.246519999893 6.328409479983 3.012023812937 421.247
1873/05 2024 06 18 08 53 21.728 3590.758 -3457.287 4609.897 2.242899295946 6.332462866306 3.006148854820 421.263
1873/05 2024 06 18 08 53 22.728 3592.999 -3450.952 4612.900 2.239276367349 6.336508741055 3.000270095419 421.278
1873/05 2024 06 18 08 53 23.728 3595.237 -3444.614 4615.897 2.235651217615 6.340547099512 2.994387542264 421.294
1873/05 2024 06 18 08 53 24.728 3597.471 -3438.271 4618.889 2.232023850259 6.344577936973 2.988501202890 421.309
1873/05 2024 06 18 08 53 25.728 3599.701 -3431.924 4621.874 2.228394268799 6.348601248741 2.982611084833 421.325
1873/05 2024 06 18 08 53 26.728 3601.927 -3425.574 4624.854 2.224762476753 6.352617030127 2.976717195639 421.341
1873/05 2024 06 18 08 53 27.728 3604.150 -3419.219 4627.828 2.221128477642 6.356625276454 2.970819542854 421.356
1873/05 2024 06 18 08 53 28.728 3606.370 -3412.861 4630.796 2.217492274991 6.360625983051 2.964918134032 421.372
1873/05 2024 06 18 08 53 29.728 3608.585 -3406.498 4633.758 2.213853872324 6.364619145259 2.959012976729 421.387
1873/05 2024 06 18 08 53 30.728 3610.797 -3400.131 4636.714 2.210213273169 6.368604758426 2.953104078507 421.403
1873/05 2024 06 18 08 53 31.728 3613.006 -3393.761 4639.664 2.206570481053 6.372582817910 2.947191446933 421.418
1873/05 2024 06 18 08 53 32.728 3615.210 -3387.386 4642.608 2.202925499510 6.376553319079 2.941275089577 421.434
1873/05 2024 06 18 08 53 33.728 3617.411 -3381.008 4645.546 2.199278332072 6.380516257308 2.935355014015 421.449
1873/05 2024 06 18 08 53 34.728 3619.609 -3374.625 4648.479 2.195628982273 6.384471627983 2.929431227827 421.465
1873/05 2024 06 18 08 53 35.728 3621.803 -3368.239 4651.405 2.191977453651 6.388419426498 2.923503738598 421.480
1873/05 2024 06 18 08 53 36.728 3623.993 -3361.848 4654.326 2.188323749746 6.392359648258 2.917572553916 421.496
1873/05 2024 06 18 08 53 37.728 3626.179 -3355.454 4657.240 2.184667874097 6.396292288675 2.911637681376 421.511
1873/05 2024 06 18 08 53 38.728 3628.362 -3349.056 4660.149 2.181009830249 6.400217343171 2.905699128575 421.527
1873/05 2024 06 18 08 53 39.728 3630.541 -3342.654 4663.052 2.177349621746 6.404134807177 2.899756903116 421.542
1873/05 2024 06 18 08 53 40.728 3632.717 -3336.248 4665.949 2.173687252134 6.408044676135 2.893811012607 421.558
1873/05 2024 06 18 08 53 41.728 3634.889 -3329.838 4668.839 2.170022724963 6.411946945493 2.887861464658 421.573
1873/05 2024 06 18 08 53 42.728 3637.057 -3323.424 4671.724 2.166356043784 6.415841610711 2.881908266887 421.589
1873/05 2024 06 18 08 53 43.728 3639.222 -3317.006 4674.603 2.162687212149 6.419728667257 2.875951426914 421.604
1873/05 2024 06 18 08 53 44.728 3641.382 -3310.584 4677.476 2.159016233612 6.423608110608 2.869990952364 421.620
1873/05 2024 06 18 08 53 45.728 3643.540 -3304.159 4680.343 2.155343111732 6.427479936251 2.864026850867 421.635
1873/05 2024 06 18 08 53 46.728 3645.693 -3297.729 4683.204 2.151667850066 6.431344139681 2.858059130056 421.650
1873/05 2024 06 18 08 53 47.728 3647.843 -3291.296 4686.059 2.147990452174 6.435200716403 2.852087797569 421.666
1873/05 2024 06 18 08 53 48.728 3649.989 -3284.859 4688.909 2.144310921620 6.439049661932 2.846112861051 421.681
1873/05 2024 06 18 08 53 49.728 3652.131 -3278.418 4691.752 2.140629261967 6.442890971792 2.840134328148 421.697
1873/05 2024 06 18 08 53 50.728 3654.270 -3271.973 4694.589 2.136945476782 6.446724641514 2.834152206512 421.712
1873/05 2024 06 18 08 53 51.728 3656.405 -3265.524 4697.420 2.133259569633 6.450550666641 2.828166503799 421.727
1873/05 2024 06 18 08 53 52.728 3658.537 -3259.072 4700.245 2.129571544090 6.454369042725 2.822177227669 421.743
1873/05 2024 06 18 08 53 53.728 3660.665 -3252.616 4703.064 2.125881403726 6.458179765325 2.816184385787 421.758
1873/05 2024 06 18 08 53 54.728 3662.789 -3246.156 4705.877 2.122189152114 6.461982830012 2.810187985823 421.773
1873/05 2024 06 18 08 53 55.728 3664.909 -3239.692 4708.685 2.118494792831 6.465778232364 2.804188035450 421.789
1873/05 2024 06 18 08 53 56.728 3667.026 -3233.224 4711.486 2.114798329453 6.469565967970 2.798184542345 421.804
1873/05 2024 06 18 08 53 57.728 3669.138 -3226.753 4714.281 2.111099765561 6.473346032428 2.792177514192 421.819
1873/05 2024 06 18 08 53 58.728 3671.248 -3220.277 4717.070 2.107399104737 6.477118421344 2.786166958676 421.835
1873/05 2024 06 18 08 53 59.728 3673.353 -3213.798 4719.853 2.103696350564 6.480883130335 2.780152883489 421.850
1873/05 2024 06 18 08 54 00.728 3675.455 -3207.316 4722.631 2.099991506627 6.484640155027 2.774135296326 421.865
1873/05 2024 06 18 08 54 01.728 3677.553 -3200.829 4725.402 2.096284576514 6.488389491053 2.768114204886 421.881
1873/05 2024 06 18 08 54 02.728 3679.648 -3194.339 4728.167 2.092575563815 6.492131134059 2.762089616873 421.896
1873/05 2024 06 18 08 54 03.728 3681.738 -3187.845 4730.926 2.088864472119 6.495865079697 2.756061539995 421.911
1873/05 2024 06 18 08 54 04.728 3683.825 -3181.347 4733.679 2.085151305020 6.499591323631 2.750029981964 421.926
1873/05 2024 06 18 08 54 05.728 3685.909 -3174.846 4736.426 2.081436066113 6.503309861533 2.743994950498 421.942
1873/05 2024 06 18 08 54 06.728 3687.988 -3168.340 4739.167 2.077718758995 6.507020689084 2.737956453316 421.957
1873/05 2024 06 18 08 54 07.728 3690.064 -3161.832 4741.902 2.073999387265 6.510723801975 2.731914498144 421.972
1873/05 2024 06 18 08 54 08.728 3692.136 -3155.319 4744.631 2.070277954522 6.514419195906 2.725869092711 421.987
1873/05 2024 06 18 08 54 09.728 3694.205 -3148.803 4747.354 2.066554464370 6.518106866587 2.719820244751 422.003
1873/05 2024 06 18 08 54 10.728 3696.269 -3142.283 4750.070 2.062828920413 6.521786809736 2.713767962001 422.018
1873/05 2024 06 18 08 54 11.728 3698.330 -3135.759 4752.781 2.059101326256 6.525459021082 2.707712252203 422.033
1873/05 2024 06 18 08 54 12.728 3700.388 -3129.232 4755.486 2.055371685507 6.529123496362 2.701653123104 422.048
1873/05 2024 06 18 08 54 13.728 3702.441 -3122.701 4758.184 2.051640001777 6.532780231324 2.695590582454 422.063
1873/05 2024 06 18 08 54 14.728 3704.491 -3116.166 4760.877 2.047906278678 6.536429221723 2.689524638006 422.078
1873/05 2024 06 18 08 54 15.728 3706.537 -3109.628 4763.563 2.044170519822 6.540070463325 2.683455297520 422.094
1873/05 2024 06 18 08 54 16.728 3708.579 -3103.086 4766.244 2.040432728825 6.543703951906 2.677382568758 422.109
1873/05 2024 06 18 08 54 17.728 3710.618 -3096.541 4768.918 2.036692909305 6.547329683250 2.671306459488 422.124
1873/05 2024 06 18 08 54 18.728 3712.653 -3089.992 4771.586 2.032951064880 6.550947653151 2.665226977480 422.139
1873/05 2024 06 18 08 54 19.728 3714.684 -3083.439 4774.249 2.029207199171 6.554557857412 2.659144130509 422.154
1873/05 2024 06 18 08 54 20.728 3716.711 -3076.882 4776.905 2.025461315802 6.558160291846 2.653057926355 422.169
1873/05 2024 06 18 08 54 21.728 3718.735 -3070.322 4779.555 2.021713418396 6.561754952274 2.646968372800 422.184
1873/05 2024 06 18 08 54 22.728 3720.754 -3063.759 4782.199 2.017963510581 6.565341834530 2.640875477633 422.199
1873/05 2024 06 18 08 54 23.728 3722.771 -3057.192 4784.836 2.014211595984 6.568920934453 2.634779248644 422.215
1873/05 2024 06 18 08 54 24.728 3724.783 -3050.621 4787.468 2.010457678235 6.572492247893 2.628679693630 422.230
1873/05 2024 06 18 08 54 25.728 3726.791 -3044.047 4790.094 2.006701760966 6.576055770712 2.622576820390 422.245
1873/05 2024 06 18 08 54 26.728 3728.796 -3037.469 4792.713 2.002943847812 6.579611498777 2.616470636727 422.260
1873/05 2024 06 18 08 54 27.728 3730.797 -3030.888 4795.327 1.999183942407 6.583159427969 2.610361150449 422.275
1873/05 2024 06 18 08 54 28.728 3732.795 -3024.303 4797.934 1.995422048389 6.586699554174 2.604248369368 422.290
1873/05 2024 06 18 08 54 29.728 3734.788 -3017.714 4800.535 1.991658169397 6.590231873291 2.598132301299 422.305
1873/05 2024 06 18 08 54 30.728 3736.778 -3011.122 4803.130 1.987892309072 6.593756381226 2.592012954063 422.320
1873/05 2024 06 18 08 54 31.728 3738.764 -3004.527 4805.719 1.984124471057 6.597273073897 2.585890335482 422.335
1873/05 2024 06 18 08 54 32.728 3740.746 -2997.928 4808.302 1.980354658996 6.600781947229 2.579764453385 422.350
1873/05 2024 06 18 08 54 33.728 3742.725 -2991.325 4810.879 1.976582876535 6.604282997157 2.573635315603 422.365
1873/05 2024 06 18 08 54 34.728 3744.699 -2984.719 4813.449 1.972809127324 6.607776219628 2.567502929972 422.380
1873/05 2024 06 18 08 54 35.728 3746.670 -2978.110 4816.014 1.969033415010 6.611261610594 2.561367304332 422.395
1873/05 2024 06 18 08 54 36.728 3748.637 -2971.497 4818.572 1.965255743247 6.614739166021 2.555228446525 422.410
1873/05 2024 06 18 08 54 37.728 3750.601 -2964.880 4821.124 1.961476115688 6.618208881881 2.549086364400 422.425
1873/05 2024 06 18 08 54 38.728 3752.560 -2958.260 4823.670 1.957694535987 6.621670754157 2.542941065807 422.439
1873/05 2024 06 18 08 54 39.728 3754.516 -2951.637 4826.210 1.953911007803 6.625124778843 2.536792558601 422.454
1873/05 2024 06 18 08 54 40.728 3756.468 -2945.010 4828.744 1.950125534793 6.628570951939 2.530640850643 422.469
1873/05 2024 06 18 08 54 41.728 3758.416 -2938.380 4831.271 1.946338120619 6.632009269458 2.524485949795 422.484
1873/05 2024 06 18 08 54 42.728 3760.361 -2931.746 4833.793 1.942548768942 6.635439727420 2.518327863924 422.499
1873/05 2024 06 18 08 54 43.728 3762.302 -2925.109 4836.308 1.938757483427 6.638862321856 2.512166600901 422.514
1873/05 2024 06 18 08 54 44.728 3764.238 -2918.468 4838.817 1.934964267740 6.642277048806 2.506002168599 422.529
1873/05 2024 06 18 08 54 45.728 3766.171 -2911.824 4841.320 1.931169125547 6.645683904319 2.499834574899 422.544
1873/05 2024 06 18 08 54 46.728 3768.101 -2905.177 4843.817 1.927372060519 6.649082884455 2.493663827682 422.558
1873/05 2024 06 18 08 54 47.728 3770.026 -2898.526 4846.307 1.923573076327 6.652473985283 2.487489934834 422.573
1873/05 2024 06 18 08 54 48.728 3771.948 -2891.872 4848.792 1.919772176643 6.655857202879 2.481312904245 422.588
1873/05 2024 06 18 08 54 49.728 3773.866 -2885.214 4851.270 1.915969365142 6.659232533333 2.475132743809 422.603
1873/05 2024 06 18 08 54 50.728 3775.780 -2878.553 4853.742 1.912164645500 6.662599972742 2.468949461424 422.618
1873/05 2024 06 18 08 54 51.728 3777.690 -2871.889 4856.208 1.908358021396 6.665959517212 2.462763064990 422.632
1873/05 2024 06 18 08 54 52.728 3779.597 -2865.221 4858.668 1.904549496508 6.669311162860 2.456573562413 422.647
1873/05 2024 06 18 08 54 53.728 3781.499 -2858.550 4861.121 1.900739074519 6.672654905812 2.450380961602 422.662
1873/05 2024 06 18 08 54 54.728 3783.398 -2851.876 4863.568 1.896926759112 6.675990742204 2.444185270470 422.677
1873/05 2024 06 18 08 54 55.728 3785.293 -2845.199 4866.009 1.893112553971 6.679318668180 2.437986496932 422.691
1873/05 2024 06 18 08 54 56.728 3787.184 -2838.518 4868.444 1.889296462783 6.682638679896 2.431784648908 422.706
1873/05 2024 06 18 08 54 57.728 3789.072 -2831.833 4870.873 1.885478489238 6.685950773516 2.425579734324 422.721
1873/05 2024 06 18 08 54 58.728 3790.955 -2825.146 4873.296 1.881658637024 6.689254945213 2.419371761105 422.735
1873/05 2024 06 18 08 54 59.728 3792.835 -2818.455 4875.712 1.877836909833 6.692551191172 2.413160737183 422.750
1873/05 2024 06 18 08 55 00.728 3794.711 -2811.761 4878.122 1.874013311359 6.695839507586 2.406946670494 422.765
1873/05 2024 06 18 08 55 01.728 3796.583 -2805.063 4880.526 1.870187845297 6.699119890657 2.400729568975 422.779
1873/05 2024 06 18 08 55 02.728 3798.451 -2798.362 4882.923 1.866360515345 6.702392336597 2.394509440569 422.794
1873/05 2024 06 18 08 55 03.728 3800.316 -2791.658 4885.315 1.862531325199 6.705656841629 2.388286293221 422.809
1873/05 2024 06 18 08 55 04.728 3802.176 -2784.951 4887.700 1.858700278562 6.708913401985 2.382060134882 422.823
1873/05 2024 06 18 08 55 05.728 3804.033 -2778.240 4890.079 1.854867379134 6.712162013905 2.375830973504 422.838
1873/05 2024 06 18 08 55 06.728 3805.886 -2771.527 4892.452 1.851032630619 6.715402673641 2.369598817044 422.852
1873/05 2024 06 18 08 55 07.728 3807.735 -2764.810 4894.818 1.847196036723 6.718635377452 2.363363673463 422.867
1873/05 2024 06 18 08 55 08.728 3809.580 -2758.089 4897.178 1.843357601152 6.721860121610 2.357125550724 422.881
1873/05 2024 06 18 08 55 09.728 3811.422 -2751.366 4899.532 1.839517327615 6.725076902394 2.350884456794 422.896
1873/05 2024 06 18 08 55 10.728 3813.259 -2744.639 4901.880 1.835675219823 6.728285716093 2.344640399646 422.911
1873/05 2024 06 18 08 55 11.728 3815.093 -2737.909 4904.222 1.831831281486 6.731486559006 2.338393387254 422.925
1873/05 2024 06 18 08 55 12.728 3816.923 -2731.176 4906.557 1.827985516320 6.734679427443 2.332143427595 422.940
1873/05 2024 06 18 08 55 13.728 3818.749 -2724.440 4908.886 1.824137928039 6.737864317722 2.325890528653 422.954
1873/05 2024 06 18 08 55 14.728 3820.571 -2717.701 4911.209 1.820288520359 6.741041226170 2.319634698411 422.969
1873/05 2024 06 18 08 55 15.728 3822.390 -2710.958 4913.525 1.816437297001 6.744210149126 2.313375944859 422.983
1873/05 2024 06 18 08 55 16.728 3824.204 -2704.212 4915.835 1.812584261683 6.747371082937 2.307114275990 422.997
1873/05 2024 06 18 08 55 17.728 3826.015 -2697.463 4918.139 1.808729418127 6.750524023960 2.300849699798 423.012
1873/05 2024 06 18 08 55 18.728 3827.822 -2690.711 4920.437 1.804872770058 6.753668968562 2.294582224284 423.026
1873/05 2024 06 18 08 55 19.728 3829.625 -2683.956 4922.728 1.801014321199 6.756805913120 2.288311857451 423.041
1873/05 2024 06 18 08 55 20.728 3831.424 -2677.197 4925.014 1.797154075279 6.759934854019 2.282038607304 423.055
1873/05 2024 06 18 08 55 21.728 3833.219 -2670.436 4927.293 1.793292036025 6.763055787656 2.275762481853 423.070
1873/05 2024 06 18 08 55 22.728 3835.010 -2663.671 4929.565 1.789428207166 6.766168710435 2.269483489112 423.084
1873/05 2024 06 18 08 55 23.728 3836.798 -2656.904 4931.832 1.785562592436 6.769273618773 2.263201637096 423.098
1873/05 2024 06 18 08 55 24.728 3838.581 -2650.133 4934.092 1.781695195567 6.772370509095 2.256916933827 423.113
1873/05 2024 06 18 08 55 25.728 3840.361 -2643.359 4936.345 1.777826020293 6.775459377834 2.250629387328 423.127
1873/05 2024 06 18 08 55 26.728 3842.137 -2636.582 4938.593 1.773955070352 6.778540221436 2.244339005625 423.141
1873/05 2024 06 18 08 55 27.728 3843.909 -2629.802 4940.834 1.770082349480 6.781613036355 2.238045796749 423.156
1873/05 2024 06 18 08 55 28.728 3845.677 -2623.019 4943.069 1.766207861419 6.784677819054 2.231749768733 423.170
1873/05 2024 06 18 08 55 29.728 3847.442 -2616.232 4945.298 1.762331609908 6.787734566008 2.225450929615 423.184
1873/05 2024 06 18 08 55 30.728 3849.202 -2609.443 4947.520 1.758453598692 6.790783273698 2.219149287434 423.198
1873/05 2024 06 18 08 55 31.728 3850.958 -2602.651 4949.736 1.754573831514 6.793823938620 2.212844850234 423.213
1873/05 2024 06 18 08 55 32.728 3852.711 -2595.856 4951.946 1.750692312120 6.796856557274 2.206537626064 423.227
1873/05 2024 06 18 08 55 33.728 3854.460 -2589.057 4954.149 1.746809044257 6.799881126175 2.200227622971 423.241
1873/05 2024 06 18 08 55 34.728 3856.205 -2582.256 4956.346 1.742924031676 6.802897641843 2.193914849012 423.255
1873/05 2024 06 18 08 55 35.728 3857.946 -2575.451 4958.537 1.739037278126 6.805906100812 2.187599312242 423.270
1873/05 2024 06 18 08 55 36.728 3859.683 -2568.644 4960.721 1.735148787360 6.808906499623 2.181281020721 423.284
1873/05 2024 06 18 08 55 37.728 3861.416 -2561.834 4962.899 1.731258563132 6.811898834828 2.174959982514 423.298
1873/05 2024 06 18 08 55 38.728 3863.145 -2555.020 4965.071 1.727366609197 6.814883102987 2.168636205687 423.312
1873/05 2024 06 18 08 55 39.728 3864.871 -2548.204 4967.237 1.723472929312 6.817859300672 2.162309698309 423.326
1873/05 2024 06 18 08 55 40.728 3866.592 -2541.384 4969.396 1.719577527236 6.820827424465 2.155980468456 423.340
1873/05 2024 06 18 08 55 41.728 3868.310 -2534.562 4971.549 1.715680406728 6.823787470955 2.149648524202 423.354
1873/05 2024 06 18 08 55 42.728 3870.024 -2527.737 4973.695 1.711781571551 6.826739436743 2.143313873628 423.368
1873/05 2024 06 18 08 55 43.728 3871.733 -2520.909 4975.835 1.707881025467 6.829683318439 2.136976524817 423.383
1873/05 2024 06 18 08 55 44.728 3873.439 -2514.078 4977.969 1.703978772241 6.832619112663 2.130636485855 423.397
1873/05 2024 06 18 08 55 45.728 3875.141 -2507.243 4980.096 1.700074815639 6.835546816046 2.124293764831 423.411
1873/05 2024 06 18 08 55 46.728 3876.840 -2500.406 4982.218 1.696169159430 6.838466425225 2.117948369838 423.425
1873/05 2024 06 18 08 55 47.728 3878.534 -2493.567 4984.332 1.692261807381 6.841377936852 2.111600308971 423.439
1873/05 2024 06 18 08 55 48.728 3880.224 -2486.724 4986.441 1.688352763265 6.844281347585 2.105249590330 423.453
1873/05 2024 06 18 08 55 49.728 3881.910 -2479.878 4988.543 1.684442030854 6.847176654093 2.098896222017 423.467
1873/05 2024 06 18 08 55 50.728 3883.593 -2473.029 4990.639 1.680529613920 6.850063853055 2.092540212136 423.481
1873/05 2024 06 18 08 55 51.728 3885.272 -2466.178 4992.728 1.676615516241 6.852942941159 2.086181568796 423.495
1873/05 2024 06 18 08 55 52.728 3886.946 -2459.323 4994.811 1.672699741592 6.855813915104 2.079820300108 423.509
1873/05 2024 06 18 08 55 53.728 3888.617 -2452.466 4996.888 1.668782293752 6.858676771598 2.073456414187 423.523
1873/05 2024 06 18 08 55 54.728 3890.284 -2445.606 4998.958 1.664863176500 6.861531507359 2.067089919151 423.536
1873/05 2024 06 18 08 55 55.728 3891.947 -2438.743 5001.022 1.660942393619 6.864378119116 2.060720823120 423.550
1873/05 2024 06 18 08 55 56.728 3893.606 -2431.877 5003.079 1.657019948890 6.867216603605 2.054349134217 423.564
1873/05 2024 06 18 08 55 57.728 3895.261 -2425.009 5005.130 1.653095846099 6.870046957574 2.047974860570 423.578
1873/05 2024 06 18 08 55 58.728 3896.912 -2418.137 5007.175 1.649170089030 6.872869177780 2.041598010309 423.592
1873/05 2024 06 18 08 55 59.728 3898.559 -2411.263 5009.214 1.645242681473 6.875683260992 2.035218591566 423.606
1873/05 2024 06 18 08 56 00.728 3900.202 -2404.386 5011.246 1.641313627214 6.878489203985 2.028836612477 423.620
1873/05 2024 06 18 08 56 01.728 3901.842 -2397.506 5013.271 1.637382930045 6.881287003547 2.022452081181 423.633
1873/05 2024 06 18 08 56 02.728 3903.477 -2390.623 5015.291 1.633450593756 6.884076656474 2.016065005820 423.647
1873/05 2024 06 18 08 56 03.728 3905.109 -2383.738 5017.303 1.629516622142 6.886858159574 2.009675394539 423.661
1873/05 2024 06 18 08 56 04.728 3906.736 -2376.850 5019.310 1.625581018997 6.889631509661 2.003283255486 423.675
1873/05 2024 06 18 08 56 05.728 3908.360 -2369.959 5021.310 1.621643788117 6.892396703564 1.996888596811 423.689
1873/05 2024 06 18 08 56 06.728 3909.979 -2363.065 5023.304 1.617704933300 6.895153738117 1.990491426669 423.702
1873/05 2024 06 18 08 56 07.728 3911.595 -2356.168 5025.291 1.613764458344 6.897902610168 1.984091753215 423.716
1873/05 2024 06 18 08 56 08.728 3913.207 -2349.269 5027.272 1.609822367050 6.900643316571 1.977689584611 423.730
1873/05 2024 06 18 08 56 09.728 3914.815 -2342.367 5029.246 1.605878663220 6.903375854192 1.971284929018 423.743
1873/05 2024 06 18 08 56 10.728 3916.419 -2335.462 5031.214 1.601933350657 6.906100219908 1.964877794602 423.757
1873/05 2024 06 18 08 56 11.728 3918.019 -2328.555 5033.176 1.597986433166 6.908816410604 1.958468189531 423.771
1873/05 2024 06 18 08 56 12.728 3919.615 -2321.645 5035.131 1.594037914553 6.911524423174 1.952056121976 423.784
1873/05 2024 06 18 08 56 13.728 3921.207 -2314.732 5037.080 1.590087798626 6.914224254525 1.945641600112 423.798
1873/05 2024 06 18 08 56 14.728 3922.795 -2307.816 5039.023 1.586136089194 6.916915901571 1.939224632116 423.812
1873/05 2024 06 18 08 56 15.728 3924.379 -2300.898 5040.959 1.582182790067 6.919599361237 1.932805226168 423.825
1873/05 2024 06 18 08 56 16.728 3925.959 -2293.977 5042.888 1.578227905057 6.922274630459 1.926383390450 423.839
1873/05 2024 06 18 08 56 17.728 3927.535 -2287.053 5044.811 1.574271437977 6.924941706181 1.919959133147 423.852
1873/05 2024 06 18 08 56 18.728 3929.108 -2280.127 5046.728 1.570313392643 6.927600585358 1.913532462449 423.866
1873/05 2024 06 18 08 56 19.728 3930.676 -2273.198 5048.638 1.566353772869 6.930251264954 1.907103386547 423.879
1873/05 2024 06 18 08 56 20.728 3932.240 -2266.267 5050.542 1.562392582474 6.932893741944 1.900671913633 423.893
1873/05 2024 06 18 08 56 21.728 3933.801 -2259.332 5052.440 1.558429825277 6.935528013312 1.894238051906 423.906
1873/05 2024 06 18 08 56 22.728 3935.357 -2252.396 5054.331 1.554465505097 6.938154076053 1.887801809565 423.920
1873/05 2024 06 18 08 56 23.728 3936.910 -2245.456 5056.215 1.550499625757 6.940771927171 1.881363194812 423.933
1873/05 2024 06 18 08 56 24.728 3938.458 -2238.514 5058.094 1.546532191079 6.943381563680 1.874922215851 423.947
1873/05 2024 06 18 08 56 25.728 3940.003 -2231.569 5059.965 1.542563204888 6.945982982604 1.868478880892 423.960
1873/05 2024 06 18 08 56 26.728 3941.543 -2224.622 5061.831 1.538592671010 6.948576180977 1.862033198144 423.974
1873/05 2024 06 18 08 56 27.728 3943.080 -2217.672 5063.689 1.534620593271 6.951161155843 1.855585175821 423.987
1873/05 2024 06 18 08 56 28.728 3944.613 -2210.720 5065.542 1.530646975500 6.953737904255 1.849134822138 424.000
1873/05 2024 06 18 08 56 29.728 3946.141 -2203.765 5067.388 1.526671821528 6.956306423278 1.842682145315 424.014
1873/05 2024 06 18 08 56 30.728 3947.666 -2196.807 5069.227 1.522695135185 6.958866709984 1.836227153572 424.027
1873/05 2024 06 18 08 56 31.728 3949.187 -2189.847 5071.060 1.518716920303 6.961418761458 1.829769855134 424.040
1873/05 2024 06 18 08 56 32.728 3950.703 -2182.884 5072.887 1.514737180718 6.963962574794 1.823310258227 424.054
1873/05 2024 06 18 08 56 33.728 3952.216 -2175.919 5074.707 1.510755920264 6.966498147094 1.816848371081 424.067
1873/05 2024 06 18 08 56 34.728 3953.725 -2168.951 5076.520 1.506773142778 6.969025475471 1.810384201927 424.080
1873/05 2024 06 18 08 56 35.728 3955.230 -2161.981 5078.327 1.502788852097 6.971544557050 1.803917759001 424.093
1873/05 2024 06 18 08 56 36.728 3956.731 -2155.008 5080.128 1.498803052061 6.974055388964 1.797449050539 424.107
1873/05 2024 06 18 08 56 37.728 3958.227 -2148.033 5081.922 1.494815746511 6.976557968355 1.790978084781 424.120
1873/05 2024 06 18 08 56 38.728 3959.720 -2141.055 5083.710 1.490826939289 6.979052292377 1.784504869970 424.133
1873/05 2024 06 18 08 56 39.728 3961.209 -2134.075 5085.491 1.486836634238 6.981538358192 1.778029414351 424.146
1873/05 2024 06 18 08 56 40.728 3962.694 -2127.092 5087.266 1.482844835202 6.984016162975 1.771551726171 424.160
1873/05 2024 06 18 08 56 41.728 3964.175 -2120.107 5089.034 1.478851546028 6.986485703908 1.765071813680 424.173
1873/05 2024 06 18 08 56 42.728 3965.652 -2113.119 5090.796 1.474856770562 6.988946978183 1.758589685132 424.186
1873/05 2024 06 18 08 56 43.728 3967.124 -2106.129 5092.552 1.470860512653 6.991399983005 1.752105348781 424.199
1873/05 2024 06 18 08 56 44.728 3968.593 -2099.136 5094.301 1.466862776152 6.993844715585 1.745618812885 424.212
1873/05 2024 06 18 08 56 45.728 3970.058 -2092.141 5096.043 1.462863564909 6.996281173146 1.739130085704 424.225
1873/05 2024 06 18 08 56 46.728 3971.519 -2085.144 5097.779 1.458862882776 6.998709352922 1.732639175502 424.238
1873/05 2024 06 18 08 56 47.728 3972.976 -2078.144 5099.508 1.454860733607 7.001129252155 1.726146090543 424.251
1873/05 2024 06 18 08 56 48.728 3974.429 -2071.141 5101.231 1.450857121258 7.003540868097 1.719650839096 424.264
1873/05 2024 06 18 08 56 49.728 3975.878 -2064.137 5102.947 1.446852049584 7.005944198012 1.713153429429 424.277
1873/05 2024 06 18 08 56 50.728 3977.322 -2057.130 5104.657 1.442845522444 7.008339239172 1.706653869817 424.290
1873/05 2024 06 18 08 56 51.728 3978.763 -2050.120 5106.361 1.438837543695 7.010725988860 1.700152168535 424.303
1873/05 2024 06 18 08 56 52.728 3980.200 -2043.108 5108.058 1.434828117198 7.013104444368 1.693648333859 424.316
1873/05 2024 06 18 08 56 53.728 3981.633 -2036.094 5109.748 1.430817246815 7.015474602999 1.687142374070 424.329
1873/05 2024 06 18 08 56 54.728 3983.062 -2029.077 5111.432 1.426804936408 7.017836462066 1.680634297451 424.342
1873/05 2024 06 18 08 56 55.728 3984.486 -2022.058 5113.109 1.422791189841 7.020190018891 1.674124112286 424.355
1873/05 2024 06 18 08 56 56.728 3985.907 -2015.037 5114.780 1.418776010979 7.022535270806 1.667611826863 424.368
1873/05 2024 06 18 08 56 57.728 3987.324 -2008.013 5116.445 1.414759403689 7.024872215155 1.661097449470 424.381
1873/05 2024 06 18 08 56 58.728 3988.737 -2000.987 5118.102 1.410741371838 7.027200849289 1.654580988401 424.394
1873/05 2024 06 18 08 56 59.728 3990.146 -1993.959 5119.754 1.406721919294 7.029521170571 1.648062451949 424.406
1873/05 2024 06 18 08 57 00.728 3991.550 -1986.928 5121.399 1.402701049930 7.031833176374 1.641541848412 424.419
1873/05 2024 06 18 08 57 01.728 3992.951 -1979.895 5123.037 1.398678767614 7.034136864079 1.635019186088 424.432
1873/05 2024 06 18 08 57 02.728 3994.348 -1972.860 5124.669 1.394655076221 7.036432231081 1.628494473278 424.445
1873/05 2024 06 18 08 57 03.728 3995.740 -1965.822 5126.294 1.390629979624 7.038719274780 1.621967718287 424.458
1873/05 2024 06 18 08 57 04.728 3997.129 -1958.782 5127.912 1.386603481698 7.040997992590 1.615438929420 424.470
1873/05 2024 06 18 08 57 05.728 3998.513 -1951.740 5129.525 1.382575586319 7.043268381933 1.608908114986 424.483
1873/05 2024 06 18 08 57 06.728 3999.894 -1944.696 5131.130 1.378546297365 7.045530440241 1.602375283295 424.496
1873/05 2024 06 18 08 57 07.728 4001.271 -1937.649 5132.729 1.374515618714 7.047784164957 1.595840442660 424.509
1873/05 2024 06 18 08 57 08.728 4002.643 -1930.600 5134.322 1.370483554247 7.050029553533 1.589303601397 424.521
1873/05 2024 06 18 08 57 09.728 4004.012 -1923.549 5135.908 1.366450107845 7.052266603432 1.582764767822 424.534
1873/05 2024 06 18 08 57 10.728 4005.376 -1916.496 5137.488 1.362415283389 7.054495312126 1.576223950255 424.546
1873/05 2024 06 18 08 57 11.728 4006.736 -1909.440 5139.060 1.358379084763 7.056715677098 1.569681157019 424.559
1873/05 2024 06 18 08 57 12.728 4008.093 -1902.382 5140.627 1.354341515853 7.058927695840 1.563136396437 424.572
1873/05 2024 06 18 08 57 13.728 4009.445 -1895.322 5142.187 1.350302580543 7.061131365855 1.556589676835 424.584
1873/05 2024 06 18 08 57 14.728 4010.793 -1888.260 5143.740 1.346262282721 7.063326684655 1.550041006542 424.597
1873/05 2024 06 18 08 57 15.728 4012.138 -1881.196 5145.287 1.342220626276 7.065513649763 1.543490393889 424.609
1873/05 2024 06 18 08 57 16.728 4013.478 -1874.129 5146.827 1.338177615096 7.067692258712 1.536937847208 424.622
1873/05 2024 06 18 08 57 17.728 4014.814 -1867.060 5148.361 1.334133253073 7.069862509043 1.530383374835 424.634
1873/05 2024 06 18 08 57 18.728 4016.146 -1859.989 5149.888 1.330087544097 7.072024398310 1.523826985106 424.647
1873/05 2024 06 18 08 57 19.728 4017.474 -1852.916 5151.408 1.326040492062 7.074177924075 1.517268686361 424.659
1873/05 2024 06 18 08 57 20.728 4018.798 -1845.841 5152.922 1.321992100862 7.076323083910 1.510708486942 424.672
1873/05 2024 06 18 08 57 21.728 4020.118 -1838.764 5154.430 1.317942374393 7.078459875399 1.504146395191 424.684
1873/05 2024 06 18 08 57 22.728 4021.434 -1831.684 5155.931 1.313891316550 7.080588296134 1.497582419455 424.697
1873/05 2024 06 18 08 57 23.728 4022.746 -1824.602 5157.425 1.309838931232 7.082708343718 1.491016568081 424.709
1873/05 2024 06 18 08 57 24.728 4024.054 -1817.519 5158.913 1.305785222336 7.084820015763 1.484448849420 424.721
1873/05 2024 06 18 08 57 25.728 4025.357 -1810.433 5160.394 1.301730193763 7.086923309893 1.477879271822 424.734
1873/05 2024 06 18 08 57 26.728 4026.657 -1803.345 5161.868 1.297673849413 7.089018223739 1.471307843643 424.746
1873/05 2024 06 18 08 57 27.728 4027.953 -1796.255 5163.336 1.293616193190 7.091104754946 1.464734573237 424.758
1873/05 2024 06 18 08 57 28.728 4029.244 -1789.163 5164.798 1.289557228995 7.093182901165 1.458159468964 424.771
1873/05 2024 06 18 08 57 29.728 4030.532 -1782.068 5166.253 1.285496960734 7.095252660059 1.451582539184 424.783
1873/05 2024 06 18 08 57 30.728 4031.815 -1774.972 5167.701 1.281435392312 7.097314029302 1.445003792257 424.795
1873/05 2024 06 18 08 57 31.728 4033.095 -1767.874 5169.143 1.277372527635 7.099367006577 1.438423236550 424.808
1873/05 2024 06 18 08 57 32.728 4034.370 -1760.773 5170.578 1.273308370612 7.101411589576 1.431840880427 424.820
1873/05 2024 06 18 08 57 33.728 4035.641 -1753.671 5172.006 1.269242925150 7.103447776002 1.425256732257 424.832
1873/05 2024 06 18 08 57 34.728 4036.909 -1746.566 5173.428 1.265176195161 7.105475563569 1.418670800411 424.844
1873/05 2024 06 18 08 57 35.728 4038.172 -1739.460 5174.844 1.261108184554 7.107494949999 1.412083093260 424.856
1873/05 2024 06 18 08 57 36.728 4039.431 -1732.351 5176.253 1.257038897243 7.109505933026 1.405493619177 424.868
1873/05 2024 06 18 08 57 37.728 4040.686 -1725.241 5177.655 1.252968337140 7.111508510393 1.398902386541 424.881
1873/05 2024 06 18 08 57 38.728 4041.937 -1718.128 5179.050 1.248896508159 7.113502679853 1.392309403727 424.893
1873/05 2024 06 18 08 57 39.728 4043.184 -1711.014 5180.439 1.244823414217 7.115488439170 1.385714679117 424.905
1873/05 2024 06 18 08 57 40.728 4044.426 -1703.897 5181.822 1.240749059229 7.117465786116 1.379118221092 424.917
1873/05 2024 06 18 08 57 41.728 4045.665 -1696.779 5183.198 1.236673447113 7.119434718475 1.372520038035 424.929
1873/05 2024 06 18 08 57 42.728 4046.900 -1689.659 5184.567 1.232596581789 7.121395234040 1.365920138332 424.941
1873/05 2024 06 18 08 57 43.728 4048.130 -1682.536 5185.929 1.228518467174 7.123347330616 1.359318530372 424.953
1873/05 2024 06 18 08 57 44.728 4049.357 -1675.412 5187.285 1.224439107192 7.125291006015 1.352715222542 424.965
1873/05 2024 06 18 08 57 45.728 4050.579 -1668.286 5188.635 1.220358505762 7.127226258060 1.346110223235 424.977
1873/05 2024 06 18 08 57 46.728 4051.797 -1661.157 5189.978 1.216276666808 7.129153084587 1.339503540843 424.989
1873/05 2024 06 18 08 57 47.728 4053.012 -1654.027 5191.314 1.212193594255 7.131071483437 1.332895183761 425.001
1873/05 2024 06 18 08 57 48.728 4054.222 -1646.895 5192.643 1.208109292026 7.132981452465 1.326285160386 425.013
1873/05 2024 06 18 08 57 49.728 4055.428 -1639.761 5193.966 1.204023764049 7.134882989535 1.319673479117 425.025
1873/05 2024 06 18 08 57 50.728 4056.630 -1632.626 5195.283 1.199937014250 7.136776092520 1.313060148354 425.036
1873/05 2024 06 18 08 57 51.728 4057.828 -1625.488 5196.593 1.195849046557 7.138660759305 1.306445176499 425.048
1873/05 2024 06 18 08 57 52.728 4059.022 -1618.348 5197.896 1.191759864901 7.140536987783 1.299828571956 425.060
1873/05 2024 06 18 08 57 53.728 4060.211 -1611.207 5199.192 1.187669473210 7.142404775858 1.293210343130 425.072
1873/05 2024 06 18 08 57 54.728 4061.397 -1604.063 5200.482 1.183577875416 7.144264121444 1.286590498430 425.084
1873/05 2024 06 18 08 57 55.728 4062.578 -1596.918 5201.765 1.179485075452 7.146115022465 1.279969046265 425.095
1873/05 2024 06 18 08 57 56.728 4063.756 -1589.771 5203.042 1.175391077250 7.147957476856 1.273345995045 425.107
1873/05 2024 06 18 08 57 57.728 4064.929 -1582.622 5204.312 1.171295884746 7.149791482560 1.266721353184 425.119
1873/05 2024 06 18 08 57 58.728 4066.098 -1575.472 5205.576 1.167199501874 7.151617037532 1.260095129096 425.131
1873/05 2024 06 18 08 57 59.728 4067.264 -1568.319 5206.832 1.163101932571 7.153434139737 1.253467331196 425.142
1873/05 2024 06 18 08 58 00.728 4068.425 -1561.165 5208.082 1.159003180775 7.155242787148 1.246837967904 425.154
1873/05 2024 06 18 08 58 01.728 4069.582 -1554.009 5209.326 1.154903250423 7.157042977750 1.240207047638 425.166
1873/05 2024 06 18 08 58 02.728 4070.735 -1546.851 5210.563 1.150802145455 7.158834709537 1.233574578819 425.177
1873/05 2024 06 18 08 58 03.728 4071.883 -1539.691 5211.793 1.146699869812 7.160617980514 1.226940569872 425.189
1873/05 2024 06 18 08 58 04.728 4073.028 -1532.529 5213.017 1.142596427434 7.162392788696 1.220305029220 425.200
1873/05 2024 06 18 08 58 05.728 4074.168 -1525.366 5214.234 1.138491822265 7.164159132108 1.213667965289 425.212
1873/05 2024 06 18 08 58 06.728 4075.305 -1518.201 5215.444 1.134386058247 7.165917008783 1.207029386508 425.224
1873/05 2024 06 18 08 58 07.728 4076.437 -1511.034 5216.648 1.130279139325 7.167666416768 1.200389301306 425.235
1873/05 2024 06 18 08 58 08.728 4077.565 -1503.866 5217.845 1.126171069444 7.169407354116 1.193747718114 425.247
1873/05 2024 06 18 08 58 09.728 4078.690 -1496.695 5219.035 1.122061852551 7.171139818893 1.187104645365 425.258
1873/05 2024 06 18 08 58 10.728 4079.810 -1489.523 5220.219 1.117951492593 7.172863809174 1.180460091494 425.270
1873/05 2024 06 18 08 58 11.728 4080.925 -1482.350 5221.396 1.113839993517 7.174579323044 1.173814064936 425.281
1873/05 2024 06 18 08 58 12.728 4082.037 -1475.174 5222.567 1.109727359274 7.176286358598 1.167166574128 425.292
1873/05 2024 06 18 08 58 13.728 4083.145 -1467.997 5223.731 1.105613593813 7.177984913941 1.160517627511 425.304
1873/05 2024 06 18 08 58 14.728 4084.248 -1460.818 5224.888 1.101498701086 7.179674987189 1.153867233524 425.315
1873/05 2024 06 18 08 58 15.728 4085.348 -1453.638 5226.038 1.097382685045 7.181356576466 1.147215400611 425.327
1873/05 2024 06 18 08 58 16.728 4086.443 -1446.456 5227.182 1.093265549642 7.183029679909 1.140562137214 425.338
1873/05 2024 06 18 08 58 17.728 4087.534 -1439.272 5228.319 1.089147298832 7.184694295662 1.133907451779 425.349
1873/05 2024 06 18 08 58 18.728 4088.622 -1432.086 5229.450 1.085027936569 7.186350421882 1.127251352752 425.361
1873/05 2024 06 18 08 58 19.728 4089.705 -1424.899 5230.574 1.080907466810 7.187998056734 1.120593848583 425.372
1873/05 2024 06 18 08 58 20.728 4090.783 -1417.710 5231.691 1.076785893511 7.189637198394 1.113934947721 425.383
1873/05 2024 06 18 08 58 21.728 4091.858 -1410.520 5232.802 1.072663220630 7.191267845048 1.107274658617 425.394
1873/05 2024 06 18 08 58 22.728 4092.929 -1403.328 5233.906 1.068539452126 7.192889994890 1.100612989724 425.406
1873/05 2024 06 18 08 58 23.728 4093.995 -1396.134 5235.003 1.064414591957 7.194503646128 1.093949949496 425.417
1873/05 2024 06 18 08 58 24.728 4095.058 -1388.939 5236.094 1.060288644086 7.196108796978 1.087285546389 425.428
1873/05 2024 06 18 08 58 25.728 4096.116 -1381.742 5237.178 1.056161612473 7.197705445664 1.080619788861 425.439
1873/05 2024 06 18 08 58 26.728 4097.170 -1374.543 5238.255 1.052033501080 7.199293590424 1.073952685369 425.450
1873/05 2024 06 18 08 58 27.728 4098.220 -1367.343 5239.325 1.047904313871 7.200873229504 1.067284244374 425.461
1873/05 2024 06 18 08 58 28.728 4099.266 -1360.142 5240.389 1.043774054811 7.202444361160 1.060614474338 425.472
1873/05 2024 06 18 08 58 29.728 4100.307 -1352.938 5241.447 1.039642727863 7.204006983659 1.053943383722 425.483
1873/05 2024 06 18 08 58 30.728 4101.345 -1345.734 5242.497 1.035510336994 7.205561095276 1.047270980992 425.494
1873/05 2024 06 18 08 58 31.728 4102.378 -1338.527 5243.541 1.031376886171 7.207106694298 1.040597274613 425.505
1873/05 2024 06 18 08 58 32.728 4103.408 -1331.319 5244.579 1.027242379362 7.208643779023 1.033922273052 425.516
1873/05 2024 06 18 08 58 33.728 4104.433 -1324.110 5245.609 1.023106820535 7.210172347756 1.027245984777 425.527
1873/05 2024 06 18 08 58 34.728 4105.454 -1316.899 5246.633 1.018970213660 7.211692398815 1.020568418259 425.538
1873/05 2024 06 18 08 58 35.728 4106.471 -1309.687 5247.650 1.014832562708 7.213203930526 1.013889581968 425.549
1873/05 2024 06 18 08 58 36.728 4107.484 -1302.473 5248.661 1.010693871649 7.214706941226 1.007209484376 425.560
1873/05 2024 06 18 08 58 37.728 4108.492 -1295.257 5249.665 1.006554144456 7.216201429262 1.000528133958 425.571
1873/05 2024 06 18 08 58 38.728 4109.497 -1288.040 5250.662 1.002413385101 7.217687392991 0.993845539189 425.582
1873/05 2024 06 18 08 58 39.728 4110.497 -1280.822 5251.652 0.998271597560 7.219164830780 0.987161708544 425.593
1873/05 2024 06 18 08 58 40.728 4111.493 -1273.602 5252.636 0.994128785807 7.220633741007 0.980476650502 425.604
1873/05 2024 06 18 08 58 41.728 4112.485 -1266.381 5253.613 0.989984953816 7.222094122059 0.973790373542 425.615
1873/05 2024 06 18 08 58 42.728 4113.473 -1259.158 5254.584 0.985840105566 7.223545972333 0.967102886144 425.625
1873/05 2024 06 18 08 58 43.728 4114.457 -1251.933 5255.548 0.981694245033 7.224989290237 0.960414196788 425.636
1873/05 2024 06 18 08 58 44.728 4115.437 -1244.708 5256.505 0.977547376195 7.226424074187 0.953724313959 425.647
1873/05 2024 06 18 08 58 45.728 4116.412 -1237.481 5257.455 0.973399503032 7.227850322613 0.947033246140 425.658
1873/05 2024 06 18 08 58 46.728 4117.383 -1230.252 5258.399 0.969250629524 7.229268033951 0.940341001817 425.668
1873/05 2024 06 18 08 58 47.728 4118.351 -1223.022 5259.336 0.965100759651 7.230677206649 0.933647589475 425.679
1873/05 2024 06 18 08 58 48.728 4119.314 -1215.791 5260.266 0.960949897395 7.232077839165 0.926953017603 425.690
1873/05 2024 06 18 08 58 49.728 4120.272 -1208.558 5261.190 0.956798046738 7.233469929967 0.920257294689 425.700
1873/05 2024 06 18 08 58 50.728 4121.227 -1201.324 5262.106 0.952645211665 7.234853477533 0.913560429224 425.711
1873/05 2024 06 18 08 58 51.728 4122.178 -1194.088 5263.017 0.948491396158 7.236228480351 0.906862429699 425.721
1873/05 2024 06 18 08 58 52.728 4123.124 -1186.851 5263.920 0.944336604203 7.237594936919 0.900163304606 425.732
1873/05 2024 06 18 08 58 53.728 4124.066 -1179.613 5264.817 0.940180839785 7.238952845746 0.893463062440 425.743
1873/05 2024 06 18 08 58 54.728 4125.005 -1172.373 5265.707 0.936024106892 7.240302205350 0.886761711694 425.753
1873/05 2024 06 18 08 58 55.728 4125.938 -1165.132 5266.591 0.931866409510 7.241643014259 0.880059260865 425.764
1873/05 2024 06 18 08 58 56.728 4126.868 -1157.890 5267.467 0.927707751629 7.242975271011 0.873355718449 425.774
1873/05 2024 06 18 08 58 57.728 4127.794 -1150.646 5268.337 0.923548137236 7.244298974156 0.866651092946 425.785
1873/05 2024 06 18 08 58 58.728 4128.715 -1143.401 5269.201 0.919387570322 7.245614122252 0.859945392855 425.795
1873/05 2024 06 18 08 58 59.728 4129.633 -1136.155 5270.057 0.915226054878 7.246920713867 0.853238626675 425.805
1873/05 2024 06 18 08 59 00.728 4130.546 -1128.908 5270.907 0.911063594894 7.248218747581 0.846530802908 425.816
1873/05 2024 06 18 08 59 01.728 4131.455 -1121.659 5271.750 0.906900194364 7.249508221982 0.839821930058 425.826
1873/05 2024 06 18 08 59 02.728 4132.360 -1114.409 5272.587 0.902735857280 7.250789135669 0.833112016628 425.837
1873/05 2024 06 18 08 59 03.728 4133.260 -1107.157 5273.416 0.898570587636 7.252061487252 0.826401071122 425.847
1873/05 2024 06 18 08 59 04.728 4134.157 -1099.905 5274.239 0.894404389426 7.253325275350 0.819689102047 425.857
1873/05 2024 06 18 08 59 05.728 4135.049 -1092.651 5275.056 0.890237266647 7.254580498591 0.812976117909 425.867
1873/05 2024 06 18 08 59 06.728 4135.937 -1085.395 5275.865 0.886069223294 7.255827155616 0.806262127216 425.878
1873/05 2024 06 18 08 59 07.728 4136.821 -1078.139 5276.668 0.881900263365 7.257065245073 0.799547138478 425.888
1873/05 2024 06 18 08 59 08.728 4137.701 -1070.881 5277.464 0.877730390856 7.258294765621 0.792831160205 425.898
1873/05 2024 06 18 08 59 09.728 4138.577 -1063.622 5278.254 0.873559609767 7.259515715932 0.786114200906 425.908
1873/05 2024 06 18 08 59 10.728 4139.448 -1056.362 5279.037 0.869387924097 7.260728094683 0.779396269095 425.919
1873/05 2024 06 18 08 59 11.728 4140.315 -1049.101 5279.813 0.865215337846 7.261931900566 0.772677373285 425.929
1873/05 2024 06 18 08 59 12.728 4141.179 -1041.838 5280.582 0.861041855015 7.263127132279 0.765957521989 425.939
1873/05 2024 06 18 08 59 13.728 4142.038 -1034.575 5281.345 0.856867479605 7.264313788533 0.759236723722 425.949
1873/05 2024 06 18 08 59 14.728 4142.892 -1027.310 5282.101 0.852692215619 7.265491868047 0.752514987001 425.959
1873/05 2024 06 18 08 59 15.728 4143.743 -1020.044 5282.850 0.848516067059 7.266661369552 0.745792320342 425.969
1873/05 2024 06 18 08 59 16.728 4144.589 -1012.776 5283.592 0.844339037931 7.267822291788 0.739068732263 425.979
1873/05 2024 06 18 08 59 17.728 4145.432 -1005.508 5284.328 0.840161132237 7.268974633505 0.732344231283 425.989
1873/05 2024 06 18 08 59 18.728 4146.270 -998.238 5285.057 0.835982353984 7.270118393463 0.725618825922 425.999
1873/05 2024 06 18 08 59 19.728 4147.104 -990.968 5285.779 0.831802707178 7.271253570433 0.718892524700 426.009
1873/05 2024 06 18 08 59 20.728 4147.933 -983.696 5286.495 0.827622195825 7.272380163195 0.712165336138 426.019
1873/05 2024 06 18 08 59 21.728 4148.759 -976.423 5287.203 0.823440823933 7.273498170540 0.705437268760 426.029
1873/05 2024 06 18 08 59 22.728 4149.580 -969.149 5287.905 0.819258595510 7.274607591268 0.698708331088 426.039
1873/05 2024 06 18 08 59 23.728 4150.397 -961.874 5288.601 0.815075514566 7.275708424191 0.691978531647 426.049
1873/05 2024 06 18 08 59 24.728 4151.210 -954.598 5289.289 0.810891585110 7.276800668128 0.685247878962 426.059
1873/05 2024 06 18 08 59 25.728 4152.019 -947.320 5289.971 0.806706811152 7.277884321912 0.678516381559 426.068
1873/05 2024 06 18 08 59 26.728 4152.824 -940.042 5290.646 0.802521196704 7.278959384382 0.671784047964 426.078
1873/05 2024 06 18 08 59 27.728 4153.624 -932.762 5291.315 0.798334745777 7.280025854390 0.665050886705 426.088
1873/05 2024 06 18 08 59 28.728 4154.420 -925.482 5291.977 0.794147462385 7.281083730797 0.658316906311 426.098
1873/05 2024 06 18 08 59 29.728 4155.212 -918.200 5292.632 0.789959350540 7.282133012475 0.651582115311 426.108
1873/05 2024 06 18 08 59 30.728 4156.000 -910.917 5293.280 0.785770414256 7.283173698304 0.644846522234 426.117
1873/05 2024 06 18 08 59 31.728 4156.784 -903.634 5293.921 0.781580657549 7.284205787177 0.638110135612 426.127
1873/05 2024 06 18 08 59 32.728 4157.563 -896.349 5294.556 0.777390084433 7.285229277994 0.631372963977 426.137
1873/05 2024 06 18 08 59 33.728 4158.339 -889.063 5295.184 0.773198698925 7.286244169667 0.624635015861 426.146
1873/05 2024 06 18 08 59 34.728 4159.110 -881.777 5295.805 0.769006505042 7.287250461118 0.617896299796 426.156
1873/05 2024 06 18 08 59 35.728 4159.877 -874.489 5296.420 0.764813506801 7.288248151279 0.611156824318 426.166
1873/05 2024 06 18 08 59 36.728 4160.639 -867.200 5297.028 0.760619708220 7.289237239091 0.604416597961 426.175
1873/05 2024 06 18 08 59 37.728 4161.398 -859.910 5297.629 0.756425113318 7.290217723507 0.597675629260 426.185
1873/05 2024 06 18 08 59 38.728 4162.152 -852.620 5298.223 0.752229726115 7.291189603488 0.590933926752 426.194
1873/05 2024 06 18 08 59 39.728 4162.902 -845.328 5298.810 0.748033550631 7.292152878006 0.584191498974 426.204
1873/05 2024 06 18 08 59 40.728 4163.648 -838.035 5299.391 0.743836590887 7.293107546044 0.577448354463 426.213
1873/05 2024 06 18 08 59 41.728 4164.390 -830.742 5299.965 0.739638850904 7.294053606594 0.570704501757 426.223
1873/05 2024 06 18 08 59 42.728 4165.128 -823.447 5300.533 0.735440334705 7.294991058659 0.563959949396 426.232
1873/05 2024 06 18 08 59 43.728 4165.861 -816.152 5301.093 0.731241046313 7.295919901250 0.557214705920 426.242
1873/05 2024 06 18 08 59 44.728 4166.590 -808.855 5301.647 0.727040989751 7.296840133391 0.550468779868 426.251
1873/05 2024 06 18 08 59 45.728 4167.315 -801.558 5302.194 0.722840169043 7.297751754113 0.543722179783 426.260
1873/05 2024 06 18 08 59 46.728 4168.036 -794.260 5302.735 0.718638588216 7.298654762461 0.536974914206 426.270
1873/05 2024 06 18 08 59 47.728 4168.752 -786.961 5303.268 0.714436251293 7.299549157485 0.530226991678 426.279
1873/05 2024 06 18 08 59 48.728 4169.465 -779.661 5303.795 0.710233162301 7.300434938250 0.523478420745 426.288
1873/05 2024 06 18 08 59 49.728 4170.173 -772.360 5304.315 0.706029325268 7.301312103828 0.516729209948 426.298
1873/05 2024 06 18 08 59 50.728 4170.877 -765.058 5304.828 0.701824744220 7.302180653303 0.509979367832 426.307
1873/05 2024 06 18 08 59 51.728 4171.576 -757.756 5305.335 0.697619423186 7.303040585767 0.503228902943 426.316
1873/05 2024 06 18 08 59 52.728 4172.272 -750.452 5305.835 0.693413366195 7.303891900324 0.496477823826 426.325
1873/05 2024 06 18 08 59 53.728 4172.963 -743.148 5306.328 0.689206577276 7.304734596087 0.489726139027 426.335
1873/05 2024 06 18 08 59 54.728 4173.650 -735.843 5306.814 0.684999060459 7.305568672179 0.482973857093 426.344
1873/05 2024 06 18 08 59 55.728 4174.333 -728.537 5307.294 0.680790819775 7.306394127734 0.476220986570 426.353
1873/05 2024 06 18 08 59 56.728 4175.012 -721.230 5307.767 0.676581859256 7.307210961896 0.469467536008 426.362
1873/05 2024 06 18 08 59 57.728 4175.686 -713.922 5308.233 0.672372182932 7.308019173818 0.462713513953 426.371
1873/05 2024 06 18 08 59 58.728 4176.357 -706.614 5308.692 0.668161794837 7.308818762664 0.455958928956 426.380
1873/05 2024 06 18 08 59 59.728 4177.023 -699.305 5309.145 0.663950699005 7.309609727608 0.449203789566 426.389
1873/05 2024 06 18 09 00 00.728 4177.685 -691.995 5309.591 0.659738899468 7.310392067833 0.442448104333 426.398
1873/05 2024 06 18 09 00 01.728 4178.342 -684.684 5310.030 0.655526400262 7.311165782535 0.435691881807 426.407
1873/05 2024 06 18 09 00 02.728 4178.996 -677.372 5310.462 0.651313205421 7.311930870916 0.428935130539 426.416
1873/05 2024 06 18 09 00 03.728 4179.645 -670.060 5310.888 0.647099318981 7.312687332191 0.422177859081 426.425
1873/05 2024 06 18 09 00 04.728 4180.290 -662.747 5311.306 0.642884744978 7.313435165585 0.415420075986 426.434
1873/05 2024 06 18 09 00 05.728 4180.931 -655.433 5311.718 0.638669487450 7.314174370331 0.408661789804 426.443
1873/05 2024 06 18 09 00 06.728 4181.567 -648.119 5312.124 0.634453550433 7.314904945675 0.401903009091 426.452
1873/05 2024 06 18 09 00 07.728 4182.200 -640.803 5312.522 0.630236937966 7.315626890870 0.395143742398 426.461
1873/05 2024 06 18 09 00 08.728 4182.828 -633.487 5312.914 0.626019654088 7.316340205182 0.388383998281 426.470
1873/05 2024 06 18 09 00 09.728 4183.452 -626.171 5313.299 0.621801702837 7.317044887885 0.381623785292 426.478
1873/05 2024 06 18 09 00 10.728 4184.071 -618.853 5313.677 0.617583088254 7.317740938263 0.374863111988 426.487
1873/05 2024 06 18 09 00 11.728 4184.687 -611.535 5314.049 0.613363814379 7.318428355613 0.368101986923 426.496
1873/05 2024 06 18 09 00 12.728 4185.298 -604.216 5314.413 0.609143885252 7.319107139239 0.361340418653 426.505
1873/05 2024 06 18 09 00 13.728 4185.905 -596.897 5314.771 0.604923304917 7.319777288456 0.354578415734 426.513
1873/05 2024 06 18 09 00 14.728 4186.508 -589.577 5315.123 0.600702077414 7.320438802588 0.347815986722 426.522
1873/05 2024 06 18 09 00 15.728 4187.106 -582.256 5315.467 0.596480206787 7.321091680973 0.341053140174 426.531
1873/05 2024 06 18 09 00 16.728 4187.701 -574.935 5315.805 0.592257697078 7.321735922954 0.334289884648 426.540
1873/05 2024 06 18 09 00 17.728 4188.291 -567.613 5316.136 0.588034552333 7.322371527888 0.327526228701 426.548
1873/05 2024 06 18 09 00 18.728 4188.877 -560.290 5316.460 0.583810776594 7.322998495139 0.320762180891 426.557
1873/05 2024 06 18 09 00 19.728 4189.459 -552.967 5316.777 0.579586373908 7.323616824084 0.313997749776 426.565
1873/05 2024 06 18 09 00 20.728 4190.036 -545.643 5317.088 0.575361348320 7.324226514108 0.307232943915 426.574
1873/05 2024 06 18 09 00 21.728 4190.609 -538.318 5317.392 0.571135703876 7.324827564607 0.300467771867 426.582
1873/05 2024 06 18 09 00 22.728 4191.178 -530.993 5317.689 0.566909444622 7.325419974987 0.293702242191 426.591
1873/05 2024 06 18 09 00 23.728 4191.743 -523.667 5317.979 0.562682574606 7.326003744664 0.286936363446 426.599
1873/05 2024 06 18 09 00 24.728 4192.304 -516.341 5318.263 0.558455097876 7.326578873064 0.280170144193 426.608
1873/05 2024 06 18 09 00 25.728 4192.860 -509.014 5318.539 0.554227018481 7.327145359624 0.273403592991 426.616
1873/05 2024 06 18 09 00 26.728 4193.412 -501.687 5318.809 0.549998340468 7.327703203788 0.266636718402 426.625
1873/05 2024 06 18 09 00 27.728 4193.960 -494.359 5319.073 0.545769067887 7.328252405015 0.259869528985 426.633
1873/05 2024 06 18 09 00 28.728 4194.504 -487.030 5319.329 0.541539204789 7.328792962770 0.253102033303 426.642
1873/05 2024 06 18 09 00 29.728 4195.043 -479.701 5319.579 0.537308755224 7.329324876531 0.246334239915 426.650
1873/05 2024 06 18 09 00 30.728 4195.578 -472.372 5319.822 0.533077723242 7.329848145782 0.239566157384 426.658
1873/05 2024 06 18 09 00 31.728 4196.109 -465.041 5320.058 0.528846112896 7.330362770023 0.232797794271 426.666
1873/05 2024 06 18 09 00 32.728 4196.636 -457.711 5320.287 0.524613928238 7.330868748758 0.226029159139 426.675
1873/05 2024 06 18 09 00 33.728 4197.158 -450.380 5320.510 0.520381173320 7.331366081505 0.219260260549 426.683
1873/05 2024 06 18 09 00 34.728 4197.677 -443.048 5320.726 0.516147852194 7.331854767792 0.212491107064 426.691
1873/05 2024 06 18 09 00 35.728 4198.191 -435.716 5320.935 0.511913968916 7.332334807155 0.205721707246 426.699
1873/05 2024 06 18 09 00 36.728 4198.701 -428.383 5321.137 0.507679527539 7.332806199141 0.198952069659 426.708
1873/05 2024 06 18 09 00 37.728 4199.206 -421.050 5321.333 0.503444532118 7.333268943308 0.192182202865 426.716
1873/05 2024 06 18 09 00 38.728 4199.707 -413.717 5321.522 0.499208986708 7.333723039223 0.185412115426 426.724
1873/05 2024 06 18 09 00 39.728 4200.205 -406.383 5321.704 0.494972895364 7.334168486464 0.178641815908 426.732
1873/05 2024 06 18 09 00 40.728 4200.697 -399.049 5321.879 0.490736262144 7.334605284619 0.171871312872 426.740
1873/05 2024 06 18 09 00 41.728 4201.186 -391.714 5322.047 0.486499091103 7.335033433284 0.165100614883 426.748
1873/05 2024 06 18 09 00 42.728 4201.670 -384.379 5322.209 0.482261386298 7.335452932068 0.158329730504 426.756
1873/05 2024 06 18 09 00 43.728 4202.151 -377.043 5322.364 0.478023151788 7.335863780589 0.151558668300 426.764
1873/05 2024 06 18 09 00 44.728 4202.626 -369.707 5322.512 0.473784391631 7.336265978474 0.144787436833 426.772
1873/05 2024 06 18 09 00 45.728 4203.098 -362.370 5322.654 0.469545109885 7.336659525362 0.138016044668 426.780
1873/05 2024 06 18 09 00 46.728 4203.566 -355.033 5322.788 0.465305310610 7.337044420901 0.131244500370 426.788
1873/05 2024 06 18 09 00 47.728 4204.029 -347.696 5322.916 0.461064997864 7.337420664748 0.124472812501 426.796
1873/05 2024 06 18 09 00 48.728 4204.488 -340.359 5323.037 0.456824175709 7.337788256574 0.117700989628 426.804
1873/05 2024 06 18 09 00 49.728 4204.942 -333.021 5323.152 0.452582848205 7.338147196055 0.110929040313 426.812
1873/05 2024 06 18 09 00 50.728 4205.393 -325.682 5323.259 0.448341019413 7.338497482881 0.104156973122 426.820
1873/05 2024 06 18 09 00 51.728 4205.839 -318.344 5323.360 0.444098693394 7.338839116750 0.097384796619 426.827
1873/05 2024 06 18 09 00 52.728 4206.281 -311.005 5323.454 0.439855874211 7.339172097370 0.090612519368 426.835
1873/05 2024 06 18 09 00 53.728 4206.719 -303.665 5323.541 0.435612565926 7.339496424462 0.083840149934 426.843
1873/05 2024 06 18 09 00 54.728 4207.152 -296.326 5323.622 0.431368772602 7.339812097753 0.077067696882 426.851
1873/05 2024 06 18 09 00 55.728 4207.582 -288.986 5323.695 0.427124498302 7.340119116982 0.070295168776 426.858
1873/05 2024 06 18 09 00 56.728 4208.007 -281.645 5323.762 0.422879747091 7.340417481900 0.063522574180 426.866
1873/05 2024 06 18 09 00 57.728 4208.427 -274.305 5323.822 0.418634523032 7.340707192264 0.056749921659 426.874
1873/05 2024 06 18 09 00 58.728 4208.844 -266.964 5323.876 0.414388830191 7.340988247845 0.049977219778 426.881
1873/05 2024 06 18 09 00 59.728 4209.256 -259.623 5323.922 0.410142672633 7.341260648422 0.043204477101 426.889
1873/05 2024 06 18 09 01 00.728 4209.664 -252.282 5323.962 0.405896054423 7.341524393784 0.036431702192 426.897
1873/05 2024 06 18 09 01 01.728 4210.068 -244.940 5323.995 0.401648979627 7.341779483731 0.029658903617 426.904
1873/05 2024 06 18 09 01 02.728 4210.467 -237.598 5324.021 0.397401452313 7.342025918072 0.022886089938 426.912
1873/05 2024 06 18 09 01 03.728 4210.863 -230.256 5324.041 0.393153476546 7.342263696628 0.016113269721 426.919
1873/05 2024 06 18 09 01 04.728 4211.254 -222.913 5324.054 0.388905056395 7.342492819229 0.009340451530 426.927
1873/05 2024 06 18 09 01 05.728 4211.640 -215.571 5324.060 0.384656195928 7.342713285714 0.002567643929 426.934
1873/05 2024 06 18 09 01 06.728 4212.023 -208.228 5324.059 0.380406899212 7.342925095933 -0.004205144519 426.942
1873/05 2024 06 18 09 01 07.728 4212.401 -200.885 5324.051 0.376157170317 7.343128249748 -0.010977905249 426.949
1873/05 2024 06 18 09 01 08.728 4212.775 -193.542 5324.037 0.371907013312 7.343322747027 -0.017750629698 426.957
1873/05 2024 06 18 09 01 09.728 4213.145 -186.198 5324.016 0.367656432266 7.343508587652 -0.024523309301 426.964
1873/05 2024 06 18 09 01 10.728 4213.511 -178.855 5323.988 0.363405431249 7.343685771513 -0.031295935496 426.971
1873/05 2024 06 18 09 01 11.728 4213.872 -171.511 5323.953 0.359154014332 7.343854298510 -0.038068499719 426.979
1873/05 2024 06 18 09 01 12.728 4214.229 -164.167 5323.912 0.354902185586 7.344014168555 -0.044840993407 426.986
1873/05 2024 06 18 09 01 13.728 4214.582 -156.823 5323.863 0.350649949081 7.344165381568 -0.051613407997 426.993
1873/05 2024 06 18 09 01 14.728 4214.930 -149.479 5323.808 0.346397308890 7.344307937481 -0.058385734925 427.001
1873/05 2024 06 18 09 01 15.728 4215.275 -142.134 5323.747 0.342144269085 7.344441836233 -0.065157965630 427.008
1873/05 2024 06 18 09 01 16.728 4215.615 -134.790 5323.678 0.337890833737 7.344567077777 -0.071930091549 427.015
1873/05 2024 06 18 09 01 17.728 4215.950 -127.445 5323.603 0.333637006921 7.344683662073 -0.078702104119 427.022
1873/05 2024 06 18 09 01 18.728 4216.282 -120.100 5323.521 0.329382792708 7.344791589093 -0.085473994779 427.029
1873/05 2024 06 18 09 01 19.728 4216.609 -112.756 5323.432 0.325128195174 7.344890858818 -0.092245754966 427.037
1873/05 2024 06 18 09 01 20.728 4216.932 -105.411 5323.336 0.320873218392 7.344981471240 -0.099017376120 427.044
1873/05 2024 06 18 09 01 21.728 4217.251 -98.066 5323.234 0.316617866435 7.345063426361 -0.105788849677 427.051
1873/05 2024 06 18 09 01 22.728 4217.565 -90.721 5323.125 0.312362143381 7.345136724192 -0.112560167079 427.058
1873/05 2024 06 18 09 01 23.728 4217.876 -83.375 5323.009 0.308106053302 7.345201364754 -0.119331319763 427.065
1873/05 2024 06 18 09 01 24.728 4218.181 -76.030 5322.886 0.303849600276 7.345257348081 -0.126102299169 427.072
1873/05 2024 06 18 09 01 25.728 4218.483 -68.685 5322.756 0.299592788377 7.345304674214 -0.132873096738 427.079
1873/05 2024 06 18 09 01 26.728 4218.781 -61.340 5322.620 0.295335621683 7.345343343205 -0.139643703908 427.086
1873/05 2024 06 18 09 01 27.728 4219.074 -53.994 5322.477 0.291078104270 7.345373355116 -0.146414112120 427.093
1873/05 2024 06 18 09 01 28.728 4219.363 -46.649 5322.327 0.286820240215 7.345394710020 -0.153184312815 427.100
1873/05 2024 06 18 09 01 29.728 4219.648 -39.303 5322.171 0.282562033596 7.345407407999 -0.159954297433 427.107
1873/05 2024 06 18 09 01 30.728 4219.928 -31.958 5322.007 0.278303488490 7.345411449146 -0.166724057417 427.113
1873/05 2024 06 18 09 01 31.728 4220.204 -24.613 5321.837 0.274044608976 7.345406833563 -0.173493584208 427.120
1873/05 2024 06 18 09 01 32.728 4220.476 -17.267 5321.660 0.269785399132 7.345393561364 -0.180262869247 427.127
1873/05 2024 06 18 09 01 33.728 4220.744 -9.922 5321.477 0.265525863037 7.345371632671 -0.187031903976 427.134
1873/05 2024 06 18 09 01 34.728 4221.007 -2.576 5321.286 0.261266004770 7.345341047616 -0.193800679840 427.141
1873/05 2024 06 18 09 01 35.728 4221.266 4.769 5321.089 0.257005828411 7.345301806344 -0.200569188280 427.147
1873/05 2024 06 18 09 01 36.728 4221.521 12.114 5320.885 0.252745338040 7.345253909007 -0.207337420741 427.154
1873/05 2024 06 18 09 01 37.728 4221.772 19.459 5320.675 0.248484537736 7.345197355769 -0.214105368665 427.161
1873/05 2024 06 18 09 01 38.728 4222.018 26.805 5320.457 0.244223431582 7.345132146802 -0.220873023498 427.168
1873/05 2024 06 18 09 01 39.728 4222.260 34.150 5320.233 0.239962023657 7.345058282291 -0.227640376684 427.174
1873/05 2024 06 18 09 01 40.728 4222.498 41.495 5320.002 0.235700318043 7.344975762429 -0.234407419669 427.181
1873/05 2024 06 18 09 01 41.728 4222.732 48.840 5319.764 0.231438318821 7.344884587420 -0.241174143897 427.187
1873/05 2024 06 18 09 01 42.728 4222.961 56.184 5319.519 0.227176030074 7.344784757478 -0.247940540815 427.194
1873/05 2024 06 18 09 01 43.728 4223.186 63.529 5319.268 0.222913455884 7.344676272826 -0.254706601869 427.201
1873/05 2024 06 18 09 01 44.728 4223.407 70.874 5319.010 0.218650600333 7.344559133698 -0.261472318507 427.207
1873/05 2024 06 18 09 01 45.728 4223.623 78.218 5318.745 0.214387467504 7.344433340339 -0.268237682176 427.214
1873/05 2024 06 18 09 01 46.728 4223.835 85.563 5318.474 0.210124061481 7.344298893003 -0.275002684323 427.220
1873/05 2024 06 18 09 01 47.728 4224.043 92.907 5318.195 0.205860386347 7.344155791954 -0.281767316398 427.226
1873/05 2024 06 18 09 01 48.728 4224.247 100.251 5317.910 0.201596446186 7.344004037466 -0.288531569848 427.233
1873/05 2024 06 18 09 01 49.728 4224.447 107.595 5317.618 0.197332245081 7.343843629825 -0.295295436125 427.239
1873/05 2024 06 18 09 01 50.728 4224.642 114.939 5317.319 0.193067787119 7.343674569324 -0.302058906677 427.246
1873/05 2024 06 18 09 01 51.728 4224.833 122.282 5317.014 0.188803076382 7.343496856269 -0.308821972955 427.252
1873/05 2024 06 18 09 01 52.728 4225.019 129.626 5316.702 0.184538116957 7.343310490974 -0.315584626411 427.258
1873/05 2024 06 18 09 01 53.728 4225.202 136.969 5316.383 0.180272912929 7.343115473764 -0.322346858495 427.265
1873/05 2024 06 18 09 01 54.728 4225.380 144.312 5316.057 0.176007468383 7.342911804975 -0.329108660661 427.271
1873/05 2024 06 18 09 01 55.728 4225.554 151.655 5315.725 0.171741787405 7.342699484951 -0.335870024361 427.277
1873/05 2024 06 18 09 01 56.728 4225.724 158.997 5315.385 0.167475874082 7.342478514048 -0.342630941048 427.283
1873/05 2024 06 18 09 01 57.728 4225.889 166.340 5315.039 0.163209732500 7.342248892632 -0.349391402177 427.290
1873/05 2024 06 18 09 01 58.728 4226.050 173.682 5314.687 0.158943366746 7.342010621076 -0.356151399202 427.296
1873/05 2024 06 18 09 01 59.728 4226.207 181.024 5314.327 0.154676780906 7.341763699768 -0.362910923578 427.302
1873/05 2024 06 18 09 02 00.728 4226.359 188.365 5313.961 0.150409979069 7.341508129103 -0.369669966762 427.308
1873/05 2024 06 18 09 02 01.728 4226.508 195.707 5313.588 0.146142965322 7.341243909486 -0.376428520209 427.314
1873/05 2024 06 18 09 02 02.728 4226.652 203.048 5313.208 0.141875743753 7.340971041334 -0.383186575377 427.320
1873/05 2024 06 18 09 02 03.728 4226.791 210.389 5312.821 0.137608318450 7.340689525072 -0.389944123724 427.326
1873/05 2024 06 18 09 02 04.728 4226.927 217.729 5312.428 0.133340693501 7.340399361137 -0.396701156709 427.332
1873/05 2024 06 18 09 02 05.728 4227.058 225.069 5312.028 0.129072872996 7.340100549975 -0.403457665790 427.338
1873/05 2024 06 18 09 02 06.728 4227.185 232.409 5311.621 0.124804861022 7.339793092042 -0.410213642427 427.344
1873/05 2024 06 18 09 02 07.728 4227.308 239.749 5311.207 0.120536661670 7.339476987804 -0.416969078082 427.350
1873/05 2024 06 18 09 02 08.728 4227.426 247.088 5310.787 0.116268279029 7.339152237738 -0.423723964214 427.356
1873/05 2024 06 18 09 02 09.728 4227.540 254.427 5310.360 0.111999717187 7.338818842331 -0.430478292288 427.362
1873/05 2024 06 18 09 02 10.728 4227.650 261.766 5309.926 0.107730980237 7.338476802079 -0.437232053764 427.368
1873/05 2024 06 18 09 02 11.728 4227.756 269.104 5309.486 0.103462072266 7.338126117489 -0.443985240107 427.374
1873/05 2024 06 18 09 02 12.728 4227.857 276.442 5309.038 0.099192997367 7.337766789079 -0.450737842781 427.380
1873/05 2024 06 18 09 02 13.728 4227.954 283.780 5308.584 0.094923759629 7.337398817374 -0.457489853251 427.386
1873/05 2024 06 18 09 02 14.728 4228.047 291.117 5308.123 0.090654363144 7.337022202912 -0.464241262983 427.392
1873/05 2024 06 18 09 02 15.728 4228.135 298.454 5307.656 0.086384812003 7.336636946241 -0.470992063443 427.397
1873/05 2024 06 18 09 02 16.728 4228.220 305.790 5307.181 0.082115110296 7.336243047917 -0.477742246099 427.403
1873/05 2024 06 18 09 02 17.728 4228.300 313.126 5306.700 0.077845262117 7.335840508509 -0.484491802420 427.409
1873/05 2024 06 18 09 02 18.728 4228.375 320.462 5306.212 0.073575271555 7.335429328593 -0.491240723873 427.414
1873/05 2024 06 18 09 02 19.728 4228.447 327.797 5305.718 0.069305142704 7.335009508757 -0.497989001929 427.420
1873/05 2024 06 18 09 02 20.728 4228.514 335.132 5305.216 0.065034879656 7.334581049600 -0.504736628059 427.426
1873/05 2024 06 18 09 02 21.728 4228.577 342.466 5304.708 0.060764486502 7.334143951728 -0.511483593734 427.431
1873/05 2024 06 18 09 02 22.728 4228.635 349.800 5304.193 0.056493967337 7.333698215759 -0.518229890426 427.437
1873/05 2024 06 18 09 02 23.728 4228.690 357.134 5303.672 0.052223326252 7.333243842323 -0.524975509610 427.443
1873/05 2024 06 18 09 02 24.728 4228.740 364.467 5303.143 0.047952567340 7.332780832056 -0.531720442758 427.448
1873/05 2024 06 18 09 02 25.728 4228.786 371.799 5302.608 0.043681694696 7.332309185607 -0.538464681346 427.454
1873/05 2024 06 18 09 02 26.728 4228.827 379.131 5302.066 0.039410712411 7.331828903634 -0.545208216851 427.459
1873/05 2024 06 18 09 02 27.728 4228.864 386.463 5301.518 0.035139624581 7.331339986806 -0.551951040748 427.465
1873/05 2024 06 18 09 02 28.728 4228.897 393.794 5300.963 0.030868435299 7.330842435802 -0.558693144516 427.470
1873/05 2024 06 18 09 02 29.728 4228.926 401.125 5300.400 0.026597148659 7.330336251309 -0.565434519632 427.475
1873/05 2024 06 18 09 02 30.728 4228.951 408.455 5299.832 0.022325768755 7.329821434026 -0.572175157578 427.481
1873/05 2024 06 18 09 02 31.728 4228.971 415.784 5299.256 0.018054299681 7.329297984663 -0.578915049834 427.486
1873/05 2024 06 18 09 02 32.728 4228.987 423.113 5298.674 0.013782745532 7.328765903938 -0.585654187880 427.492
1873/05 2024 06 18 09 02 33.728 4228.998 430.442 5298.085 0.009511110403 7.328225192581 -0.592392563200 427.497
1873/05 2024 06 18 09 02 34.728 4229.006 437.770 5297.489 0.005239398389 7.327675851329 -0.599130167277 427.502
1873/05 2024 06 18 09 02 35.728 4229.009 445.097 5296.887 0.000967613585 7.327117880933 -0.605866991596 427.507
1873/05 2024 06 18 09 02 36.728 4229.008 452.424 5296.277 -0.003304239915 7.326551282151 -0.612603027642 427.513
1873/05 2024 06 18 09 02 37.728 4229.002 459.750 5295.661 -0.007576158013 7.325976055754 -0.619338266902 427.518
1873/05 2024 06 18 09 02 38.728 4228.993 467.076 5295.039 -0.011848136616 7.325392202520 -0.626072700862 427.523
1873/05 2024 06 18 09 02 39.728 4228.979 474.401 5294.409 -0.016120171627 7.324799723239 -0.632806321013 427.528
1873/05 2024 06 18 09 02 40.728 4228.960 481.725 5293.773 -0.020392258950 7.324198618710 -0.639539118843 427.533
1873/05 2024 06 18 09 02 41.728 4228.938 489.049 5293.130 -0.024664394490 7.323588889744 -0.646271085843 427.539
1873/05 2024 06 18 09 02 42.728 4228.911 496.373 5292.480 -0.028936574150 7.322970537160 -0.653002213505 427.544
1873/05 2024 06 18 09 02 43.728 4228.880 503.695 5291.824 -0.033208793833 7.322343561788 -0.659732493322 427.549
1873/05 2024 06 18 09 02 44.728 4228.845 511.017 5291.161 -0.037481049444 7.321707964467 -0.666461916788 427.554
1873/05 2024 06 18 09 02 45.728 4228.805 518.339 5290.491 -0.041753336885 7.321063746049 -0.673190475397 427.559
1873/05 2024 06 18 09 02 46.728 4228.761 525.659 5289.815 -0.046025652061 7.320410907394 -0.679918160646 427.564
1873/05 2024 06 18 09 02 47.728 4228.713 532.980 5289.131 -0.050297990874 7.319749449370 -0.686644964033 427.569
1873/05 2024 06 18 09 02 48.728 4228.660 540.299 5288.441 -0.054570349226 7.319079372860 -0.693370877054 427.574
1873/05 2024 06 18 09 02 49.728 4228.604 547.618 5287.745 -0.058842723022 7.318400678752 -0.700095891211 427.579
1873/05 2024 06 18 09 02 50.728 4228.543 554.936 5287.041 -0.063115108164 7.317713367948 -0.706819998004 427.584
1873/05 2024 06 18 09 02 51.728 4228.478 562.253 5286.331 -0.067387500554 7.317017441359 -0.713543188934 427.589
1873/05 2024 06 18 09 02 52.728 4228.408 569.570 5285.614 -0.071659896095 7.316312899905 -0.720265455505 427.593
1873/05 2024 06 18 09 02 53.728 4228.334 576.886 5284.890 -0.075932290689 7.315599744516 -0.726986789220 427.598
1873/05 2024 06 18 09 02 54.728 4228.256 584.201 5284.160 -0.080204680240 7.314877976133 -0.733707181586 427.603
1873/05 2024 06 18 09 02 55.728 4228.174 591.515 5283.423 -0.084477060648 7.314147595709 -0.740426624108 427.608
1873/05 2024 06 18 09 02 56.728 4228.087 598.829 5282.679 -0.088749427816 7.313408604202 -0.747145108295 427.613
1873/05 2024 06 18 09 02 57.728 4227.996 606.142 5281.929 -0.093021777646 7.312661002585 -0.753862625656 427.617
1873/05 2024 06 18 09 02 58.728 4227.901 613.455 5281.172 -0.097294106040 7.311904791839 -0.760579167701 427.622
1873/05 2024 06 18 09 02 59.728 4227.802 620.766 5280.408 -0.101566408899 7.311139972954 -0.767294725941 427.627
1873/05 2024 06 18 09 03 00.728 4227.698 628.077 5279.637 -0.105838682127 7.310366546933 -0.774009291889 427.631
1873/05 2024 06 18 09 03 01.728 4227.590 635.387 5278.860 -0.110110921623 7.309584514786 -0.780722857060 427.636
1873/05 2024 06 18 09 03 02.728 4227.478 642.696 5278.076 -0.114383123290 7.308793877535 -0.787435412968 427.641
1873/05 2024 06 18 09 03 03.728 4227.361 650.004 5277.285 -0.118655283029 7.307994636212 -0.794146951131 427.645
1873/05 2024 06 18 09 03 04.728 4227.240 657.312 5276.487 -0.122927396742 7.307186791858 -0.800857463066 427.650
1873/05 2024 06 18 09 03 05.728 4227.115 664.619 5275.683 -0.127199460329 7.306370345524 -0.807566940292 427.654
1873/05 2024 06 18 09 03 06.728 4226.986 671.925 5274.872 -0.131471469693 7.305545298273 -0.814275374330 427.659
1873/05 2024 06 18 09 03 07.728 4226.852 679.230 5274.054 -0.135743420734 7.304711651176 -0.820982756703 427.663
1873/05 2024 06 18 09 03 08.728 4226.715 686.534 5273.230 -0.140015309353 7.303869405315 -0.827689078932 427.668
1873/05 2024 06 18 09 03 09.728 4226.572 693.838 5272.399 -0.144287131452 7.303018561782 -0.834394332543 427.672
1873/05 2024 06 18 09 03 10.728 4226.426 701.140 5271.561 -0.148558882932 7.302159121679 -0.841098509061 427.677
1873/05 2024 06 18 09 03 11.728 4226.275 708.442 5270.717 -0.152830559693 7.301291086119 -0.847801600015 427.681
1873/05 2024 06 18 09 03 12.728 4226.120 715.743 5269.866 -0.157102157637 7.300414456222 -0.854503596932 427.686
1873/05 2024 06 18 09 03 13.728 4225.961 723.043 5269.008 -0.161373672664 7.299529233123 -0.861204491344 427.690
1873/05 2024 06 18 09 03 14.728 4225.798 730.342 5268.143 -0.165645100675 7.298635417961 -0.867904274780 427.694
1873/05 2024 06 18 09 03 15.728 4225.630 737.640 5267.272 -0.169916437571 7.297733011891 -0.874602938775 427.698
1873/05 2024 06 18 09 03 16.728 4225.458 744.937 5266.394 -0.174187679252 7.296822016075 -0.881300474862 427.703
1873/05 2024 06 18 09 03 17.728 4225.281 752.234 5265.509 -0.178458821620 7.295902431684 -0.887996874578 427.707
1873/05 2024 06 18 09 03 18.728 4225.101 759.529 5264.618 -0.182729860575 7.294974259901 -0.894692129460 427.711
1873/05 2024 06 18 09 03 19.728 4224.916 766.824 5263.720 -0.187000792018 7.294037501919 -0.901386231046 427.715
1873/05 2024 06 18 09 03 20.728 4224.727 774.117 5262.815 -0.191271611849 7.293092158941 -0.908079170876 427.720
1873/05 2024 06 18 09 03 21.728 4224.533 781.410 5261.904 -0.195542315969 7.292138232179 -0.914770940493 427.724
1873/05 2024 06 18 09 03 22.728 4224.336 788.701 5260.986 -0.199812900279 7.291175722856 -0.921461531439 427.728
1873/05 2024 06 18 09 03 23.728 4224.134 795.992 5260.061 -0.204083360678 7.290204632204 -0.928150935259 427.732
1873/05 2024 06 18 09 03 24.728 4223.928 803.282 5259.129 -0.208353693069 7.289224961467 -0.934839143500 427.736
1873/05 2024 06 18 09 03 25.728 4223.717 810.571 5258.191 -0.212623893350 7.288236711897 -0.941526147708 427.740
1873/05 2024 06 18 09 03 26.728 4223.502 817.858 5257.246 -0.216893957424 7.287239884757 -0.948211939434 427.744
1873/05 2024 06 18 09 03 27.728 4223.283 825.145 5256.295 -0.221163881190 7.286234481320 -0.954896510227 427.748
1873/05 2024 06 18 09 03 28.728 4223.060 832.431 5255.337 -0.225433660549 7.285220502869 -0.961579851641 427.752
1873/05 2024 06 18 09 03 29.728 4222.832 839.716 5254.372 -0.229703291401 7.284197950698 -0.968261955229 427.756
1873/05 2024 06 18 09 03 30.728 4222.601 846.999 5253.400 -0.233972769648 7.283166826108 -0.974942812547 427.760
1873/05 2024 06 18 09 03 31.728 4222.365 854.282 5252.422 -0.238242091189 7.282127130414 -0.981622415151 427.764
1873/05 2024 06 18 09 03 32.728 4222.124 861.563 5251.437 -0.242511251925 7.281078864938 -0.988300754601 427.768
1873/05 2024 06 18 09 03 33.728 4221.880 868.844 5250.445 -0.246780247758 7.280022031014 -0.994977822457 427.772
1873/05 2024 06 18 09 03 34.728 4221.631 876.123 5249.447 -0.251049074587 7.278956629985 -1.001653610280 427.776
1873/05 2024 06 18 09 03 35.728 4221.377 883.402 5248.442 -0.255317728313 7.277882663204 -1.008328109635 427.779
1873/05 2024 06 18 09 03 36.728 4221.120 890.679 5247.430 -0.259586204837 7.276800132034 -1.015001312086 427.783
1873/05 2024 06 18 09 03 37.728 4220.858 897.956 5246.412 -0.263854500060 7.275709037849 -1.021673209200 427.787
1873/05 2024 06 18 09 03 38.728 4220.592 905.231 5245.387 -0.268122609882 7.274609382032 -1.028343792545 427.791
1873/05 2024 06 18 09 03 39.728 4220.322 912.505 5244.355 -0.272390530204 7.273501165976 -1.035013053693 427.794
1873/05 2024 06 18 09 03 40.728 4220.047 919.778 5243.317 -0.276658256928 7.272384391085 -1.041680984214 427.798
1873/05 2024 06 18 09 03 41.728 4219.769 927.049 5242.272 -0.280925785954 7.271259058773 -1.048347575682 427.802
1873/05 2024 06 18 09 03 42.728 4219.486 934.320 5241.220 -0.285193113183 7.270125170462 -1.055012819673 427.805
1873/05 2024 06 18 09 03 43.728 4219.198 941.590 5240.162 -0.289460234515 7.268982727586 -1.061676707763 427.809
1873/05 2024 06 18 09 03 44.728 4218.907 948.858 5239.097 -0.293727145853 7.267831731589 -1.068339231532 427.813
1873/05 2024 06 18 09 03 45.728 4218.611 956.125 5238.025 -0.297993843097 7.266672183924 -1.075000382559 427.816
1873/05 2024 06 18 09 03 46.728 4218.311 963.391 5236.947 -0.302260322148 7.265504086055 -1.081660152427 427.820
1873/05 2024 06 18 09 03 47.728 4218.006 970.656 5235.862 -0.306526578908 7.264327439455 -1.088318532719 427.823
1873/05 2024 06 18 09 03 48.728 4217.698 977.920 5234.770 -0.310792609278 7.263142245607 -1.094975515022 427.827
1873/05 2024 06 18 09 03 49.728 4217.385 985.183 5233.672 -0.315058409159 7.261948506006 -1.101631090923 427.830
1873/05 2024 06 18 09 03 50.728 4217.068 992.444 5232.567 -0.319323974453 7.260746222155 -1.108285252011 427.834
1873/05 2024 06 18 09 03 51.728 4216.746 999.704 5231.455 -0.323589301061 7.259535395567 -1.114937989877 427.837
1873/05 2024 06 18 09 03 52.728 4216.420 1006.963 5230.337 -0.327854384886 7.258316027766 -1.121589296115 427.841
1873/05 2024 06 18 09 03 53.728 4216.090 1014.221 5229.212 -0.332119221828 7.257088120286 -1.128239162318 427.844
1873/05 2024 06 18 09 03 54.728 4215.756 1021.477 5228.081 -0.336383807789 7.255851674669 -1.134887580084 427.847
1873/05 2024 06 18 09 03 55.728 4215.418 1028.733 5226.942 -0.340648138672 7.254606692471 -1.141534541011 427.851
1873/05 2024 06 18 09 03 56.728 4215.075 1035.986 5225.798 -0.344912210378 7.253353175253 -1.148180036699 427.854
1873/05 2024 06 18 09 03 57.728 4214.728 1043.239 5224.646 -0.349176018810 7.252091124591 -1.154824058750 427.857
1873/05 2024 06 18 09 03 58.728 4214.376 1050.491 5223.488 -0.353439559869 7.250820542067 -1.161466598768 427.861
1873/05 2024 06 18 09 03 59.728 4214.021 1057.741 5222.323 -0.357702829459 7.249541429275 -1.168107648360 427.864
1873/05 2024 06 18 09 04 00.728 4213.661 1064.990 5221.152 -0.361965823481 7.248253787818 -1.174747199133 427.867
1873/05 2024 06 18 09 04 01.728 4213.297 1072.237 5219.974 -0.366228537838 7.246957619310 -1.181385242696 427.870
1873/05 2024 06 18 09 04 02.728 4212.929 1079.484 5218.789 -0.370490968432 7.245652925375 -1.188021770661 427.873
1873/05 2024 06 18 09 04 03.728 4212.556 1086.729 5217.598 -0.374753111167 7.244339707646 -1.194656774643 427.876
1873/05 2024 06 18 09 04 04.728 4212.179 1093.972 5216.400 -0.379014961945 7.243017967766 -1.201290246255 427.880
1873/05 2024 06 18 09 04 05.728 4211.798 1101.215 5215.195 -0.383276516670 7.241687707390 -1.207922177117 427.883
1873/05 2024 06 18 09 04 06.728 4211.413 1108.456 5213.984 -0.387537771243 7.240348928179 -1.214552558846 427.886
1873/05 2024 06 18 09 04 07.728 4211.023 1115.695 5212.766 -0.391798721570 7.239001631809 -1.221181383065 427.889
1873/05 2024 06 18 09 04 08.728 4210.629 1122.934 5211.541 -0.396059363553 7.237645819961 -1.227808641397 427.892
1873/05 2024 06 18 09 04 09.728 4210.231 1130.171 5210.310 -0.400319693095 7.236281494331 -1.234434325467 427.895
1873/05 2024 06 18 09 04 10.728 4209.828 1137.406 5209.073 -0.404579706101 7.234908656620 -1.241058426902 427.898
1873/05 2024 06 18 09 04 11.728 4209.422 1144.640 5207.828 -0.408839398475 7.233527308542 -1.247680937333 427.901
1873/05 2024 06 18 09 04 12.728 4209.011 1151.873 5206.577 -0.413098766119 7.232137451821 -1.254301848390 427.904
1873/05 2024 06 18 09 04 13.728 4208.595 1159.105 5205.320 -0.417357804939 7.230739088189 -1.260921151706 427.907
1873/05 2024 06 18 09 04 14.728 4208.176 1166.335 5204.055 -0.421616510839 7.229332219390 -1.267538838918 427.910
1873/05 2024 06 18 09 04 15.728 4207.752 1173.563 5202.784 -0.425874879723 7.227916847177 -1.274154901662 427.912
1873/05 2024 06 18 09 04 16.728 4207.324 1180.791 5201.507 -0.430132907495 7.226492973313 -1.280769331578 427.915
1873/05 2024 06 18 09 04 17.728 4206.892 1188.016 5200.223 -0.434390590062 7.225060599570 -1.287382120309 427.918
1873/05 2024 06 18 09 04 18.728 4206.455 1195.241 5198.932 -0.438647923327 7.223619727733 -1.293993259497 427.921
1873/05 2024 06 18 09 04 19.728 4206.015 1202.464 5197.635 -0.442904903196 7.222170359594 -1.300602740789 427.924
1873/05 2024 06 18 09 04 20.728 4205.570 1209.685 5196.331 -0.447161525574 7.220712496956 -1.307210555832 427.926
1873/05 2024 06 18 09 04 21.728 4205.120 1216.905 5195.021 -0.451417786367 7.219246141631 -1.313816696277 427.929
1873/05 2024 06 18 09 04 22.728 4204.667 1224.124 5193.703 -0.455673681480 7.217771295443 -1.320421153776 427.932
1873/05 2024 06 18 09 04 23.728 4204.209 1231.341 5192.380 -0.459929206819 7.216287960224 -1.327023919982 427.934
1873/05 2024 06 18 09 04 24.728 4203.747 1238.556 5191.049 -0.464184358291 7.214796137817 -1.333624986554 427.937
1873/05 2024 06 18 09 04 25.728 4203.281 1245.770 5189.712 -0.468439131801 7.213295830074 -1.340224345149 427.940
1873/05 2024 06 18 09 04 26.728 4202.810 1252.983 5188.369 -0.472693523256 7.211787038858 -1.346821987428 427.942
1873/05 2024 06 18 09 04 27.728 4202.335 1260.194 5187.019 -0.476947528563 7.210269766042 -1.353417905054 427.945
1873/05 2024 06 18 09 04 28.728 4201.856 1267.403 5185.662 -0.481201143629 7.208744013507 -1.360012089693 427.947
1873/05 2024 06 18 09 04 29.728 4201.373 1274.611 5184.299 -0.485454364360 7.207209783146 -1.366604533011 427.950
1873/05 2024 06 18 09 04 30.728 4200.885 1281.818 5182.929 -0.489707186664 7.205667076861 -1.373195226679 427.953
1873/05 2024 06 18 09 04 31.728 4200.393 1289.023 5181.552 -0.493959606449 7.204115896564 -1.379784162368 427.955
1873/05 2024 06 18 09 04 32.728 4199.897 1296.226 5180.169 -0.498211619622 7.202556244178 -1.386371331752 427.957
1873/05 2024 06 18 09 04 33.728 4199.397 1303.428 5178.780 -0.502463222091 7.200988121634 -1.392956726508 427.960
1873/05 2024 06 18 09 04 34.728 4198.892 1310.628 5177.383 -0.506714409764 7.199411530875 -1.399540338315 427.962
1873/05 2024 06 18 09 04 35.728 4198.384 1317.827 5175.981 -0.510965178550 7.197826473851 -1.406122158852 427.965
1873/05 2024 06 18 09 04 36.728 4197.870 1325.024 5174.571 -0.515215524357 7.196232952525 -1.412702179804 427.967
1873/05 2024 06 18 09 04 37.728 4197.353 1332.219 5173.155 -0.519465443095 7.194630968868 -1.419280392855 427.969
1873/05 2024 06 18 09 04 38.728 4196.831 1339.413 5171.733 -0.523714930671 7.193020524862 -1.425856789694 427.972
1873/05 2024 06 18 09 04 39.728 4196.306 1346.605 5170.303 -0.527963982997 7.191401622499 -1.432431362010 427.974
1873/05 2024 06 18 09 04 40.728 4195.776 1353.796 5168.868 -0.532212595981 7.189774263778 -1.439004101495 427.976
1873/05 2024 06 18 09 04 41.728 4195.241 1360.985 5167.425 -0.536460765532 7.188138450713 -1.445574999845 427.979
1873/05 2024 06 18 09 04 42.728 4194.703 1368.172 5165.977 -0.540708487562 7.186494185323 -1.452144048757 427.981
1873/05 2024 06 18 09 04 43.728 4194.160 1375.358 5164.521 -0.544955757981 7.184841469639 -1.458711239929 427.983
1873/05 2024 06 18 09 04 44.728 4193.613 1382.542 5163.059 -0.549202572698 7.183180305703 -1.465276565063 427.985
1873/05 2024 06 18 09 04 45.728 4193.061 1389.724 5161.591 -0.553448927626 7.181510695566 -1.471840015863 427.987
1873/05 2024 06 18 09 04 46.728 4192.506 1396.905 5160.115 -0.557694818674 7.179832641287 -1.478401584037 427.990
1873/05 2024 06 18 09 04 47.728 4191.946 1404.084 5158.634 -0.561940241756 7.178146144938 -1.484961261292 427.992
1873/05 2024 06 18 09 04 48.728 4191.382 1411.261 5157.146 -0.566185192781 7.176451208598 -1.491519039340 427.994
1873/05 2024 06 18 09 04 49.728 4190.814 1418.436 5155.651 -0.570429667662 7.174747834358 -1.498074909895 427.996
1873/05 2024 06 18 09 04 50.728 4190.241 1425.610 5154.149 -0.574673662312 7.173036024318 -1.504628864672 427.998
1873/05 2024 06 18 09 04 51.728 4189.664 1432.783 5152.641 -0.578917172643 7.171315780589 -1.511180895390 428.000
1873/05 2024 06 18 09 04 52.728 4189.083 1439.953 5151.127 -0.583160194567 7.169587105289 -1.517730993770 428.002
1873/05 2024 06 18 09 04 53.728 4188.498 1447.122 5149.606 -0.587402723998 7.167850000548 -1.524279151536 428.004
1873/05 2024 06 18 09 04 54.728 4187.908 1454.289 5148.078 -0.591644756849 7.166104468507 -1.530825360412 428.006
1873/05 2024 06 18 09 04 55.728 4187.315 1461.454 5146.544 -0.595886289034 7.164350511314 -1.537369612128 428.008
1873/05 2024 06 18 09 04 56.728 4186.717 1468.617 5145.004 -0.600127316467 7.162588131129 -1.543911898415 428.010
1873/05 2024 06 18 09 04 57.728 4186.114 1475.779 5143.457 -0.604367835062 7.160817330121 -1.550452211005 428.012
1873/05 2024 06 18 09 04 58.728 4185.508 1482.939 5141.903 -0.608607840733 7.159038110469 -1.556990541634 428.013
1873/05 2024 06 18 09 04 59.728 4184.897 1490.097 5140.343 -0.612847329395 7.157250474361 -1.563526882041 428.015
1873/05 2024 06 18 09 05 00.728 4184.282 1497.254 5138.776 -0.617086296965 7.155454423997 -1.570061223967 428.017
1873/05 2024 06 18 09 05 01.728 4183.663 1504.408 5137.202 -0.621324739356 7.153649961584 -1.576593559154 428.019
1873/05 2024 06 18 09 05 02.728 4183.040 1511.561 5135.623 -0.625562652486 7.151837089342 -1.583123879348 428.021
1873/05 2024 06 18 09 05 03.728 4182.412 1518.712 5134.036 -0.629800032269 7.150015809497 -1.589652176299 428.022
1873/05 2024 06 18 09 05 04.728 4181.780 1525.861 5132.443 -0.634036874623 7.148186124289 -1.596178441757 428.024
1873/05 2024 06 18 09 05 05.728 4181.144 1533.008 5130.844 -0.638273175465 7.146348035965 -1.602702667475 428.026
1873/05 2024 06 18 09 05 06.728 4180.503 1540.154 5129.238 -0.642508930711 7.144501546782 -1.609224845210 428.028
1873/05 2024 06 18 09 05 07.728 4179.859 1547.297 5127.625 -0.646744136279 7.142646659009 -1.615744966720 428.029
1873/05 2024 06 18 09 05 08.728 4179.210 1554.439 5126.006 -0.650978788087 7.140783374921 -1.622263023768 428.031
1873/05 2024 06 18 09 05 09.728 4178.557 1561.579 5124.381 -0.655212882053 7.138911696807 -1.628779008116 428.032
1873/05 2024 06 18 09 05 10.728 4177.900 1568.717 5122.749 -0.659446414095 7.137031626964 -1.635292911531 428.034
1873/05 2024 06 18 09 05 11.728 4177.238 1575.853 5121.110 -0.663679380132 7.135143167697 -1.641804725782 428.036
1873/05 2024 06 18 09 05 12.728 4176.572 1582.987 5119.465 -0.667911776084 7.133246321324 -1.648314442642 428.037
1873/05 2024 06 18 09 05 13.728 4175.902 1590.119 5117.814 -0.672143597870 7.131341090170 -1.654822053885 428.039
1873/05 2024 06 18 09 05 14.728 4175.228 1597.250 5116.156 -0.676374841410 7.129427476573 -1.661327551287 428.040
1873/05 2024 06 18 09 05 15.728 4174.549 1604.378 5114.491 -0.680605502624 7.127505482877 -1.667830926629 428.042
1873/05 2024 06 18 09 05 16.728 4173.867 1611.505 5112.820 -0.684835577433 7.125575111439 -1.674332171694 428.043
1873/05 2024 06 18 09 05 17.728 4173.180 1618.629 5111.142 -0.689065061758 7.123636364623 -1.680831278266 428.045
1873/05 2024 06 18 09 05 18.728 4172.489 1625.752 5109.458 -0.693293951520 7.121689244806 -1.687328238133 428.046
1873/05 2024 06 18 09 05 19.728 4171.793 1632.873 5107.768 -0.697522242641 7.119733754372 -1.693823043086 428.047
1873/05 2024 06 18 09 05 20.728 4171.094 1639.991 5106.071 -0.701749931043 7.117769895716 -1.700315684918 428.049
1873/05 2024 06 18 09 05 21.728 4170.390 1647.108 5104.367 -0.705977012648 7.115797671243 -1.706806155425 428.050
1873/05 2024 06 18 09 05 22.728 4169.682 1654.223 5102.657 -0.710203483380 7.113817083367 -1.713294446406 428.051
1873/05 2024 06 18 09 05 23.728 4168.969 1661.336 5100.940 -0.714429339162 7.111828134512 -1.719780549663 428.053
1873/05 2024 06 18 09 05 24.728 4168.253 1668.447 5099.217 -0.718654575917 7.109830827113 -1.726264456999 428.054
1873/05 2024 06 18 09 05 25.728 4167.532 1675.555 5097.488 -0.722879189569 7.107825163612 -1.732746160223 428.055
1873/05 2024 06 18 09 05 26.728 4166.807 1682.662 5095.752 -0.727103176043 7.105811146464 -1.739225651143 428.057
1873/05 2024 06 18 09 05 27.728 4166.078 1689.767 5094.009 -0.731326531265 7.103788778131 -1.745702921572 428.058
1873/05 2024 06 18 09 05 28.728 4165.344 1696.870 5092.261 -0.735549251158 7.101758061087 -1.752177963326 428.059
1873/05 2024 06 18 09 05 29.728 4164.607 1703.971 5090.505 -0.739771331649 7.099718997814 -1.758650768223 428.060
1873/05 2024 06 18 09 05 30.728 4163.865 1711.069 5088.743 -0.743992768663 7.097671590805 -1.765121328084 428.061
1873/05 2024 06 18 09 05 31.728 4163.119 1718.166 5086.975 -0.748213558128 7.095615842561 -1.771589634733 428.062
1873/05 2024 06 18 09 05 32.728 4162.368 1725.260 5085.200 -0.752433695971 7.093551755596 -1.778055679996 428.063
1873/05 2024 06 18 09 05 33.728 4161.614 1732.353 5083.419 -0.756653178117 7.091479332430 -1.784519455704 428.065
1873/05 2024 06 18 09 05 34.728 4160.855 1739.443 5081.631 -0.760872000496 7.089398575595 -1.790980953688 428.066
1873/05 2024 06 18 09 05 35.728 4160.092 1746.532 5079.837 -0.765090159036 7.087309487633 -1.797440165784 428.067
1873/05 2024 06 18 09 05 36.728 4159.325 1753.618 5078.036 -0.769307649665 7.085212071094 -1.803897083830 428.068
1873/05 2024 06 18 09 05 37.728 4158.553 1760.702 5076.229 -0.773524468311 7.083106328538 -1.810351699667 428.069
1873/05 2024 06 18 09 05 38.728 4157.778 1767.784 5074.415 -0.777740610906 7.080992262537 -1.816804005139 428.070
1873/05 2024 06 18 09 05 39.728 4156.998 1774.864 5072.595 -0.781956073378 7.078869875669 -1.823253992093 428.071
1873/05 2024 06 18 09 05 40.728 4156.214 1781.942 5070.769 -0.786170851657 7.076739170526 -1.829701652378 428.072
1873/05 2024 06 18 09 05 41.728 4155.426 1789.018 5068.936 -0.790384941676 7.074600149707 -1.836146977848 428.072
1873/05 2024 06 18 09 05 42.728 4154.633 1796.091 5067.097 -0.794598339365 7.072452815820 -1.842589960357 428.073
1873/05 2024 06 18 09 05 43.728 4153.836 1803.163 5065.251 -0.798811040655 7.070297171485 -1.849030591765 428.074
1873/05 2024 06 18 09 05 44.728 4153.035 1810.232 5063.399 -0.803023041479 7.068133219330 -1.855468863932 428.075
1873/05 2024 06 18 09 05 45.728 4152.230 1817.299 5061.540 -0.807234337770 7.065960961994 -1.861904768724 428.076
1873/05 2024 06 18 09 05 46.728 4151.421 1824.364 5059.675 -0.811444925460 7.063780402124 -1.868338298008 428.077
1873/05 2024 06 18 09 05 47.728 4150.607 1831.426 5057.803 -0.815654800484 7.061591542379 -1.874769443654 428.077
1873/05 2024 06 18 09 05 48.728 4149.790 1838.487 5055.925 -0.819863958775 7.059394385426 -1.881198197536 428.078
1873/05 2024 06 18 09 05 49.728 4148.968 1845.545 5054.041 -0.824072396267 7.057188933942 -1.887624551530 428.079
1873/05 2024 06 18 09 05 50.728 4148.142 1852.601 5052.150 -0.828280108896 7.054975190614 -1.894048497515 428.080
1873/05 2024 06 18 09 05 51.728 4147.311 1859.655 5050.253 -0.832487092598 7.052753158138 -1.900470027375 428.080
1873/05 2024 06 18 09 05 52.728 4146.477 1866.707 5048.349 -0.836693343307 7.050522839220 -1.906889132993 428.081
1873/05 2024 06 18 09 05 53.728 4145.638 1873.756 5046.439 -0.840898856961 7.048284236577 -1.913305806260 428.082
1873/05 2024 06 18 09 05 54.728 4144.795 1880.803 5044.522 -0.845103629496 7.046037352934 -1.919720039066 428.082
1873/05 2024 06 18 09 05 55.728 4143.948 1887.848 5042.600 -0.849307656851 7.043782191025 -1.926131823306 428.083
1873/05 2024 06 18 09 05 56.728 4143.096 1894.891 5040.670 -0.853510934962 7.041518753597 -1.932541150878 428.083
1873/05 2024 06 18 09 05 57.728 4142.241 1901.931 5038.734 -0.857713459768 7.039247043403 -1.938948013683 428.084
1873/05 2024 06 18 09 05 58.728 4141.381 1908.969 5036.792 -0.861915227208 7.036967063207 -1.945352403624 428.085
1873/05 2024 06 18 09 05 59.728 4140.517 1916.005 5034.844 -0.866116233222 7.034678815784 -1.951754312608 428.085
1873/05 2024 06 18 09 06 00.728 4139.649 1923.039 5032.889 -0.870316473749 7.032382303916 -1.958153732546 428.086
1873/05 2024 06 18 09 06 01.728 4138.776 1930.070 5030.927 -0.874515944730 7.030077530398 -1.964550655350 428.086
1873/05 2024 06 18 09 06 02.728 4137.899 1937.099 5028.960 -0.878714642106 7.027764498031 -1.970945072937 428.087
1873/05 2024 06 18 09 06 03.728 4137.019 1944.125 5026.986 -0.882912561818 7.025443209629 -1.977336977226 428.087
1873/05 2024 06 18 09 06 04.728 4136.134 1951.150 5025.005 -0.887109699808 7.023113668012 -1.983726360140 428.087
1873/05 2024 06 18 09 06 05.728 4135.244 1958.172 5023.018 -0.891306052018 7.020775876014 -1.990113213605 428.088
1873/05 2024 06 18 09 06 06.728 4134.351 1965.191 5021.025 -0.895501614393 7.018429836475 -1.996497529549 428.088
1873/05 2024 06 18 09 06 07.728 4133.453 1972.209 5019.025 -0.899696382875 7.016075552246 -2.002879299904 428.089
1873/05 2024 06 18 09 06 08.728 4132.552 1979.223 5017.019 -0.903890353408 7.013713026188 -2.009258516606 428.089
1873/05 2024 06 18 09 06 09.728 4131.646 1986.236 5015.007 -0.908083521937 7.011342261171 -2.015635171593 428.089
1873/05 2024 06 18 09 06 10.728 4130.735 1993.246 5012.988 -0.912275884408 7.008963260075 -2.022009256806 428.089
1873/05 2024 06 18 09 06 11.728 4129.821 2000.254 5010.963 -0.916467436765 7.006576025790 -2.028380764191 428.090
1873/05 2024 06 18 09 06 12.728 4128.903 2007.259 5008.931 -0.920658174955 7.004180561214 -2.034749685696 428.090
1873/05 2024 06 18 09 06 13.728 4127.980 2014.262 5006.893 -0.924848094926 7.001776869255 -2.041116013271 428.090
1873/05 2024 06 18 09 06 14.728 4127.053 2021.263 5004.849 -0.929037192624 6.999364952834 -2.047479738872 428.090
1873/05 2024 06 18 09 06 15.728 4126.122 2028.261 5002.798 -0.933225463997 6.996944814876 -2.053840854455 428.091
1873/05 2024 06 18 09 06 16.728 4125.186 2035.257 5000.741 -0.937412904994 6.994516458320 -2.060199351983 428.091
1873/05 2024 06 18 09 06 17.728 4124.247 2042.250 4998.678 -0.941599511564 6.992079886113 -2.066555223419 428.091
1873/05 2024 06 18 09 06 18.728 4123.303 2049.241 4996.608 -0.945785279656 6.989635101212 -2.072908460730 428.091
1873/05 2024 06 18 09 06 19.728 4122.355 2056.229 4994.532 -0.949970205220 6.987182106582 -2.079259055888 428.091
1873/05 2024 06 18 09 06 20.728 4121.403 2063.215 4992.449 -0.954154284209 6.984720905200 -2.085607000867 428.091
1873/05 2024 06 18 09 06 21.728 4120.447 2070.199 4990.361 -0.958337512571 6.982251500051 -2.091952287643 428.091
1873/05 2024 06 18 09 06 22.728 4119.487 2077.180 4988.266 -0.962519886261 6.979773894130 -2.098294908199 428.091
1873/05 2024 06 18 09 06 23.728 4118.522 2084.158 4986.164 -0.966701401229 6.977288090442 -2.104634854517 428.091
1873/05 2024 06 18 09 06 24.728 4117.553 2091.134 4984.056 -0.970882053430 6.974794092000 -2.110972118586 428.091
1873/05 2024 06 18 09 06 25.728 4116.580 2098.108 4981.942 -0.975061838817 6.972291901829 -2.117306692395 428.091
1873/05 2024 06 18 09 06 26.728 4115.603 2105.079 4979.822 -0.979240753343 6.969781522963 -2.123638567939 428.091
1873/05 2024 06 18 09 06 27.728 4114.622 2112.047 4977.695 -0.983418792965 6.967262958443 -2.129967737216 428.091
1873/05 2024 06 18 09 06 28.728 4113.636 2119.013 4975.562 -0.987595953637 6.964736211322 -2.136294192226 428.091
1873/05 2024 06 18 09 06 29.728 4112.647 2125.977 4973.422 -0.991772231316 6.962201284662 -2.142617924972 428.091
1873/05 2024 06 18 09 06 30.728 4111.653 2132.938 4971.276 -0.995947621957 6.959658181535 -2.148938927464 428.091
1873/05 2024 06 18 09 06 31.728 4110.655 2139.896 4969.124 -1.000122121519 6.957106905022 -2.155257191711 428.091
1873/05 2024 06 18 09 06 32.728 4109.652 2146.852 4966.966 -1.004295725960 6.954547458214 -2.161572709728 428.091
1873/05 2024 06 18 09 06 33.728 4108.646 2153.805 4964.801 -1.008468431237 6.951979844210 -2.167885473533 428.090
1873/05 2024 06 18 09 06 34.728 4107.636 2160.756 4962.630 -1.012640233310 6.949404066121 -2.174195475146 428.090
1873/05 2024 06 18 09 06 35.728 4106.621 2167.704 4960.453 -1.016811128139 6.946820127065 -2.180502706593 428.090
1873/05 2024 06 18 09 06 36.728 4105.602 2174.650 4958.269 -1.020981111683 6.944228030172 -2.186807159901 428.090
1873/05 2024 06 18 09 06 37.728 4104.579 2181.593 4956.079 -1.025150179905 6.941627778579 -2.193108827102 428.090
1873/05 2024 06 18 09 06 38.728 4103.552 2188.533 4953.883 -1.029318328765 6.939019375436 -2.199407700231 428.089
1873/05 2024 06 18 09 06 39.728 4102.520 2195.471 4951.680 -1.033485554226 6.936402823898 -2.205703771326 428.089
1873/05 2024 06 18 09 06 40.728 4101.485 2202.406 4949.472 -1.037651852250 6.933778127134 -2.211997032429 428.089
1873/05 2024 06 18 09 06 41.728 4100.445 2209.338 4947.256 -1.041817218802 6.931145288319 -2.218287475585 428.088
1873/05 2024 06 18 09 06 42.728 4099.401 2216.268 4945.035 -1.045981649845 6.928504310639 -2.224575092844 428.088
1873/05 2024 06 18 09 06 43.728 4098.353 2223.195 4942.807 -1.050145141345 6.925855197290 -2.230859876257 428.088
1873/05 2024 06 18 09 06 44.728 4097.301 2230.120 4940.573 -1.054307689266 6.923197951477 -2.237141817880 428.087
1873/05 2024 06 18 09 06 45.728 4096.244 2237.042 4938.333 -1.058469289575 6.920532576414 -2.243420909773 428.087
1873/05 2024 06 18 09 06 46.728 4095.184 2243.961 4936.086 -1.062629938239 6.917859075325 -2.249697143999 428.086
1873/05 2024 06 18 09 06 47.728 4094.119 2250.877 4933.834 -1.066789631224 6.915177451444 -2.255970512623 428.086
1873/05 2024 06 18 09 06 48.728 4093.050 2257.791 4931.575 -1.070948364500 6.912487708014 -2.262241007717 428.085
1873/05 2024 06 18 09 06 49.728 4091.977 2264.702 4929.309 -1.075106134035 6.909789848286 -2.268508621353 428.085
1873/05 2024 06 18 09 06 50.728 4090.900 2271.611 4927.037 -1.079262935798 6.907083875524 -2.274773345609 428.084
1873/05 2024 06 18 09 06 51.728 4089.819 2278.516 4924.760 -1.083418765759 6.904369792998 -2.281035172565 428.084
1873/05 2024 06 18 09 06 52.728 4088.733 2285.419 4922.475 -1.087573619890 6.901647603989 -2.287294094306 428.083
1873/05 2024 06 18 09 06 53.728 4087.643 2292.320 4920.185 -1.091727494161 6.898917311788 -2.293550102919 428.083
1873/05 2024 06 18 09 06 54.728 4086.550 2299.217 4917.888 -1.095880384546 6.896178919695 -2.299803190496 428.082
1873/05 2024 06 18 09 06 55.728 4085.452 2306.112 4915.585 -1.100032287016 6.893432431019 -2.306053349132 428.081
1873/05 2024 06 18 09 06 56.728 4084.350 2313.004 4913.276 -1.104183197545 6.890677849078 -2.312300570926 428.081
1873/05 2024 06 18 09 06 57.728 4083.243 2319.893 4910.961 -1.108333112108 6.887915177201 -2.318544847980 428.080
1873/05 2024 06 18 09 06 58.728 4082.133 2326.780 4908.639 -1.112482026679 6.885144418725 -2.324786172400 428.079
1873/05 2024 06 18 09 06 59.728 4081.018 2333.664 4906.311 -1.116629937234 6.882365576999 -2.331024536295 428.079
1873/05 2024 06 18 09 07 00.728 4079.900 2340.545 4903.977 -1.120776839749 6.879578655378 -2.337259931779 428.078
1873/05 2024 06 18 09 07 01.728 4078.777 2347.423 4901.637 -1.124922730202 6.876783657228 -2.343492350969 428.077
1873/05 2024 06 18 09 07 02.728 4077.650 2354.298 4899.290 -1.129067604570 6.873980585926 -2.349721785986 428.077
1873/05 2024 06 18 09 07 03.728 4076.519 2361.171 4896.937 -1.133211458831 6.871169444856 -2.355948228952 428.076
1873/05 2024 06 18 09 07 04.728 4075.383 2368.041 4894.578 -1.137354288965 6.868350237412 -2.362171671998 428.075
1873/05 2024 06 18 09 07 05.728 4074.244 2374.908 4892.213 -1.141496090952 6.865522966998 -2.368392107254 428.074
1873/05 2024 06 18 09 07 06.728 4073.100 2381.772 4889.841 -1.145636860772 6.862687637028 -2.374609526855 428.073
1873/05 2024 06 18 09 07 07.728 4071.953 2388.633 4887.464 -1.149776594406 6.859844250924 -2.380823922942 428.073
1873/05 2024 06 18 09 07 08.728 4070.801 2395.491 4885.080 -1.153915287837 6.856992812119 -2.387035287656 428.072
1873/05 2024 06 18 09 07 09.728 4069.645 2402.347 4882.690 -1.158052937047 6.854133324054 -2.393243613144 428.071
1873/05 2024 06 18 09 07 10.728 4068.485 2409.200 4880.293 -1.162189538020 6.851265790180 -2.399448891557 428.070
1873/05 2024 06 18 09 07 11.728 4067.321 2416.049 4877.891 -1.166325086740 6.848390213957 -2.405651115049 428.069
1873/05 2024 06 18 09 07 12.728 4066.152 2422.896 4875.482 -1.170459579192 6.845506598856 -2.411850275777 428.068
1873/05 2024 06 18 09 07 13.728 4064.980 2429.740 4873.067 -1.174593011363 6.842614948355 -2.418046365903 428.067
1873/05 2024 06 18 09 07 14.728 4063.803 2436.582 4870.646 -1.178725379237 6.839715265943 -2.424239377593 428.066
1873/05 2024 06 18 09 07 15.728 4062.622 2443.420 4868.219 -1.182856678804 6.836807555118 -2.430429303015 428.065
1873/05 2024 06 18 09 07 16.728 4061.437 2450.255 4865.785 -1.186986906050 6.833891819388 -2.436616134344 428.064
1873/05 2024 06 18 09 07 17.728 4060.248 2457.088 4863.345 -1.191116056964 6.830968062270 -2.442799863755 428.063
1873/05 2024 06 18 09 07 18.728 4059.055 2463.917 4860.899 -1.195244127537 6.828036287290 -2.448980483429 428.062
1873/05 2024 06 18 09 07 19.728 4057.858 2470.744 4858.447 -1.199371113758 6.825096497982 -2.455157985551 428.061
1873/05 2024 06 18 09 07 20.728 4056.656 2477.567 4855.989 -1.203497011618 6.822148697894 -2.461332362309 428.060
1873/05 2024 06 18 09 07 21.728 4055.451 2484.388 4853.525 -1.207621817110 6.819192890578 -2.467503605895 428.059
1873/05 2024 06 18 09 07 22.728 4054.241 2491.206 4851.054 -1.211745526225 6.816229079598 -2.473671708505 428.058
1873/05 2024 06 18 09 07 23.728 4053.027 2498.020 4848.577 -1.215868134958 6.813257268529 -2.479836662339 428.056
1873/05 2024 06 18 09 07 24.728 4051.809 2504.832 4846.094 -1.219989639302 6.810277460952 -2.485998459601 428.055
1873/05 2024 06 18 09 07 25.728 4050.587 2511.641 4843.605 -1.224110035252 6.807289660459 -2.492157092499 428.054
1873/05 2024 06 18 09 07 26.728 4049.361 2518.447 4841.110 -1.228229318805 6.804293870651 -2.498312553243 428.053
1873/05 2024 06 18 09 07 27.728 4048.131 2525.250 4838.609 -1.232347485956 6.801290095140 -2.504464834050 428.052
1873/05 2024 06 18 09 07 28.728 4046.896 2532.049 4836.101 -1.236464532704 6.798278337545 -2.510613927139 428.050
1873/05 2024 06 18 09 07 29.728 4045.658 2538.846 4833.588 -1.240580455045 6.795258601496 -2.516759824733 428.049
1873/05 2024 06 18 09 07 30.728 4044.415 2545.640 4831.068 -1.244695248980 6.792230890630 -2.522902519058 428.048
1873/05 2024 06 18 09 07 31.728 4043.168 2552.431 4828.542 -1.248808910508 6.789195208598 -2.529042002347 428.047
1873/05 2024 06 18 09 07 32.728 4041.918 2559.218 4826.010 -1.252921435629 6.786151559055 -2.535178266835 428.045
1873/05 2024 06 18 09 07 33.728 4040.663 2566.003 4823.471 -1.257032820345 6.783099945668 -2.541311304760 428.044
1873/05 2024 06 18 09 07 34.728 4039.404 2572.784 4820.927 -1.261143060658 6.780040372114 -2.547441108365 428.043
1873/05 2024 06 18 09 07 35.728 4038.140 2579.563 4818.376 -1.265252152572 6.776972842078 -2.553567669898 428.041
1873/05 2024 06 18 09 07 36.728 4036.873 2586.338 4815.820 -1.269360092089 6.773897359255 -2.559690981609 428.040
1873/05 2024 06 18 09 07 37.728 4035.602 2593.111 4813.257 -1.273466875215 6.770813927349 -2.565811035753 428.038
1873/05 2024 06 18 09 07 38.728 4034.326 2599.880 4810.688 -1.277572497955 6.767722550073 -2.571927824590 428.037
1873/05 2024 06 18 09 07 39.728 4033.046 2606.646 4808.113 -1.281676956315 6.764623231151 -2.578041340382 428.036
1873/05 2024 06 18 09 07 40.728 4031.763 2613.409 4805.532 -1.285780246303 6.761515974313 -2.584151575396 428.034
1873/05 2024 06 18 09 07 41.728 4030.475 2620.169 4802.945 -1.289882363927 6.758400783302 -2.590258521903 428.033
1873/05 2024 06 18 09 07 42.728 4029.183 2626.926 4800.352 -1.293983305196 6.755277661869 -2.596362172179 428.031
1873/05 2024 06 18 09 07 43.728 4027.887 2633.680 4797.752 -1.298083066118 6.752146613773 -2.602462518502 428.030
1873/05 2024 06 18 09 07 44.728 4026.587 2640.430 4795.147 -1.302181642705 6.749007642783 -2.608559553155 428.028
1873/05 2024 06 18 09 07 45.728 4025.283 2647.178 4792.535 -1.306279030969 6.745860752679 -2.614653268426 428.027
1873/05 2024 06 18 09 07 46.728 4023.974 2653.922 4789.917 -1.310375226921 6.742705947248 -2.620743656607 428.025
1873/05 2024 06 18 09 07 47.728 4022.662 2660.663 4787.294 -1.314470226575 6.739543230287 -2.626830709991 428.023
1873/05 2024 06 18 09 07 48.728 4021.345 2667.401 4784.664 -1.318564025944 6.736372605604 -2.632914420880 428.022
1873/05 2024 06 18 09 07 49.728 4020.025 2674.136 4782.028 -1.322656621044 6.733194077013 -2.638994781576 428.020
1873/05 2024 06 18 09 07 50.728 4018.700 2680.868 4779.386 -1.326748007890 6.730007648340 -2.645071784388 428.019
1873/05 2024 06 18 09 07 51.728 4017.371 2687.596 4776.738 -1.330838182498 6.726813323419 -2.651145421626 428.017
1873/05 2024 06 18 09 07 52.728 4016.038 2694.321 4774.083 -1.334927140888 6.723611106094 -2.657215685608 428.015
1873/05 2024 06 18 09 07 53.728 4014.701 2701.043 4771.423 -1.339014879075 6.720401000217 -2.663282568653 428.014
1873/05 2024 06 18 09 07 54.728 4013.360 2707.762 4768.757 -1.343101393081 6.717183009652 -2.669346063084 428.012
1873/05 2024 06 18 09 07 55.728 4012.015 2714.478 4766.085 -1.347186678925 6.713957138269 -2.675406161232 428.010
1873/05 2024 06 18 09 07 56.728 4010.666 2721.190 4763.406 -1.351270732629 6.710723389950 -2.681462855428 428.008
1873/05 2024 06 18 09 07 57.728 4009.313 2727.899 4760.722 -1.355353550213 6.707481768583 -2.687516138009 428.007
1873/05 2024 06 18 09 07 58.728 4007.955 2734.605 4758.031 -1.359435127702 6.704232278069 -2.693566001316 428.005
1873/05 2024 06 18 09 07 59.728 4006.594 2741.307 4755.334 -1.363515461118 6.700974922316 -2.699612437694 428.003
1873/05 2024 06 18 09 08 00.728 4005.228 2748.007 4752.632 -1.367594546487 6.697709705241 -2.705655439492 428.001
1873/05 2024 06 18 09 08 01.728 4003.859 2754.703 4749.923 -1.371672379834 6.694436630772 -2.711694999064 428.000
1873/05 2024 06 18 09 08 02.728 4002.485 2761.396 4747.208 -1.375748957185 6.691155702845 -2.717731108768 427.998
1873/05 2024 06 18 09 08 03.728 4001.107 2768.085 4744.488 -1.379824274569 6.687866925406 -2.723763760966 427.996
1873/05 2024 06 18 09 08 04.728 3999.725 2774.771 4741.761 -1.383898328012 6.684570302408 -2.729792948024 427.994
1873/05 2024 06 18 09 08 05.728 3998.339 2781.454 4739.028 -1.387971113545 6.681265837817 -2.735818662312 427.992
1873/05 2024 06 18 09 08 06.728 3996.949 2788.134 4736.289 -1.392042627198 6.677953535605 -2.741840896205 427.990
1873/05 2024 06 18 09 08 07.728 3995.555 2794.810 4733.544 -1.396112865002 6.674633399755 -2.747859642082 427.988
1873/05 2024 06 18 09 08 08.728 3994.157 2801.483 4730.794 -1.400181822988 6.671305434257 -2.753874892327 427.986
1873/05 2024 06 18 09 08 09.728 3992.755 2808.153 4728.037 -1.404249497191 6.667969643115 -2.759886639327 427.984
1873/05 2024 06 18 09 08 10.728 3991.349 2814.819 4725.274 -1.408315883643 6.664626030336 -2.765894875474 427.982
1873/05 2024 06 18 09 08 11.728 3989.938 2821.482 4722.505 -1.412380978381 6.661274599941 -2.771899593164 427.980
1873/05 2024 06 18 09 08 12.728 3988.524 2828.142 4719.730 -1.416444777438 6.657915355957 -2.777900784798 427.978
1873/05 2024 06 18 09 08 13.728 3987.105 2834.798 4716.949 -1.420507276853 6.654548302424 -2.783898442780 427.976
1873/05 2024 06 18 09 08 14.728 3985.683 2841.451 4714.162 -1.424568472664 6.651173443387 -2.789892559520 427.974
1873/05 2024 06 18 09 08 15.728 3984.256 2848.100 4711.369 -1.428628360908 6.647790782902 -2.795883127432 427.972
1873/05 2024 06 18 09 08 16.728 3982.825 2854.746 4708.570 -1.432686937625 6.644400325036 -2.801870138932 427.970
1873/05 2024 06 18 09 08 17.728 3981.391 2861.389 4705.766 -1.436744198857 6.641002073862 -2.807853586443 427.968
1873/05 2024 06 18 09 08 18.728 3979.952 2868.028 4702.955 -1.440800140645 6.637596033464 -2.813833462393 427.966
1873/05 2024 06 18 09 08 19.728 3978.509 2874.664 4700.138 -1.444854759031 6.634182207934 -2.819809759211 427.964
1873/05 2024 06 18 09 08 20.728 3977.062 2881.297 4697.315 -1.448908050060 6.630760601376 -2.825782469333 427.962
1873/05 2024 06 18 09 08 21.728 3975.611 2887.926 4694.486 -1.452960009774 6.627331217900 -2.831751585199 427.960
1873/05 2024 06 18 09 08 22.728 3974.156 2894.551 4691.652 -1.457010634221 6.623894061626 -2.837717099254 427.957
1873/05 2024 06 18 09 08 23.728 3972.697 2901.174 4688.811 -1.461059919447 6.620449136684 -2.843679003945 427.955
1873/05 2024 06 18 09 08 24.728 3971.234 2907.792 4685.964 -1.465107861499 6.616996447212 -2.849637291726 427.953
1873/05 2024 06 18 09 08 25.728 3969.767 2914.408 4683.112 -1.469154456426 6.613535997359 -2.855591955055 427.951
1873/05 2024 06 18 09 08 26.728 3968.296 2921.019 4680.253 -1.473199700277 6.610067791281 -2.861542986392 427.949
1873/05 2024 06 18 09 08 27.728 3966.821 2927.628 4677.389 -1.477243589103 6.606591833145 -2.867490378206 427.946
1873/05 2024 06 18 09 08 28.728 3965.341 2934.233 4674.518 -1.481286118956 6.603108127126 -2.873434122965 427.944
1873/05 2024 06 18 09 08 29.728 3963.858 2940.834 4671.642 -1.485327285887 6.599616677408 -2.879374213146 427.942
1873/05 2024 06 18 09 08 30.728 3962.371 2947.432 4668.759 -1.489367085952 6.596117488185 -2.885310641229 427.940
1873/05 2024 06 18 09 08 31.728 3960.879 2954.026 4665.871 -1.493405515203 6.592610563660 -2.891243399698 427.937
1873/05 2024 06 18 09 08 32.728 3959.384 2960.617 4662.977 -1.497442569698 6.589095908044 -2.897172481041 427.935
1873/05 2024 06 18 09 08 33.728 3957.885 2967.204 4660.077 -1.501478245492 6.585573525558 -2.903097877752 427.933
1873/05 2024 06 18 09 08 34.728 3956.381 2973.788 4657.171 -1.505512538643 6.582043420433 -2.909019582329 427.930
1873/05 2024 06 18 09 08 35.728 3954.873 2980.368 4654.259 -1.509545445211 6.578505596908 -2.914937587274 427.928
1873/05 2024 06 18 09 08 36.728 3953.362 2986.945 4651.341 -1.513576961254 6.574960059231 -2.920851885093 427.925
1873/05 2024 06 18 09 08 37.728 3951.846 2993.518 4648.417 -1.517607082834 6.571406811659 -2.926762468300 427.923
1873/05 2024 06 18 09 08 38.728 3950.327 3000.088 4645.487 -1.521635806012 6.567845858459 -2.932669329409 427.921
1873/05 2024 06 18 09 08 39.728 3948.803 3006.654 4642.552 -1.525663126852 6.564277203907 -2.938572460941 427.918
1873/05 2024 06 18 09 08 40.728 3947.275 3013.216 4639.610 -1.529689041417 6.560700852287 -2.944471855421 427.916
1873/05 2024 06 18 09 08 41.728 3945.744 3019.775 4636.663 -1.533713545773 6.557116807894 -2.950367505379 427.913
1873/05 2024 06 18 09 08 42.728 3944.208 3026.331 4633.709 -1.537736635985 6.553525075030 -2.956259403349 427.911
1873/05 2024 06 18 09 08 43.728 3942.668 3032.882 4630.750 -1.541758308121 6.549925658007 -2.962147541871 427.908
1873/05 2024 06 18 09 08 44.728 3941.124 3039.431 4627.785 -1.545778558249 6.546318561146 -2.968031913488 427.906
1873/05 2024 06 18 09 08 45.728 3939.577 3045.975 4624.814 -1.549797382438 6.542703788778 -2.973912510748 427.903
1873/05 2024 06 18 09 08 46.728 3938.025 3052.516 4621.837 -1.553814776759 6.539081345242 -2.979789326204 427.901
1873/05 2024 06 18 09 08 47.728 3936.469 3059.053 4618.855 -1.557830737283 6.535451234886 -2.985662352413 427.898
1873/05 2024 06 18 09 08 48.728 3934.909 3065.587 4615.866 -1.561845260083 6.531813462067 -2.991531581938 427.896
1873/05 2024 06 18 09 08 49.728 3933.345 3072.117 4612.871 -1.565858341232 6.528168031153 -2.997397007345 427.893
1873/05 2024 06 18 09 08 50.728 3931.777 3078.643 4609.871 -1.569869976805 6.524514946518 -3.003258621206 427.890
1873/05 2024 06 18 09 08 51.728 3930.206 3085.166 4606.865 -1.573880162878 6.520854212547 -3.009116416097 427.888
1873/05 2024 06 18 09 08 52.728 3928.630 3091.685 4603.853 -1.577888895528 6.517185833635 -3.014970384600 427.885
1873/05 2024 06 18 09 08 53.728 3927.050 3098.200 4600.835 -1.581896170833 6.513509814182 -3.020820519298 427.883
1873/05 2024 06 18 09 08 54.728 3925.466 3104.712 4597.811 -1.585901984871 6.509826158602 -3.026666812784 427.880
1873/05 2024 06 18 09 08 55.728 3923.878 3111.220 4594.782 -1.589906333725 6.506134871314 -3.032509257651 427.877
1873/05 2024 06 18 09 08 56.728 3922.286 3117.724 4591.746 -1.593909213474 6.502435956750 -3.038347846500 427.875
1873/05 2024 06 18 09 08 57.728 3920.690 3124.225 4588.705 -1.597910620201 6.498729419347 -3.044182571935 427.872
1873/05 2024 06 18 09 08 58.728 3919.090 3130.722 4585.658 -1.601910549990 6.495015263553 -3.050013426565 427.869
1873/05 2024 06 18 09 08 59.728 3917.486 3137.215 4582.605 -1.605908998925 6.491293493825 -3.055840403005 427.866
1873/05 2024 06 18 09 09 00.728 3915.878 3143.704 4579.546 -1.609905963093 6.487564114630 -3.061663493873 427.864
1873/05 2024 06 18 09 09 01.728 3914.267 3150.190 4576.482 -1.613901438581 6.483827130442 -3.067482691792 427.861
1873/05 2024 06 18 09 09 02.728 3912.651 3156.672 4573.411 -1.617895421476 6.480082545744 -3.073297989391 427.858
1873/05 2024 06 18 09 09 03.728 3911.031 3163.150 4570.335 -1.621887907868 6.476330365031 -3.079109379303 427.855
1873/05 2024 06 18 09 09 04.728 3909.407 3169.625 4567.253 -1.625878893847 6.472570592803 -3.084916854166 427.852
1873/05 2024 06 18 09 09 05.728 3907.779 3176.095 4564.165 -1.629868375505 6.468803233571 -3.090720406624 427.850
1873/05 2024 06 18 09 09 06.728 3906.147 3182.562 4561.072 -1.633856348935 6.465028291857 -3.096520029322 427.847
1873/05 2024 06 18 09 09 07.728 3904.511 3189.025 4557.972 -1.637842810231 6.461245772187 -3.102315714914 427.844
1873/05 2024 06 18 09 09 08.728 3902.871 3195.485 4554.867 -1.641827755487 6.457455679101 -3.108107456058 427.841
1873/05 2024 06 18 09 09 09.728 3901.228 3201.940 4551.756 -1.645811180801 6.453658017144 -3.113895245414 427.838
1873/05 2024 06 18 09 09 10.728 3899.580 3208.392 4548.639 -1.649793082269 6.449852790874 -3.119679075651 427.835
1873/05 2024 06 18 09 09 11.728 3897.928 3214.840 4545.517 -1.653773455989 6.446040004854 -3.125458939440 427.832
1873/05 2024 06 18 09 09 12.728 3896.272 3221.284 4542.388 -1.657752298063 6.442219663658 -3.131234829458 427.830
1873/05 2024 06 18 09 09 13.728 3894.613 3227.724 4539.254 -1.661729604590 6.438391771869 -3.137006738387 427.827
1873/05 2024 06 18 09 09 14.728 3892.949 3234.161 4536.114 -1.665705371672 6.434556334079 -3.142774658912 427.824
1873/05 2024 06 18 09 09 15.728 3891.281 3240.593 4532.969 -1.669679595414 6.430713354888 -3.148538583727 427.821
1873/05 2024 06 18 09 09 16.728 3889.609 3247.022 4529.817 -1.673652271920 6.426862838906 -3.154298505526 427.818
1873/05 2024 06 18 09 09 17.728 3887.934 3253.447 4526.660 -1.677623397294 6.423004790750 -3.160054417012 427.815
1873/05 2024 06 18 09 09 18.728 3886.254 3259.868 4523.497 -1.681592967645 6.419139215050 -3.165806310890 427.812
1873/05 2024 06 18 09 09 19.728 3884.571 3266.285 4520.328 -1.685560979081 6.415266116440 -3.171554179873 427.809
1873/05 2024 06 18 09 09 20.728 3882.883 3272.699 4517.154 -1.689527427710 6.411385499566 -3.177298016676 427.806
1873/05 2024 06 18 09 09 21.728 3881.192 3279.108 4513.974 -1.693492309643 6.407497369083 -3.183037814020 427.803
1873/05 2024 06 18 09 09 22.728 3879.496 3285.514 4510.788 -1.697455620992 6.403601729652 -3.188773564631 427.800
1873/05 2024 06 18 09 09 23.728 3877.797 3291.915 4507.596 -1.701417357870 6.399698585947 -3.194505261242 427.797
1873/05 2024 06 18 09 09 24.728 3876.093 3298.313 4504.399 -1.705377516391 6.395787942649 -3.200232896587 427.793
1873/05 2024 06 18 09 09 25.728 3874.386 3304.707 4501.196 -1.709336092670 6.391869804446 -3.205956463408 427.790
1873/05 2024 06 18 09 09 26.728 3872.675 3311.097 4497.987 -1.713293082825 6.387944176038 -3.211675954452 427.787
1873/05 2024 06 18 09 09 27.728 3870.959 3317.483 4494.772 -1.717248482973 6.384011062132 -3.217391362468 427.784
1873/05 2024 06 18 09 09 28.728 3869.240 3323.865 4491.552 -1.721202289233 6.380070467445 -3.223102680215 427.781
1873/05 2024 06 18 09 09 29.728 3867.517 3330.243 4488.326 -1.725154497726 6.376122396702 -3.228809900453 427.778
1873/05 2024 06 18 09 09 30.728 3865.790 3336.617 4485.095 -1.729105104573 6.372166854637 -3.234513015948 427.775
1873/05 2024 06 18 09 09 31.728 3864.059 3342.987 4481.857 -1.733054105897 6.368203845994 -3.240212019473 427.772
1873/05 2024 06 18 09 09 32.728 3862.324 3349.354 4478.614 -1.737001497822 6.364233375523 -3.245906903802 427.768
1873/05 2024 06 18 09 09 33.728 3860.585 3355.716 4475.365 -1.740947276474 6.360255447987 -3.251597661719 427.765
1873/05 2024 06 18 09 09 34.728 3858.842 3362.074 4472.111 -1.744891437979 6.356270068155 -3.257284286010 427.762
1873/05 2024 06 18 09 09 35.728 3857.095 3368.428 4468.851 -1.748833978465 6.352277240805 -3.262966769466 427.759
1873/05 2024 06 18 09 09 36.728 3855.344 3374.779 4465.585 -1.752774894061 6.348276970725 -3.268645104885 427.756
1873/05 2024 06 18 09 09 37.728 3853.589 3381.125 4462.314 -1.756714180899 6.344269262711 -3.274319285069 427.752
1873/05 2024 06 18 09 09 38.728 3851.831 3387.467 4459.036 -1.760651835109 6.340254121567 -3.279989302825 427.749
1873/05 2024 06 18 09 09 39.728 3850.068 3393.805 4455.754 -1.764587852825 6.336231552108 -3.285655150965 427.746
1873/05 2024 06 18 09 09 40.728 3848.302 3400.140 4452.465 -1.768522230180 6.332201559157 -3.291316822307 427.742
1873/05 2024 06 18 09 09 41.728 3846.531 3406.470 4449.171 -1.772454963311 6.328164147544 -3.296974309673 427.739
1873/05 2024 06 18 09 09 42.728 3844.757 3412.796 4445.871 -1.776386048355 6.324119322111 -3.302627605892 427.736
1873/05 2024 06 18 09 09 43.728 3842.978 3419.118 4442.566 -1.780315481449 6.320067087706 -3.308276703797 427.733
1873/05 2024 06 18 09 09 44.728 3841.196 3425.436 4439.255 -1.784243258733 6.316007449188 -3.313921596225 427.729
1873/05 2024 06 18 09 09 45.728 3839.410 3431.750 4435.938 -1.788169376348 6.311940411423 -3.319562276020 427.726
1873/05 2024 06 18 09 09 46.728 3837.620 3438.060 4432.615 -1.792093830436 6.307865979286 -3.325198736032 427.722
1873/05 2024 06 18 09 09 47.728 3835.826 3444.366 4429.287 -1.796016617141 6.303784157662 -3.330830969113 427.719
1873/05 2024 06 18 09 09 48.728 3834.028 3450.668 4425.954 -1.799937732607 6.299694951443 -3.336458968123 427.716
1873/05 2024 06 18 09 09 49.728 3832.226 3456.965 4422.615 -1.803857172980 6.295598365533 -3.342082725926 427.712
1873/05 2024 06 18 09 09 50.728 3830.420 3463.259 4419.270 -1.807774934408 6.291494404841 -3.347702235393 427.709
1873/05 2024 06 18 09 09 51.728 3828.610 3469.548 4415.919 -1.811691013039 6.287383074287 -3.353317489398 427.705
1873/05 2024 06 18 09 09 52.728 3826.797 3475.833 4412.563 -1.815605405024 6.283264378799 -3.358928480820 427.702
1873/05 2024 06 18 09 09 53.728 3824.979 3482.115 4409.201 -1.819518106513 6.279138323314 -3.364535202546 427.699
1873/05 2024 06 18 09 09 54.728 3823.158 3488.392 4405.834 -1.823429113661 6.275004912777 -3.370137647467 427.695
1873/05 2024 06 18 09 09 55.728 3821.332 3494.665 4402.461 -1.827338422619 6.270864152143 -3.375735808478 427.692
1873/05 2024 06 18 09 09 56.728 3819.503 3500.933 4399.082 -1.831246029545 6.266716046376 -3.381329678481 427.688
1873/05 2024 06 18 09 09 57.728 3817.670 3507.198 4395.698 -1.835151930595 6.262560600446 -3.386919250382 427.685
1873/05 2024 06 18 09 09 58.728 3815.833 3513.459 4392.309 -1.839056121926 6.258397819335 -3.392504517094 427.681
1873/05 2024 06 18 09 09 59.728 3813.992 3519.715 4388.913 -1.842958599699 6.254227708031 -3.398085471534 427.678
1873/05 2024 06 18 09 10 00.728 3812.147 3525.967 4385.512 -1.846859360075 6.250050271534 -3.403662106624 427.674
1873/05 2024 06 18 09 10 01.728 3810.298 3532.215 4382.106 -1.850758399215 6.245865514849 -3.409234415293 427.671
1873/05 2024 06 18 09 10 02.728 3808.445 3538.459 4378.694 -1.854655713283 6.241673442992 -3.414802390474 427.667
1873/05 2024 06 18 09 10 03.728 3806.588 3544.698 4375.276 -1.858551298444 6.237474060987 -3.420366025107 427.664
1873/05 2024 06 18 09 10 04.728 3804.728 3550.934 4371.853 -1.862445150864 6.233267373867 -3.425925312134 427.660
1873/05 2024 06 18 09 10 05.728 3802.864 3557.165 4368.425 -1.866337266712 6.229053386674 -3.431480244507 427.656
1873/05 2024 06 18 09 10 06.728 3800.995 3563.392 4364.990 -1.870227642156 6.224832104457 -3.437030815179 427.653
1873/05 2024 06 18 09 10 07.728 3799.123 3569.615 4361.550 -1.874116273367 6.220603532276 -3.442577017112 427.649
1873/05 2024 06 18 09 10 08.728 3797.247 3575.833 4358.105 -1.878003156516 6.216367675199 -3.448118843272 427.646
1873/05 2024 06 18 09 10 09.728 3795.367 3582.047 4354.654 -1.881888287778 6.212124538300 -3.453656286628 427.642
1873/05 2024 06 18 09 10 10.728 3793.483 3588.257 4351.198 -1.885771663326 6.207874126666 -3.459189340160 427.638
1873/05 2024 06 18 09 10 11.728 3791.596 3594.463 4347.736 -1.889653279337 6.203616445389 -3.464717996847 427.635
1873/05 2024 06 18 09 10 12.728 3789.704 3600.665 4344.268 -1.893533131988 6.199351499572 -3.470242249679 427.631
1873/05 2024 06 18 09 10 13.728 3787.809 3606.862 4340.795 -1.897411217459 6.195079294325 -3.475762091649 427.627
1873/05 2024 06 18 09 10 14.728 3785.909 3613.055 4337.317 -1.901287531929 6.190799834769 -3.481277515755 427.624
1873/05 2024 06 18 09 10 15.728 3784.006 3619.243 4333.833 -1.905162071581 6.186513126031 -3.486788515001 427.620
1873/05 2024 06 18 09 10 16.728 3782.099 3625.428 4330.343 -1.909034832597 6.182219173247 -3.492295082397 427.616
1873/05 2024 06 18 09 10 17.728 3780.188 3631.608 4326.848 -1.912905811162 6.177917981563 -3.497797210958 427.612
1873/05 2024 06 18 09 10 18.728 3778.273 3637.784 4323.348 -1.916775003462 6.173609556133 -3.503294893705 427.609
1873/05 2024 06 18 09 10 19.728 3776.354 3643.955 4319.842 -1.920642405685 6.169293902120 -3.508788123665 427.605
1873/05 2024 06 18 09 10 20.728 3774.432 3650.122 4316.330 -1.924508014020 6.164971024694 -3.514276893868 427.601
1873/05 2024 06 18 09 10 21.728 3772.505 3656.285 4312.813 -1.928371824657 6.160640929035 -3.519761197352 427.598
1873/05 2024 06 18 09 10 22.728 3770.575 3662.443 4309.291 -1.932233833787 6.156303620331 -3.525241027161 427.594
1873/05 2024 06 18 09 10 23.728 3768.641 3668.598 4305.763 -1.936094037605 6.151959103780 -3.530716376342 427.590
1873/05 2024 06 18 09 10 24.728 3766.703 3674.747 4302.229 -1.939952432304 6.147607384586 -3.536187237949 427.586
1873/05 2024 06 18 09 10 25.728 3764.761 3680.893 4298.690 -1.943809014082 6.143248467964 -3.541653605043 427.582
1873/05 2024 06 18 09 10 26.728 3762.815 3687.034 4295.146 -1.947663779134 6.138882359136 -3.547115470688 427.579
1873/05 2024 06 18 09 10 27.728 3760.866 3693.170 4291.596 -1.951516723662 6.134509063333 -3.552572827956 427.575
1873/05 2024 06 18 09 10 28.728 3758.912 3699.303 4288.041 -1.955367843865 6.130128585795 -3.558025669923 427.571
1873/05 2024 06 18 09 10 29.728 3756.955 3705.431 4284.480 -1.959217135945 6.125740931770 -3.563473989670 427.567
1873/05 2024 06 18 09 10 30.728 3754.994 3711.554 4280.914 -1.963064596106 6.121346106514 -3.568917780286 427.563
1873/05 2024 06 18 09 10 31.728 3753.029 3717.673 4277.342 -1.966910220553 6.116944115294 -3.574357034864 427.559
1873/05 2024 06 18 09 10 32.728 3751.060 3723.788 4273.765 -1.970754005492 6.112534963382 -3.579791746503 427.555
1873/05 2024 06 18 09 10 33.728 3749.087 3729.898 4270.183 -1.974595947131 6.108118656061 -3.585221908308 427.552
1873/05 2024 06 18 09 10 34.728 3747.111 3736.004 4266.595 -1.978436041681 6.103695198622 -3.590647513389 427.548
1873/05 2024 06 18 09 10 35.728 3745.130 3742.106 4263.001 -1.982274285350 6.099264596363 -3.596068554863 427.544
1873/05 2024 06 18 09 10 36.728 3743.146 3748.203 4259.402 -1.986110674353 6.094826854594 -3.601485025850 427.540
1873/05 2024 06 18 09 10 37.728 3741.158 3754.296 4255.798 -1.989945204904 6.090381978629 -3.606896919479 427.536
1873/05 2024 06 18 09 10 38.728 3739.166 3760.384 4252.189 -1.993777873216 6.085929973794 -3.612304228882 427.532
1873/05 2024 06 18 09 10 39.728 3737.171 3766.467 4248.574 -1.997608675509 6.081470845422 -3.617706947199 427.528
1873/05 2024 06 18 09 10 40.728 3735.171 3772.547 4244.953 -2.001437607999 6.077004598855 -3.623105067574 427.524
1873/05 2024 06 18 09 10 41.728 3733.168 3778.621 4241.327 -2.005264666907 6.072531239442 -3.628498583158 427.520
1873/05 2024 06 18 09 10 42.728 3731.161 3784.692 4237.696 -2.009089848455 6.068050772543 -3.633887487106 427.516
1873/05 2024 06 18 09 10 43.728 3729.150 3790.758 4234.060 -2.012913148866 6.063563203524 -3.639271772581 427.512
1873/05 2024 06 18 09 10 44.728 3727.135 3796.819 4230.418 -2.016734564363 6.059068537761 -3.644651432750 427.508
1873/05 2024 06 18 09 10 45.728 3725.116 3802.876 4226.770 -2.020554091174 6.054566780638 -3.650026460787 427.504
1873/05 2024 06 18 09 10 46.728 3723.094 3808.928 4223.118 -2.024371725526 6.050057937547 -3.655396849871 427.500
1873/05 2024 06 18 09 10 47.728 3721.067 3814.976 4219.460 -2.028187463648 6.045542013888 -3.660762593186 427.496
1873/05 2024 06 18 09 10 48.728 3719.037 3821.019 4215.796 -2.032001301771 6.041019015072 -3.666123683924 427.492
1873/05 2024 06 18 09 10 49.728 3717.003 3827.058 4212.127 -2.035813236126 6.036488946516 -3.671480115282 427.488
1873/05 2024 06 18 09 10 50.728 3714.966 3833.092 4208.453 -2.039623262949 6.031951813646 -3.676831880461 427.484
1873/05 2024 06 18 09 10 51.728 3712.924 3839.122 4204.774 -2.043431378474 6.027407621895 -3.682178972671 427.480
1873/05 2024 06 18 09 10 52.728 3710.879 3845.147 4201.089 -2.047237578938 6.022856376708 -3.687521385124 427.476
1873/05 2024 06 18 09 10 53.728 3708.830 3851.167 4197.399 -2.051041860579 6.018298083534 -3.692859111042 427.472
1873/05 2024 06 18 09 10 54.728 3706.777 3857.183 4193.703 -2.054844219639 6.013732747834 -3.698192143650 427.468
1873/05 2024 06 18 09 10 55.728 3704.720 3863.195 4190.002 -2.058644652357 6.009160375076 -3.703520476180 427.464
1873/05 2024 06 18 09 10 56.728 3702.659 3869.202 4186.296 -2.062443154978 6.004580970736 -3.708844101869 427.460
1873/05 2024 06 18 09 10 57.728 3700.595 3875.204 4182.585 -2.066239723746 5.999994540298 -3.714163013961 427.456
1873/05 2024 06 18 09 10 58.728 3698.527 3881.202 4178.868 -2.070034354908 5.995401089256 -3.719477205706 427.451
1873/05 2024 06 18 09 10 59.728 3696.455 3887.195 4175.146 -2.073827044711 5.990800623110 -3.724786670358 427.447
1873/05 2024 06 18 09 11 00.728 3694.379 3893.183 4171.418 -2.077617789404 5.986193147371 -3.730091401179 427.443
1873/05 2024 06 18 09 11 01.728 3692.300 3899.167 4167.685 -2.081406585240 5.981578667556 -3.735391391435 427.439
1873/05 2024 06 18 09 11 02.728 3690.216 3905.146 4163.947 -2.085193428470 5.976957189192 -3.740686634401 427.435
1873/05 2024 06 18 09 11 03.728 3688.129 3911.121 4160.204 -2.088978315350 5.972328717813 -3.745977123355 427.431
1873/05 2024 06 18 09 11 04.728 3686.038 3917.091 4156.455 -2.092761242134 5.967693258962 -3.751262851582 427.427
1873/05 2024 06 18 09 11 05.728 3683.944 3923.057 4152.702 -2.096542205080 5.963050818191 -3.756543812373 427.422
1873/05 2024 06 18 09 11 06.728 3681.845 3929.017 4148.942 -2.100321200447 5.958401401059 -3.761819999024 427.418
1873/05 2024 06 18 09 11 07.728 3679.743 3934.973 4145.178 -2.104098224496 5.953745013134 -3.767091404840 427.414
1873/05 2024 06 18 09 11 08.728 3677.637 3940.925 4141.408 -2.107873273489 5.949081659992 -3.772358023128 427.410
1873/05 2024 06 18 09 11 09.728 3675.527 3946.871 4137.633 -2.111646343691 5.944411347216 -3.777619847203 427.406
1873/05 2024 06 18 09 11 10.728 3673.414 3952.814 4133.853 -2.115417431365 5.939734080401 -3.782876870387 427.401
1873/05 2024 06 18 09 11 11.728 3671.297 3958.751 4130.067 -2.119186532781 5.935049865147 -3.788129086005 427.397
1873/05 2024 06 18 09 11 12.728 3669.176 3964.684 4126.277 -2.122953644206 5.930358707062 -3.793376487392 427.393
1873/05 2024 06 18 09 11 13.728 3667.051 3970.612 4122.481 -2.126718761911 5.925660611764 -3.798619067886 427.389
1873/05 2024 06 18 09 11 14.728 3664.922 3976.535 4118.679 -2.130481882167 5.920955584880 -3.803856820833 427.385
1873/05 2024 06 18 09 11 15.728 3662.790 3982.454 4114.873 -2.134243001249 5.916243632042 -3.809089739582 427.380
1873/05 2024 06 18 09 11 16.728 3660.654 3988.367 4111.061 -2.138002115432 5.911524758892 -3.814317817491 427.376
1873/05 2024 06 18 09 11 17.728 3658.514 3994.277 4107.244 -2.141759220992 5.906798971082 -3.819541047924 427.372
1873/05 2024 06 18 09 11 18.728 3656.370 4000.181 4103.422 -2.145514314208 5.902066274269 -3.824759424249 427.367
1873/05 2024 06 18 09 11 19.728 3654.223 4006.081 4099.595 -2.149267391361 5.897326674120 -3.829972939842 427.363
1873/05 2024 06 18 09 11 20.728 3652.072 4011.976 4095.762 -2.153018448732 5.892580176311 -3.835181588084 427.359
1873/05 2024 06 18 09 11 21.728 3649.917 4017.866 4091.924 -2.156767482605 5.887826786523 -3.840385362363 427.355
1873/05 2024 06 18 09 11 22.728 3647.758 4023.751 4088.081 -2.160514489265 5.883066510449 -3.845584256073 427.350
1873/05 2024 06 18 09 11 23.728 3645.596 4029.632 4084.233 -2.164259464999 5.878299353787 -3.850778262613 427.346
1873/05 2024 06 18 09 11 24.728 3643.430 4035.508 4080.380 -2.168002406095 5.873525322246 -3.855967375389 427.342
1873/05 2024 06 18 09 11 25.728 3641.260 4041.379 4076.521 -2.171743308843 5.868744421541 -3.861151587813 427.337
1873/05 2024 06 18 09 11 26.728 3639.086 4047.245 4072.658 -2.175482169536 5.863956657396 -3.866330893303 427.333
1873/05 2024 06 18 09 11 27.728 3636.909 4053.107 4068.789 -2.179218984466 5.859162035543 -3.871505285284 427.329
1873/05 2024 06 18 09 11 28.728 3634.728 4058.964 4064.915 -2.182953749930 5.854360561721 -3.876674757186 427.324
1873/05 2024 06 18 09 11 29.728 3632.543 4064.816 4061.035 -2.186686462223 5.849552241681 -3.881839302446 427.320
1873/05 2024 06 18 09 11 30.728 3630.354 4070.663 4057.151 -2.190417117645 5.844737081177 -3.886998914506 427.316
1873/05 2024 06 18 09 11 31.728 3628.162 4076.505 4053.261 -2.194145712495 5.839915085975 -3.892153586816 427.311
1873/05 2024 06 18 09 11 32.728 3625.966 4082.343 4049.367 -2.197872243076 5.835086261846 -3.897303312831 427.307
1873/05 2024 06 18 09 11 33.728 3623.766 4088.175 4045.467 -2.201596705691 5.830250614573 -3.902448086012 427.302
1873/05 2024 06 18 09 11 34.728 3621.563 4094.003 4041.562 -2.205319096645 5.825408149943 -3.907587899827 427.298
1873/05 2024 06 18 09 11 35.728 3619.356 4099.826 4037.652 -2.209039412246 5.820558873753 -3.912722747750 427.294
1873/05 2024 06 18 09 11 36.728 3617.145 4105.644 4033.736 -2.212757648802 5.815702791809 -3.917852623261 427.289
1873/05 2024 06 18 09 11 37.728 3614.930 4111.458 4029.816 -2.216473802623 5.810839909924 -3.922977519846 427.285
1873/05 2024 06 18 09 11 38.728 3612.712 4117.266 4025.890 -2.220187870023 5.805970233918 -3.928097430999 427.280
1873/05 2024 06 18 09 11 39.728 3610.490 4123.069 4021.960 -2.223899847313 5.801093769621 -3.933212350216 427.276
1873/05 2024 06 18 09 11 40.728 3608.264 4128.868 4018.024 -2.227609730811 5.796210522870 -3.938322271005 427.272
1873/05 2024 06 18 09 11 41.728 3606.034 4134.662 4014.083 -2.231317516834 5.791320499511 -3.943427186876 427.267
1873/05 2024 06 18 09 11 42.728 3603.801 4140.451 4010.137 -2.235023201699 5.786423705397 -3.948527091348 427.263
1873/05 2024 06 18 09 11 43.728 3601.564 4146.235 4006.186 -2.238726781729 5.781520146388 -3.953621977943 427.258
1873/05 2024 06 18 09 11 44.728 3599.324 4152.014 4002.230 -2.242428253245 5.776609828355 -3.958711840192 427.254
1873/05 2024 06 18 09 11 45.728 3597.080 4157.788 3998.269 -2.246127612572 5.771692757175 -3.963796671632 427.249
1873/05 2024 06 18 09 11 46.728 3594.832 4163.557 3994.302 -2.249824856035 5.766768938733 -3.968876465806 427.245
1873/05 2024 06 18 09 11 47.728 3592.580 4169.322 3990.331 -2.253519979963 5.761838378922 -3.973951216263 427.240
1873/05 2024 06 18 09 11 48.728 3590.325 4175.081 3986.354 -2.257212980684 5.756901083644 -3.979020916559 427.236
1873/05 2024 06 18 09 11 49.728 3588.065 4180.835 3982.373 -2.260903854530 5.751957058809 -3.984085560255 427.231
1873/05 2024 06 18 09 11 50.728 3585.803 4186.585 3978.386 -2.264592597834 5.747006310333 -3.989145140920 427.227
1873/05 2024 06 18 09 11 51.728 3583.536 4192.329 3974.394 -2.268279206930 5.742048844142 -3.994199652128 427.222
1873/05 2024 06 18 09 11 52.728 3581.266 4198.069 3970.398 -2.271963678154 5.737084666169 -3.999249087460 427.218
1873/05 2024 06 18 09 11 53.728 3578.992 4203.803 3966.396 -2.275646007845 5.732113782355 -4.004293440505 427.213
1873/05 2024 06 18 09 11 54.728 3576.715 4209.533 3962.389 -2.279326192343 5.727136198650 -4.009332704854 427.209
1873/05 2024 06 18 09 11 55.728 3574.434 4215.258 3958.377 -2.283004227989 5.722151921010 -4.014366874109 427.204
1873/05 2024 06 18 09 11 56.728 3572.149 4220.977 3954.360 -2.286680111126 5.717160955401 -4.019395941877 427.200
1873/05 2024 06 18 09 11 57.728 3569.860 4226.692 3950.339 -2.290353838100 5.712163307796 -4.024419901769 427.195
1873/05 2024 06 18 09 11 58.728 3567.568 4232.402 3946.312 -2.294025405258 5.707158984174 -4.029438747406 427.191
1873/05 2024 06 18 09 11 59.728 3565.272 4238.106 3942.280 -2.297694808949 5.702147990526 -4.034452472413 427.186
1873/05 2024 06 18 09 12 00.728 3562.973 4243.806 3938.243 -2.301362045522 5.697130332848 -4.039461070423 427.182
1873/05 2024 06 18 09 12 01.728 3560.670 4249.501 3934.201 -2.305027111331 5.692106017144 -4.044464535074 427.177
1873/05 2024 06 18 09 12 02.728 3558.363 4255.190 3930.154 -2.308690002729 5.687075049426 -4.049462860011 427.173
1873/05 2024 06 18 09 12 03.728 3556.052 4260.875 3926.102 -2.312350716072 5.682037435716 -4.054456038885 427.168
1873/05 2024 06 18 09 12 04.728 3553.738 4266.554 3922.045 -2.316009247717 5.676993182041 -4.059444065356 427.163
1873/05 2024 06 18 09 12 05.728 3551.420 4272.229 3917.983 -2.319665594025 5.671942294438 -4.064426933087 427.159
1873/05 2024 06 18 09 12 06.728 3549.099 4277.898 3913.916 -2.323319751356 5.666884778950 -4.069404635749 427.154
1873/05 2024 06 18 09 12 07.728 3546.774 4283.563 3909.844 -2.326971716074 5.661820641628 -4.074377167020 427.150
1873/05 2024 06 18 09 12 08.728 3544.445 4289.222 3905.767 -2.330621484542 5.656749888534 -4.079344520584 427.145
1873/05 2024 06 18 09 12 09.728 3542.112 4294.876 3901.685 -2.334269053129 5.651672525734 -4.084306690131 427.141
1873/05 2024 06 18 09 12 10.728 3539.776 4300.525 3897.599 -2.337914418201 5.646588559303 -4.089263669358 427.136
1873/05 2024 06 18 09 12 11.728 3537.436 4306.169 3893.507 -2.341557576130 5.641497995324 -4.094215451970 427.131
1873/05 2024 06 18 09 12 12.728 3535.093 4311.808 3889.410 -2.345198523287 5.636400839889 -4.099162031675 427.127
1873/05 2024 06 18 09 12 13.728 3532.746 4317.442 3885.309 -2.348837256047 5.631297099097 -4.104103402190 427.122
1873/05 2024 06 18 09 12 14.728 3530.395 4323.071 3881.202 -2.352473770784 5.626186779052 -4.109039557239 427.117
1873/05 2024 06 18 09 12 15.728 3528.041 4328.694 3877.091 -2.356108063877 5.621069885871 -4.113970490551 427.113
1873/05 2024 06 18 09 12 16.728 3525.683 4334.313 3872.974 -2.359740131705 5.615946425675 -4.118896195863 427.108
1873/05 2024 06 18 09 12 17.728 3523.322 4339.926 3868.853 -2.363369970648 5.610816404593 -4.123816666917 427.104
1873/05 2024 06 18 09 12 18.728 3520.956 4345.535 3864.726 -2.366997577091 5.605679828764 -4.128731897463 427.099
1873/05 2024 06 18 09 12 19.728 3518.588 4351.138 3860.595 -2.370622947416 5.600536704333 -4.133641881256 427.094
1873/05 2024 06 18 09 12 20.728 3516.215 4356.736 3856.459 -2.374246078013 5.595387037453 -4.138546612060 427.090
1873/05 2024 06 18 09 12 21.728 3513.839 4362.328 3852.318 -2.377866965267 5.590230834285 -4.143446083643 427.085
1873/05 2024 06 18 09 12 22.728 3511.459 4367.916 3848.172 -2.381485605571 5.585068100997 -4.148340289781 427.080
1873/05 2024 06 18 09 12 23.728 3509.076 4373.499 3844.021 -2.385101995316 5.579898843766 -4.153229224257 427.076
1873/05 2024 06 18 09 12 24.728 3506.689 4379.076 3839.866 -2.388716130896 5.574723068776 -4.158112880859 427.071
1873/05 2024 06 18 09 12 25.728 3504.299 4384.648 3835.705 -2.392328008707 5.569540782219 -4.162991253384 427.066
1873/05 2024 06 18 09 12 26.728 3501.905 4390.215 3831.540 -2.395937625147 5.564351990294 -4.167864335633 427.062
1873/05 2024 06 18 09 12 27.728 3499.507 4395.777 3827.370 -2.399544976615 5.559156699209 -4.172732121415 427.057
1873/05 2024 06 18 09 12 28.728 3497.106 4401.333 3823.194 -2.403150059512 5.553954915178 -4.177594604547 427.052
1873/05 2024 06 18 09 12 29.728 3494.701 4406.885 3819.014 -2.406752870243 5.548746644424 -4.182451778850 427.048
1873/05 2024 06 18 09 12 30.728 3492.292 4412.431 3814.829 -2.410353405212 5.543531893177 -4.187303638153 427.043
1873/05 2024 06 18 09 12 31.728 3489.880 4417.972 3810.640 -2.413951660825 5.538310667675 -4.192150176292 427.038
1873/05 2024 06 18 09 12 32.728 3487.464 4423.507 3806.445 -2.417547633493 5.533082974164 -4.196991387109 427.034
1873/05 2024 06 18 09 12 33.728 3485.045 4429.038 3802.246 -2.421141319625 5.527848818896 -4.201827264454 427.029
1873/05 2024 06 18 09 12 34.728 3482.622 4434.563 3798.042 -2.424732715634 5.522608208134 -4.206657802181 427.024
1873/05 2024 06 18 09 12 35.728 3480.195 4440.083 3793.832 -2.428321817936 5.517361148145 -4.211482994153 427.020
1873/05 2024 06 18 09 12 36.728 3477.765 4445.598 3789.619 -2.431908622945 5.512107645206 -4.216302834240 427.015
1873/05 2024 06 18 09 12 37.728 3475.332 4451.107 3785.400 -2.435493127081 5.506847705600 -4.221117316316 427.010
1873/05 2024 06 18 09 12 38.728 3472.894 4456.611 3781.176 -2.439075326763 5.501581335619 -4.225926434266 427.005
1873/05 2024 06 18 09 12 39.728 3470.453 4462.110 3776.948 -2.442655218414 5.496308541561 -4.230730181977 427.001
1873/05 2024 06 18 09 12 40.728 3468.009 4467.604 3772.715 -2.446232798458 5.491029329735 -4.235528553347 426.996
1873/05 2024 06 18 09 12 41.728 3465.561 4473.092 3768.477 -2.449808063319 5.485743706453 -4.240321542277 426.991
1873/05 2024 06 18 09 12 42.728 3463.109 4478.576 3764.234 -2.453381009427 5.480451678037 -4.245109142678 426.987
1873/05 2024 06 18 09 12 43.728 3460.654 4484.053 3759.987 -2.456951633211 5.475153250818 -4.249891348466 426.982
1873/05 2024 06 18 09 12 44.728 3458.195 4489.526 3755.734 -2.460519931101 5.469848431132 -4.254668153563 426.977
1873/05 2024 06 18 09 12 45.728 3455.733 4494.993 3751.477 -2.464085899533 5.464537225323 -4.259439551900 426.972
1873/05 2024 06 18 09 12 46.728 3453.267 4500.455 3747.216 -2.467649534940 5.459219639744 -4.264205537414 426.968
1873/05 2024 06 18 09 12 47.728 3450.798 4505.912 3742.949 -2.471210833761 5.453895680754 -4.268966104048 426.963
1873/05 2024 06 18 09 12 48.728 3448.325 4511.363 3738.678 -2.474769792434 5.448565354720 -4.273721245752 426.958
1873/05 2024 06 18 09 12 49.728 3445.848 4516.809 3734.402 -2.478326407400 5.443228668019 -4.278470956484 426.953
1873/05 2024 06 18 09 12 50.728 3443.368 4522.249 3730.121 -2.481880675103 5.437885627030 -4.283215230207 426.949
1873/05 2024 06 18 09 12 51.728 3440.884 4527.684 3725.835 -2.485432591988 5.432536238145 -4.287954060891 426.944
1873/05 2024 06 18 09 12 52.728 3438.397 4533.114 3721.545 -2.488982154501 5.427180507761 -4.292687442516 426.939
1873/05 2024 06 18 09 12 53.728 3435.907 4538.539 3717.250 -2.492529359090 5.421818442283 -4.297415369065 426.934
1873/05 2024 06 18 09 12 54.728 3433.412 4543.958 3712.950 -2.496074202208 5.416450048122 -4.302137834529 426.930
1873/05 2024 06 18 09 12 55.728 3430.914 4549.372 3708.645 -2.499616680306 5.411075331699 -4.306854832907 426.925
1873/05 2024 06 18 09 12 56.728 3428.413 4554.780 3704.336 -2.503156789839 5.405694299442 -4.311566358204 426.920
1873/05 2024 06 18 09 12 57.728 3425.908 4560.183 3700.022 -2.506694527264 5.400306957784 -4.316272404431 426.915
1873/05 2024 06 18 09 12 58.728 3423.400 4565.581 3695.704 -2.510229889039 5.394913313168 -4.320972965607 426.911
1873/05 2024 06 18 09 12 59.728 3420.888 4570.973 3691.380 -2.513762871624 5.389513372045 -4.325668035759 426.906
1873/05 2024 06 18 09 13 00.728 3418.372 4576.360 3687.052 -2.517293471482 5.384107140870 -4.330357608918 426.901
1873/05 2024 06 18 09 13 01.728 3415.853 4581.741 3682.720 -2.520821685078 5.378694626109 -4.335041679124 426.896
1873/05 2024 06 18 09 13 02.728 3413.330 4587.117 3678.382 -2.524347508876 5.373275834235 -4.339720240424 426.891
1873/05 2024 06 18 09 13 03.728 3410.804 4592.488 3674.040 -2.527870939347 5.367850771725 -4.344393286870 426.887
1873/05 2024 06 18 09 13 04.728 3408.275 4597.853 3669.694 -2.531391972960 5.362419445068 -4.349060812524 426.882
1873/05 2024 06 18 09 13 05.728 3405.742 4603.212 3665.342 -2.534910606186 5.356981860758 -4.353722811451 426.877
1873/05 2024 06 18 09 13 06.728 3403.205 4608.567 3660.986 -2.538426835501 5.351538025297 -4.358379277727 426.872
1873/05 2024 06 18 09 13 07.728 3400.665 4613.916 3656.625 -2.541940657380 5.346087945193 -4.363030205432 426.868
1873/05 2024 06 18 09 13 08.728 3398.121 4619.259 3652.260 -2.545452068302 5.340631626963 -4.367675588655 426.863
1873/05 2024 06 18 09 13 09.728 3395.574 4624.597 3647.890 -2.548961064746 5.335169077132 -4.372315421490 426.858
1873/05 2024 06 18 09 13 10.728 3393.023 4629.929 3643.515 -2.552467643195 5.329700302231 -4.376949698039 426.853
1873/05 2024 06 18 09 13 11.728 3390.469 4635.256 3639.136 -2.555971800132 5.324225308799 -4.381578412411 426.848
1873/05 2024 06 18 09 13 12.728 3387.911 4640.578 3634.752 -2.559473532044 5.318744103381 -4.386201558722 426.844
1873/05 2024 06 18 09 13 13.728 3385.350 4645.894 3630.364 -2.562972835418 5.313256692531 -4.390819131095 426.839
1873/05 2024 06 18 09 13 14.728 3382.785 4651.204 3625.971 -2.566469706745 5.307763082810 -4.395431123660 426.834
1873/05 2024 06 18 09 13 15.728 3380.217 4656.509 3621.573 -2.569964142516 5.302263280787 -4.400037530554 426.829
1873/05 2024 06 18 09 13 16.728 3377.645 4661.809 3617.171 -2.573456139226 5.296757293036 -4.404638345921 426.824
1873/05 2024 06 18 09 13 17.728 3375.070 4667.103 3612.764 -2.576945693370 5.291245126141 -4.409233563911 426.820
1873/05 2024 06 18 09 13 18.728 3372.491 4672.391 3608.352 -2.580432801447 5.285726786692 -4.413823178683 426.815
1873/05 2024 06 18 09 13 19.728 3369.909 4677.674 3603.936 -2.583917459956 5.280202281287 -4.418407184401 426.810
1873/05 2024 06 18 09 13 20.728 3367.324 4682.952 3599.515 -2.587399665399 5.274671616530 -4.422985575238 426.805
1873/05 2024 06 18 09 13 21.728 3364.734 4688.224 3595.090 -2.590879414280 5.269134799033 -4.427558345373 426.800
1873/05 2024 06 18 09 13 22.728 3362.142 4693.490 3590.660 -2.594356703106 5.263591835416 -4.432125488991 426.796
1873/05 2024 06 18 09 13 23.728 3359.546 4698.751 3586.226 -2.597831528385 5.258042732306 -4.436687000287 426.791
1873/05 2024 06 18 09 13 24.728 3356.946 4704.006 3581.787 -2.601303886625 5.252487496336 -4.441242873460 426.786
1873/05 2024 06 18 09 13 25.728 3354.343 4709.256 3577.343 -2.604773774341 5.246926134149 -4.445793102717 426.781
1873/05 2024 06 18 09 13 26.728 3351.737 4714.500 3572.895 -2.608241188044 5.241358652392 -4.450337682274 426.776
1873/05 2024 06 18 09 13 27.728 3349.127 4719.738 3568.443 -2.611706124253 5.235785057721 -4.454876606352 426.772
1873/05 2024 06 18 09 13 28.728 3346.513 4724.971 3563.985 -2.615168579484 5.230205356800 -4.459409869179 426.767
1873/05 2024 06 18 09 13 29.728 3343.896 4730.199 3559.524 -2.618628550259 5.224619556298 -4.463937464991 426.762
1873/05 2024 06 18 09 13 30.728 3341.276 4735.421 3555.058 -2.622086033099 5.219027662895 -4.468459388031 426.757
1873/05 2024 06 18 09 13 31.728 3338.652 4740.637 3550.587 -2.625541024528 5.213429683273 -4.472975632549 426.752
1873/05 2024 06 18 09 13 32.728 3336.025 4745.847 3546.112 -2.628993521074 5.207825624125 -4.477486192803 426.748
1873/05 2024 06 18 09 13 33.728 3333.394 4751.052 3541.632 -2.632443519263 5.202215492152 -4.481991063055 426.743
1873/05 2024 06 18 09 13 34.728 3330.760 4756.252 3537.148 -2.635891015628 5.196599294058 -4.486490237579 426.738
1873/05 2024 06 18 09 13 35.728 3328.122 4761.446 3532.659 -2.639336006699 5.190977036558 -4.490983710652 426.733
1873/05 2024 06 18 09 13 36.728 3325.481 4766.634 3528.166 -2.642778489012 5.185348726372 -4.495471476559 426.728
1873/05 2024 06 18 09 13 37.728 3322.837 4771.816 3523.668 -2.646218459104 5.179714370229 -4.499953529595 426.723
1873/05 2024 06 18 09 13 38.728 3320.189 4776.993 3519.166 -2.649655913512 5.174073974865 -4.504429864059 426.719
1873/05 2024 06 18 09 13 39.728 3317.537 4782.165 3514.659 -2.653090848778 5.168427547020 -4.508900474257 426.714
1873/05 2024 06 18 09 13 40.728 3314.883 4787.330 3510.148 -2.656523261445 5.162775093446 -4.513365354506 426.709
1873/05 2024 06 18 09 13 41.728 3312.224 4792.490 3505.632 -2.659953148056 5.157116620898 -4.517824499125 426.704
1873/05 2024 06 18 09 13 42.728 3309.563 4797.644 3501.112 -2.663380505161 5.151452136141 -4.522277902445 426.699
1873/05 2024 06 18 09 13 43.728 3306.898 4802.793 3496.588 -2.666805329306 5.145781645945 -4.526725558800 426.695
1873/05 2024 06 18 09 13 44.728 3304.229 4807.936 3492.059 -2.670227617043 5.140105157090 -4.531167462535 426.690
1873/05 2024 06 18 09 13 45.728 3301.557 4813.073 3487.525 -2.673647364927 5.134422676360 -4.535603608000 426.685
1873/05 2024 06 18 09 13 46.728 3298.882 4818.205 3482.988 -2.677064569511 5.128734210547 -4.540033989552 426.680
1873/05 2024 06 18 09 13 47.728 3296.203 4823.331 3478.445 -2.680479227353 5.123039766452 -4.544458601556 426.675
1873/05 2024 06 18 09 13 48.728 3293.521 4828.451 3473.899 -2.683891335013 5.117339350881 -4.548877438384 426.671
1873/05 2024 06 18 09 13 49.728 3290.835 4833.565 3469.348 -2.687300889051 5.111632970648 -4.553290494417 426.666
1873/05 2024 06 18 09 13 50.728 3288.146 4838.674 3464.792 -2.690707886033 5.105920632574 -4.557697764040 426.661
1873/05 2024 06 18 09 13 51.728 3285.454 4843.777 3460.232 -2.694112322524 5.100202343486 -4.562099241647 426.656
1873/05 2024 06 18 09 13 52.728 3282.758 4848.875 3455.668 -2.697514195090 5.094478110221 -4.566494921640 426.651
1873/05 2024 06 18 09 13 53.728 3280.059 4853.966 3451.099 -2.700913500303 5.088747939619 -4.570884798428 426.646
1873/05 2024 06 18 09 13 54.728 3277.356 4859.052 3446.526 -2.704310234735 5.083011838530 -4.575268866425 426.642
1873/05 2024 06 18 09 13 55.728 3274.650 4864.132 3441.949 -2.707704394960 5.077269813812 -4.579647120055 426.637
1873/05 2024 06 18 09 13 56.728 3271.941 4869.207 3437.367 -2.711095977553 5.071521872326 -4.584019553749 426.632
1873/05 2024 06 18 09 13 57.728 3269.228 4874.275 3432.781 -2.714484979094 5.065768020943 -4.588386161943 426.627
1873/05 2024 06 18 09 13 58.728 3266.512 4879.338 3428.190 -2.717871396163 5.060008266541 -4.592746939084 426.622
1873/05 2024 06 18 09 13 59.728 3263.792 4884.395 3423.595 -2.721255225343 5.054242616004 -4.597101879623 426.618
1873/05 2024 06 18 09 14 00.728 3261.069 4889.447 3418.996 -2.724636463219 5.048471076224 -4.601450978020 426.613
1873/05 2024 06 18 09 14 01.728 3258.343 4894.492 3414.392 -2.728015106377 5.042693654100 -4.605794228742 426.608
1873/05 2024 06 18 09 14 02.728 3255.613 4899.532 3409.784 -2.731391151407 5.036910356536 -4.610131626263 426.603
1873/05 2024 06 18 09 14 03.728 3252.880 4904.566 3405.172 -2.734764594899 5.031121190445 -4.614463165065 426.598
1873/05 2024 06 18 09 14 04.728 3250.144 4909.594 3400.555 -2.738135433449 5.025326162747 -4.618788839637 426.594
1873/05 2024 06 18 09 14 05.728 3247.404 4914.617 3395.934 -2.741503663650 5.019525280368 -4.623108644475 426.589
1873/05 2024 06 18 09 14 06.728 3244.661 4919.633 3391.309 -2.744869282101 5.013718550242 -4.627422574084 426.584
1873/05 2024 06 18 09 14 07.728 3241.914 4924.644 3386.680 -2.748232285401 5.007905979310 -4.631730622974 426.579
1873/05 2024 06 18 09 14 08.728 3239.164 4929.649 3382.046 -2.751592670153 5.002087574518 -4.636032785663 426.575
1873/05 2024 06 18 09 14 09.728 3236.411 4934.648 3377.408 -2.754950432961 4.996263342821 -4.640329056679 426.570
1873/05 2024 06 18 09 14 10.728 3233.654 4939.642 3372.765 -2.758305570431 4.990433291181 -4.644619430553 426.565
1873/05 2024 06 18 09 14 11.728 3230.894 4944.629 3368.118 -2.761658079172 4.984597426566 -4.648903901827 426.560
1873/05 2024 06 18 09 14 12.728 3228.131 4949.611 3363.467 -2.765007955794 4.978755755951 -4.653182465049 426.555
1873/05 2024 06 18 09 14 13.728 3225.364 4954.587 3358.812 -2.768355196911 4.972908286318 -4.657455114775 426.551
1873/05 2024 06 18 09 14 14.728 3222.594 4959.557 3354.152 -2.771699799136 4.967055024657 -4.661721845567 426.546
1873/05 2024 06 18 09 14 15.728 3219.821 4964.521 3349.489 -2.775041759089 4.961195977963 -4.665982651996 426.541
1873/05 2024 06 18 09 14 16.728 3217.044 4969.479 3344.820 -2.778381073387 4.955331153239 -4.670237528639 426.536
1873/05 2024 06 18 09 14 17.728 3214.264 4974.431 3340.148 -2.781717738653 4.949460557496 -4.674486470083 426.531
1873/05 2024 06 18 09 14 18.728 3211.481 4979.378 3335.471 -2.785051751511 4.943584197750 -4.678729470920 426.527
1873/05 2024 06 18 09 14 19.728 3208.694 4984.319 3330.791 -2.788383108586 4.937702081024 -4.682966525750 426.522
1873/05 2024 06 18 09 14 20.728 3205.904 4989.253 3326.106 -2.791711806507 4.931814214349 -4.687197629180 426.517
1873/05 2024 06 18 09 14 21.728 3203.111 4994.182 3321.416 -2.795037841904 4.925920604763 -4.691422775827 426.512
1873/05 2024 06 18 09 14 22.728 3200.314 4999.105 3316.723 -2.798361211410 4.920021259310 -4.695641960312 426.508
1873/05 2024 06 18 09 14 23.728 3197.514 5004.022 3312.025 -2.801681911660 4.914116185041 -4.699855177266 426.503
1873/05 2024 06 18 09 14 24.728 3194.711 5008.933 3307.323 -2.804999939291 4.908205389013 -4.704062421327 426.498
1873/05 2024 06 18 09 14 25.728 3191.904 5013.839 3302.617 -2.808315290941 4.902288878293 -4.708263687139 426.493
1873/05 2024 06 18 09 14 26.728 3189.094 5018.738 3297.906 -2.811627963253 4.896366659950 -4.712458969356 426.489
1873/05 2024 06 18 09 14 27.728 3186.281 5023.631 3293.192 -2.814937952871 4.890438741065 -4.716648262637 426.484
1873/05 2024 06 18 09 14 28.728 3183.464 5028.519 3288.473 -2.818245256439 4.884505128721 -4.720831561651 426.479
1873/05 2024 06 18 09 14 29.728 3180.644 5033.400 3283.750 -2.821549870608 4.878565830012 -4.725008861072 426.474
1873/05 2024 06 18 09 14 30.728 3177.821 5038.276 3279.023 -2.824851792026 4.872620852036 -4.729180155584 426.470
1873/05 2024 06 18 09 14 31.728 3174.995 5043.146 3274.292 -2.828151017347 4.866670201900 -4.733345439877 426.465
1873/05 2024 06 18 09 14 32.728 3172.165 5048.009 3269.556 -2.831447543225 4.860713886714 -4.737504708648 426.460
1873/05 2024 06 18 09 14 33.728 3169.332 5052.867 3264.817 -2.834741366319 4.854751913600 -4.741657956603 426.455
1873/05 2024 06 18 09 14 34.728 3166.495 5057.719 3260.073 -2.838032483286 4.848784289682 -4.745805178456 426.451
1873/05 2024 06 18 09 14 35.728 3163.656 5062.565 3255.325 -2.841320890790 4.842811022094 -4.749946368927 426.446
1873/05 2024 06 18 09 14 36.728 3160.813 5067.404 3250.573 -2.844606585493 4.836832117976 -4.754081522743 426.441
1873/05 2024 06 18 09 14 37.728 3157.966 5072.238 3245.817 -2.847889564062 4.830847584474 -4.758210634642 426.437
1873/05 2024 06 18 09 14 38.728 3155.117 5077.066 3241.057 -2.851169823166 4.824857428741 -4.762333699366 426.432
1873/05 2024 06 18 09 14 39.728 3152.264 5081.888 3236.292 -2.854447359475 4.818861657936 -4.766450711666 426.427
1873/05 2024 06 18 09 14 40.728 3149.408 5086.704 3231.524 -2.857722169663 4.812860279227 -4.770561666302 426.422
1873/05 2024 06 18 09 14 41.728 3146.549 5091.514 3226.751 -2.860994250404 4.806853299787 -4.774666558038 426.418
1873/05 2024 06 18 09 14 42.728 3143.686 5096.318 3221.975 -2.864263598377 4.800840726796 -4.778765381650 426.413
1873/05 2024 06 18 09 14 43.728 3140.820 5101.115 3217.194 -2.867530210260 4.794822567441 -4.782858131918 426.408
1873/05 2024 06 18 09 14 44.728 3137.951 5105.907 3212.409 -2.870794082737 4.788798828915 -4.786944803632 426.404
1873/05 2024 06 18 09 14 45.728 3135.079 5110.693 3207.620 -2.874055212492 4.782769518419 -4.791025391589 426.399
1873/05 2024 06 18 09 14 46.728 3132.203 5115.473 3202.827 -2.877313596212 4.776734643159 -4.795099890593 426.394
1873/05 2024 06 18 09 14 47.728 3129.324 5120.246 3198.030 -2.880569230584 4.770694210349 -4.799168295455 426.390
1873/05 2024 06 18 09 14 48.728 3126.442 5125.014 3193.228 -2.883822112302 4.764648227209 -4.803230600997 426.385
1873/05 2024 06 18 09 14 49.728 3123.556 5129.776 3188.423 -2.887072238059 4.758596700966 -4.807286802045 426.380
1873/05 2024 06 18 09 14 50.728 3120.668 5134.531 3183.614 -2.890319604550 4.752539638854 -4.811336893435 426.375
1873/05 2024 06 18 09 14 51.728 3117.776 5139.281 3178.801 -2.893564208475 4.746477048113 -4.815380870009 426.371
1873/05 2024 06 18 09 14 52.728 3114.880 5144.024 3173.983 -2.896806046532 4.740408935990 -4.819418726619 426.366
1873/05 2024 06 18 09 14 53.728 3111.982 5148.762 3169.162 -2.900045115427 4.734335309738 -4.823450458121 426.361
1873/05 2024 06 18 09 14 54.728 3109.080 5153.493 3164.336 -2.903281411863 4.728256176617 -4.827476059383 426.357
1873/05 2024 06 18 09 14 55.728 3106.175 5158.218 3159.507 -2.906514932549 4.722171543895 -4.831495525277 426.352
1873/05 2024 06 18 09 14 56.728 3103.267 5162.937 3154.673 -2.909745674194 4.716081418844 -4.835508850686 426.348
1873/05 2024 06 18 09 14 57.728 3100.356 5167.650 3149.836 -2.912973633511 4.709985808744 -4.839516030498 426.343
1873/05 2024 06 18 09 14 58.728 3097.441 5172.357 3144.994 -2.916198807215 4.703884720883 -4.843517059611 426.338
1873/05 2024 06 18 09 14 59.728 3094.524 5177.058 3140.149 -2.919421192022 4.697778162554 -4.847511932928 426.334
1873/05 2024 06 18 09 15 00.728 3091.603 5181.753 3135.299 -2.922640784651 4.691666141055 -4.851500645363 426.329
1873/05 2024 06 18 09 15 01.728 3088.678 5186.441 3130.446 -2.925857581825 4.685548663694 -4.855483191835 426.324
1873/05 2024 06 18 09 15 02.728 3085.751 5191.124 3125.588 -2.929071580268 4.679425737783 -4.859459567273 426.320
1873/05 2024 06 18 09 15 03.728 3082.820 5195.800 3120.727 -2.932282776705 4.673297370642 -4.863429766612 426.315
1873/05 2024 06 18 09 15 04.728 3079.886 5200.470 3115.861 -2.935491167866 4.667163569597 -4.867393784796 426.310
1873/05 2024 06 18 09 15 05.728 3076.949 5205.135 3110.992 -2.938696750482 4.661024341981 -4.871351616775 426.306
1873/05 2024 06 18 09 15 06.728 3074.009 5209.793 3106.119 -2.941899521287 4.654879695132 -4.875303257509 426.301
1873/05 2024 06 18 09 15 07.728 3071.065 5214.444 3101.241 -2.945099477016 4.648729636396 -4.879248701966 426.297
1873/05 2024 06 18 09 15 08.728 3068.119 5219.090 3096.360 -2.948296614408 4.642574173126 -4.883187945118 426.292
1873/05 2024 06 18 09 15 09.728 3065.169 5223.729 3091.475 -2.951490930203 4.636413312679 -4.887120981950 426.287
1873/05 2024 06 18 09 15 10.728 3062.216 5228.363 3086.586 -2.954682421144 4.630247062422 -4.891047807452 426.283
1873/05 2024 06 18 09 15 11.728 3059.259 5232.990 3081.693 -2.957871083978 4.624075429726 -4.894968416621 426.278
1873/05 2024 06 18 09 15 12.728 3056.300 5237.611 3076.796 -2.961056915452 4.617898421968 -4.898882804463 426.274
1873/05 2024 06 18 09 15 13.728 3053.337 5242.226 3071.895 -2.964239912316 4.611716046535 -4.902790965993 426.269
1873/05 2024 06 18 09 15 14.728 3050.371 5246.834 3066.990 -2.967420071322 4.605528310816 -4.906692896233 426.265
1873/05 2024 06 18 09 15 15.728 3047.402 5251.437 3062.082 -2.970597389227 4.599335222210 -4.910588590211 426.260
1873/05 2024 06 18 09 15 16.728 3044.430 5256.033 3057.169 -2.973771862788 4.593136788120 -4.914478042965 426.255
1873/05 2024 06 18 09 15 17.728 3041.455 5260.623 3052.253 -2.976943488764 4.586933015957 -4.918361249541 426.251
1873/05 2024 06 18 09 15 18.728 3038.476 5265.207 3047.333 -2.980112263918 4.580723913139 -4.922238204991 426.246
1873/05 2024 06 18 09 15 19.728 3035.495 5269.785 3042.408 -2.983278185014 4.574509487087 -4.926108904378 426.242
1873/05 2024 06 18 09 15 20.728 3032.510 5274.356 3037.480 -2.986441248821 4.568289745233 -4.929973342769 426.237
1873/05 2024 06 18 09 15 21.728 3029.522 5278.921 3032.548 -2.989601452108 4.562064695012 -4.933831515243 426.233
1873/05 2024 06 18 09 15 22.728 3026.531 5283.480 3027.613 -2.992758791646 4.555834343867 -4.937683416883 426.228
1873/05 2024 06 18 09 15 23.728 3023.536 5288.033 3022.673 -2.995913264212 4.549598699247 -4.941529042782 426.224
1873/05 2024 06 18 09 15 24.728 3020.539 5292.579 3017.730 -2.999064866580 4.543357768608 -4.945368388041 426.219
1873/05 2024 06 18 09 15 25.728 3017.538 5297.119 3012.782 -3.002213595532 4.537111559411 -4.949201447770 426.215
1873/05 2024 06 18 09 15 26.728 3014.534 5301.653 3007.831 -3.005359447848 4.530860079124 -4.953028217083 426.210
1873/05 2024 06 18 09 15 27.728 3011.527 5306.181 3002.876 -3.008502420314 4.524603335223 -4.956848691106 426.206
1873/05 2024 06 18 09 15 28.728 3008.517 5310.703 2997.918 -3.011642509717 4.518341335187 -4.960662864971 426.201
1873/05 2024 06 18 09 15 29.728 3005.504 5315.218 2992.955 -3.014779712845 4.512074086505 -4.964470733819 426.197
1873/05 2024 06 18 09 15 30.728 3002.488 5319.727 2987.989 -3.017914026490 4.505801596670 -4.968272292797 426.192
1873/05 2024 06 18 09 15 31.728 2999.468 5324.229 2983.018 -3.021045447447 4.499523873181 -4.972067537063 426.188
1873/05 2024 06 18 09 15 32.728 2996.446 5328.726 2978.044 -3.024173972513 4.493240923546 -4.975856461781 426.183
1873/05 2024 06 18 09 15 33.728 2993.420 5333.216 2973.067 -3.027299598487 4.486952755277 -4.979639062122 426.179
1873/05 2024 06 18 09 15 34.728 2990.391 5337.700 2968.085 -3.030422322171 4.480659375892 -4.983415333268 426.174
1873/05 2024 06 18 09 15 35.728 2987.359 5342.177 2963.100 -3.033542140369 4.474360792917 -4.987185270406 426.170
1873/05 2024 06 18 09 15 36.728 2984.324 5346.648 2958.111 -3.036659049887 4.468057013884 -4.990948868733 426.165
1873/05 2024 06 18 09 15 37.728 2981.286 5351.113 2953.118 -3.039773047536 4.461748046330 -4.994706123454 426.161
1873/05 2024 06 18 09 15 38.728 2978.244 5355.572 2948.121 -3.042884130126 4.455433897799 -4.998457029780 426.156
1873/05 2024 06 18 09 15 39.728 2975.200 5360.024 2943.121 -3.045992294473 4.449114575842 -5.002201582933 426.152
1873/05 2024 06 18 09 15 40.728 2972.152 5364.470 2938.117 -3.049097537392 4.442790088015 -5.005939778140 426.148
1873/05 2024 06 18 09 15 41.728 2969.102 5368.910 2933.109 -3.052199855704 4.436460441882 -5.009671610638 426.143
1873/05 2024 06 18 09 15 42.728 2966.048 5373.343 2928.098 -3.055299246231 4.430125645011 -5.013397075672 426.139
1873/05 2024 06 18 09 15 43.728 2962.991 5377.770 2923.082 -3.058395705796 4.423785704977 -5.017116168494 426.134
1873/05 2024 06 18 09 15 44.728 2959.931 5382.191 2918.063 -3.061489231227 4.417440629363 -5.020828884365 426.130
1873/05 2024 06 18 09 15 45.728 2956.868 5386.605 2913.041 -3.064579819353 4.411090425756 -5.024535218553 426.126
1873/05 2024 06 18 09 15 46.728 2953.802 5391.013 2908.014 -3.067667467007 4.404735101749 -5.028235166337 426.121
1873/05 2024 06 18 09 15 47.728 2950.733 5395.414 2902.984 -3.070752171022 4.398374664944 -5.031928722999 426.117
1873/05 2024 06 18 09 15 48.728 2947.661 5399.810 2897.950 -3.073833928237 4.392009122947 -5.035615883835 426.112
1873/05 2024 06 18 09 15 49.728 2944.585 5404.198 2892.913 -3.076912735490 4.385638483370 -5.039296644144 426.108
1873/05 2024 06 18 09 15 50.728 2941.507 5408.581 2887.872 -3.079988589624 4.379262753832 -5.042970999236 426.104
1873/05 2024 06 18 09 15 51.728 2938.425 5412.957 2882.827 -3.083061487484 4.372881941957 -5.046638944428 426.099
1873/05 2024 06 18 09 15 52.728 2935.341 5417.327 2877.779 -3.086131425918 4.366496055378 -5.050300475045 426.095
1873/05 2024 06 18 09 15 53.728 2932.253 5421.690 2872.726 -3.089198401775 4.360105101730 -5.053955586423 426.091
1873/05 2024 06 18 09 15 54.728 2929.162 5426.047 2867.671 -3.092262411907 4.353709088659 -5.057604273901 426.086
1873/05 2024 06 18 09 15 55.728 2926.068 5430.397 2862.611 -3.095323453171 4.347308023812 -5.061246532830 426.082
1873/05 2024 06 18 09 15 56.728 2922.972 5434.741 2857.548 -3.098381522423 4.340901914846 -5.064882358569 426.078
1873/05 2024 06 18 09 15 57.728 2919.872 5439.079 2852.482 -3.101436616525 4.334490769422 -5.068511746482 426.073
1873/05 2024 06 18 09 15 58.728 2916.769 5443.410 2847.411 -3.104488732339 4.328074595208 -5.072134691946 426.069
1873/05 2024 06 18 09 15 59.728 2913.663 5447.735 2842.337 -3.107537866730 4.321653399879 -5.075751190341 426.065
1873/05 2024 06 18 09 16 00.728 2910.554 5452.054 2837.260 -3.110584016567 4.315227191113 -5.079361237060 426.061
1873/05 2024 06 18 09 16 01.728 2907.442 5456.366 2832.179 -3.113627178720 4.308795976598 -5.082964827500 426.056
1873/05 2024 06 18 09 16 02.728 2904.326 5460.671 2827.094 -3.116667350064 4.302359764025 -5.086561957069 426.052
1873/05 2024 06 18 09 16 03.728 2901.208 5464.970 2822.005 -3.119704527473 4.295918561093 -5.090152621183 426.048
1873/05 2024 06 18 09 16 04.728 2898.087 5469.263 2816.913 -3.122738707826 4.289472375506 -5.093736815264 426.044
1873/05 2024 06 18 09 16 05.728 2894.963 5473.549 2811.818 -3.125769888006 4.283021214973 -5.097314534744 426.039
1873/05 2024 06 18 09 16 06.728 2891.835 5477.829 2806.719 -3.128798064895 4.276565087212 -5.100885775065 426.035
1873/05 2024 06 18 09 16 07.728 2888.705 5482.103 2801.616 -3.131823235380 4.270103999945 -5.104450531672 426.031
1873/05 2024 06 18 09 16 08.728 2885.572 5486.369 2796.510 -3.134845396351 4.263637960900 -5.108008800024 426.027
1873/05 2024 06 18 09 16 09.728 2882.435 5490.630 2791.400 -3.137864544698 4.257166977812 -5.111560575584 426.022
1873/05 2024 06 18 09 16 10.728 2879.296 5494.884 2786.287 -3.140880677317 4.250691058420 -5.115105853826 426.018
1873/05 2024 06 18 09 16 11.728 2876.154 5499.131 2781.170 -3.143893791105 4.244210210472 -5.118644630231 426.014
1873/05 2024 06 18 09 16 12.728 2873.008 5503.372 2776.050 -3.146903882961 4.237724441720 -5.122176900288 426.010
1873/05 2024 06 18 09 16 13.728 2869.860 5507.607 2770.926 -3.149910949788 4.231233759921 -5.125702659494 426.006
1873/05 2024 06 18 09 16 14.728 2866.709 5511.835 2765.798 -3.152914988491 4.224738172840 -5.129221903357 426.001
1873/05 2024 06 18 09 16 15.728 2863.554 5516.056 2760.667 -3.155915995978 4.218237688248 -5.132734627389 425.997
1873/05 2024 06 18 09 16 16.728 2860.397 5520.271 2755.533 -3.158913969159 4.211732313920 -5.136240827114 425.993
1873/05 2024 06 18 09 16 17.728 2857.236 5524.480 2750.395 -3.161908904947 4.205222057639 -5.139740498063 425.989
1873/05 2024 06 18 09 16 18.728 2854.073 5528.682 2745.253 -3.164900800259 4.198706927192 -5.143233635774 425.985
1873/05 2024 06 18 09 16 19.728 2850.906 5532.877 2740.108 -3.167889652012 4.192186930373 -5.146720235794 425.981
1873/05 2024 06 18 09 16 20.728 2847.737 5537.066 2734.960 -3.170875457127 4.185662074983 -5.150200293681 425.976
1873/05 2024 06 18 09 16 21.728 2844.565 5541.248 2729.808 -3.173858212530 4.179132368827 -5.153673804997 425.972
1873/05 2024 06 18 09 16 22.728 2841.389 5545.424 2724.652 -3.176837915146 4.172597819716 -5.157140765316 425.968
1873/05 2024 06 18 09 16 23.728 2838.211 5549.594 2719.494 -3.179814561904 4.166058435468 -5.160601170217 425.964
1873/05 2024 06 18 09 16 24.728 2835.030 5553.756 2714.331 -3.182788149737 4.159514223906 -5.164055015291 425.960
1873/05 2024 06 18 09 16 25.728 2831.845 5557.913 2709.165 -3.185758675580 4.152965192859 -5.167502296134 425.956
1873/05 2024 06 18 09 16 26.728 2828.658 5562.062 2703.996 -3.188726136369 4.146411350162 -5.170943008352 425.952
1873/05 2024 06 18 09 16 27.728 2825.468 5566.205 2698.824 -3.191690529045 4.139852703657 -5.174377147560 425.948
1873/05 2024 06 18 09 16 28.728 2822.275 5570.342 2693.647 -3.194651850551 4.133289261190 -5.177804709379 425.944
1873/05 2024 06 18 09 16 29.728 2819.079 5574.472 2688.468 -3.197610097833 4.126721030612 -5.181225689442 425.940
1873/05 2024 06 18 09 16 30.728 2815.880 5578.595 2683.285 -3.200565267838 4.120148019784 -5.184640083386 425.936
1873/05 2024 06 18 09 16 31.728 2812.678 5582.712 2678.099 -3.203517357519 4.113570236567 -5.188047886861 425.932
1873/05 2024 06 18 09 16 32.728 2809.473 5586.823 2672.909 -3.206466363828 4.106987688834 -5.191449095521 425.928
1873/05 2024 06 18 09 16 33.728 2806.265 5590.926 2667.716 -3.209412283723 4.100400384458 -5.194843705032 425.924
1873/05 2024 06 18 09 16 34.728 2803.054 5595.023 2662.519 -3.212355114163 4.093808331321 -5.198231711065 425.920
1873/05 2024 06 18 09 16 35.728 2799.840 5599.114 2657.319 -3.215294852109 4.087211537311 -5.201613109304 425.916
1873/05 2024 06 18 09 16 36.728 2796.623 5603.198 2652.116 -3.218231494528 4.080610010321 -5.204987895436 425.912
1873/05 2024 06 18 09 16 37.728 2793.403 5607.275 2646.909 -3.221165038386 4.074003758249 -5.208356065161 425.908
1873/05 2024 06 18 09 16 38.728 2790.181 5611.346 2641.699 -3.224095480654 4.067392788999 -5.211717614185 425.904
1873/05 2024 06 18 09 16 39.728 2786.955 5615.410 2636.486 -3.227022818306 4.060777110481 -5.215072538223 425.900
1873/05 2024 06 18 09 16 40.728 2783.727 5619.467 2631.269 -3.229947048316 4.054156730611 -5.218420832998 425.896
1873/05 2024 06 18 09 16 41.728 2780.495 5623.518 2626.049 -3.232868167664 4.047531657312 -5.221762494243 425.892
1873/05 2024 06 18 09 16 42.728 2777.261 5627.562 2620.826 -3.235786173332 4.040901898509 -5.225097517697 425.888
1873/05 2024 06 18 09 16 43.728 2774.024 5631.600 2615.599 -3.238701062304 4.034267462135 -5.228425899110 425.884
1873/05 2024 06 18 09 16 44.728 2770.784 5635.631 2610.369 -3.241612831566 4.027628356130 -5.231747634239 425.880
1873/05 2024 06 18 09 16 45.728 2767.541 5639.655 2605.135 -3.244521478110 4.020984588437 -5.235062718850 425.876
1873/05 2024 06 18 09 16 46.728 2764.295 5643.673 2599.899 -3.247426998927 4.014336167005 -5.238371148717 425.872
1873/05 2024 06 18 09 16 47.728 2761.046 5647.684 2594.659 -3.250329391013 4.007683099791 -5.241672919622 425.868
1873/05 2024 06 18 09 16 48.728 2757.794 5651.688 2589.415 -3.253228651367 4.001025394756 -5.244968027358 425.864
1873/05 2024 06 18 09 16 49.728 2754.539 5655.686 2584.169 -3.256124776990 3.994363059866 -5.248256467724 425.861
1873/05 2024 06 18 09 16 50.728 2751.282 5659.677 2578.919 -3.259017764885 3.987696103093 -5.251538236527 425.857
1873/05 2024 06 18 09 16 51.728 2748.021 5663.661 2573.666 -3.261907612060 3.981024532415 -5.254813329586 425.853
1873/05 2024 06 18 09 16 52.728 2744.758 5667.639 2568.409 -3.264794315525 3.974348355815 -5.258081742726 425.849
1873/05 2024 06 18 09 16 53.728 2741.492 5671.610 2563.149 -3.267677872291 3.967667581284 -5.261343471779 425.845
1873/05 2024 06 18 09 16 54.728 2738.223 5675.574 2557.886 -3.270558279375 3.960982216814 -5.264598512589 425.841
1873/05 2024 06 18 09 16 55.728 2734.951 5679.532 2552.620 -3.273435533793 3.954292270407 -5.267846861007 425.838
1873/05 2024 06 18 09 16 56.728 2731.676 5683.483 2547.351 -3.276309632569 3.947597750067 -5.271088512892 425.834
1873/05 2024 06 18 09 16 57.728 2728.398 5687.427 2542.078 -3.279180572724 3.940898663807 -5.274323464112 425.830
1873/05 2024 06 18 09 16 58.728 2725.117 5691.365 2536.802 -3.282048351287 3.934195019642 -5.277551710544 425.826
1873/05 2024 06 18 09 16 59.728 2721.834 5695.296 2531.523 -3.284912965286 3.927486825596 -5.280773248073 425.822
1873/05 2024 06 18 09 17 00.728 2718.547 5699.220 2526.241 -3.287774411754 3.920774089695 -5.283988072593 425.819
1873/05 2024 06 18 09 17 01.728 2715.258 5703.137 2520.955 -3.290632687727 3.914056819973 -5.287196180006 425.815
1873/05 2024 06 18 09 17 02.728 2711.966 5707.048 2515.666 -3.293487790242 3.907335024468 -5.290397566222 425.811
1873/05 2024 06 18 09 17 03.728 2708.671 5710.952 2510.374 -3.296339716342 3.900608711226 -5.293592227163 425.808
1873/05 2024 06 18 09 17 04.728 2705.374 5714.849 2505.079 -3.299188463068 3.893877888294 -5.296780158755 425.804
1873/05 2024 06 18 09 17 05.728 2702.073 5718.740 2499.781 -3.302034027470 3.887142563729 -5.299961356936 425.800
1873/05 2024 06 18 09 17 06.728 2698.769 5722.623 2494.479 -3.304876406595 3.880402745591 -5.303135817650 425.796
1873/05 2024 06 18 09 17 07.728 2695.463 5726.500 2489.174 -3.307715597498 3.873658441946 -5.306303536852 425.793
1873/05 2024 06 18 09 17 08.728 2692.154 5730.371 2483.867 -3.310551597233 3.866909660865 -5.309464510505 425.789
1873/05 2024 06 18 09 17 09.728 2688.842 5734.234 2478.555 -3.313384402858 3.860156410424 -5.312618734579 425.785
1873/05 2024 06 18 09 17 10.728 2685.527 5738.091 2473.241 -3.316214011436 3.853398698707 -5.315766205054 425.782
1873/05 2024 06 18 09 17 11.728 2682.210 5741.941 2467.924 -3.319040420030 3.846636533800 -5.318906917919 425.778
1873/05 2024 06 18 09 17 12.728 2678.889 5745.784 2462.603 -3.321863625708 3.839869923796 -5.322040869171 425.774
1873/05 2024 06 18 09 17 13.728 2675.566 5749.621 2457.280 -3.324683625540 3.833098876794 -5.325168054816 425.771
1873/05 2024 06 18 09 17 14.728 2672.240 5753.450 2451.953 -3.327500416598 3.826323400898 -5.328288470868 425.767
1873/05 2024 06 18 09 17 15.728 2668.911 5757.273 2446.623 -3.330313995958 3.819543504215 -5.331402113350 425.764
1873/05 2024 06 18 09 17 16.728 2665.579 5761.089 2441.290 -3.333124360700 3.812759194861 -5.334508978294 425.760
1873/05 2024 06 18 09 17 17.728 2662.245 5764.899 2435.954 -3.335931507904 3.805970480954 -5.337609061741 425.756
1873/05 2024 06 18 09 17 18.728 2658.907 5768.701 2430.615 -3.338735434657 3.799177370620 -5.340702359739 425.753
1873/05 2024 06 18 09 17 19.728 2655.567 5772.497 2425.273 -3.341536138045 3.792379871990 -5.343788868347 425.749
1873/05 2024 06 18 09 17 20.728 2652.224 5776.286 2419.928 -3.344333615159 3.785577993198 -5.346868583631 425.746
1873/05 2024 06 18 09 17 21.728 2648.879 5780.068 2414.579 -3.347127863092 3.778771742385 -5.349941501666 425.742
1873/05 2024 06 18 09 17 22.728 2645.530 5783.844 2409.228 -3.349918878941 3.771961127697 -5.353007618536 425.739
1873/05 2024 06 18 09 17 23.728 2642.179 5787.612 2403.873 -3.352706659806 3.765146157286 -5.356066930333 425.735
1873/05 2024 06 18 09 17 24.728 2638.825 5791.374 2398.516 -3.355491202788 3.758326839307 -5.359119433160 425.732
1873/05 2024 06 18 09 17 25.728 2635.468 5795.129 2393.155 -3.358272504994 3.751503181924 -5.362165123126 425.728
1873/05 2024 06 18 09 17 26.728 2632.108 5798.877 2387.791 -3.361050563531 3.744675193302 -5.365203996350 425.725
1873/05 2024 06 18 09 17 27.728 2628.746 5802.618 2382.424 -3.363825375511 3.737842881613 -5.368236048959 425.721
1873/05 2024 06 18 09 17 28.728 2625.380 5806.353 2377.055 -3.366596938047 3.731006255036 -5.371261277089 425.718
1873/05 2024 06 18 09 17 29.728 2622.012 5810.080 2371.682 -3.369365248258 3.724165321753 -5.374279676887 425.714
1873/05 2024 06 18 09 17 30.728 2618.642 5813.801 2366.306 -3.372130303264 3.717320089950 -5.377291244505 425.711
1873/05 2024 06 18 09 17 31.728 2615.268 5817.515 2360.927 -3.374892100187 3.710470567823 -5.380295976105 425.708
1873/05 2024 06 18 09 17 32.728 2611.892 5821.222 2355.546 -3.377650636154 3.703616763567 -5.383293867860 425.704
1873/05 2024 06 18 09 17 33.728 2608.513 5824.922 2350.161 -3.380405908294 3.696758685387 -5.386284915950 425.701
1873/05 2024 06 18 09 17 34.728 2605.131 5828.615 2344.773 -3.383157913739 3.689896341491 -5.389269116562 425.697
1873/05 2024 06 18 09 17 35.728 2601.747 5832.302 2339.382 -3.385906649624 3.683029740092 -5.392246465895 425.694
1873/05 2024 06 18 09 17 36.728 2598.359 5835.982 2333.989 -3.388652113088 3.676158889408 -5.395216960154 425.691
1873/05 2024 06 18 09 17 37.728 2594.969 5839.654 2328.592 -3.391394301271 3.669283797664 -5.398180595556 425.687
1873/05 2024 06 18 09 17 38.728 2591.577 5843.320 2323.192 -3.394133211319 3.662404473088 -5.401137368325 425.684
1873/05 2024 06 18 09 17 39.728 2588.181 5846.979 2317.790 -3.396868840378 3.655520923914 -5.404087274691 425.681
1873/05 2024 06 18 09 17 40.728 2584.783 5850.631 2312.384 -3.399601185598 3.648633158381 -5.407030310899 425.677
1873/05 2024 06 18 09 17 41.728 2581.382 5854.276 2306.975 -3.402330244132 3.641741184733 -5.409966473197 425.674
1873/05 2024 06 18 09 17 42.728 2577.978 5857.915 2301.564 -3.405056013137 3.634845011218 -5.412895757845 425.671
1873/05 2024 06 18 09 17 43.728 2574.572 5861.546 2296.150 -3.407778489773 3.627944646090 -5.415818161111 425.667
1873/05 2024 06 18 09 17 44.728 2571.163 5865.171 2290.732 -3.410497671201 3.621040097609 -5.418733679271 425.664
1873/05 2024 06 18 09 17 45.728 2567.751 5868.788 2285.312 -3.413213554587 3.614131374039 -5.421642308612 425.661
1873/05 2024 06 18 09 17 46.728 2564.336 5872.399 2279.889 -3.415926137099 3.607218483649 -5.424544045428 425.658
1873/05 2024 06 18 09 17 47.728 2560.919 5876.003 2274.463 -3.418635415908 3.600301434712 -5.427438886022 425.654
1873/05 2024 06 18 09 17 48.728 2557.499 5879.599 2269.034 -3.421341388190 3.593380235507 -5.430326826707 425.651
1873/05 2024 06 18 09 17 49.728 2554.076 5883.189 2263.602 -3.424044051121 3.586454894319 -5.433207863802 425.648
1873/05 2024 06 18 09 17 50.728 2550.651 5886.772 2258.168 -3.426743401883 3.579525419437 -5.436081993639 425.645
1873/05 2024 06 18 09 17 51.728 2547.223 5890.348 2252.730 -3.429439437659 3.572591819153 -5.438949212557 425.642
1873/05 2024 06 18 09 17 52.728 2543.792 5893.917 2247.290 -3.432132155635 3.565654101768 -5.441809516901 425.638
1873/05 2024 06 18 09 17 53.728 2540.358 5897.480 2241.847 -3.434821553001 3.558712275584 -5.444662903030 425.635
1873/05 2024 06 18 09 17 54.728 2536.922 5901.035 2236.401 -3.437507626951 3.551766348911 -5.447509367309 425.632
1873/05 2024 06 18 09 17 55.728 2533.483 5904.583 2230.952 -3.440190374680 3.544816330061 -5.450348906111 425.629
1873/05 2024 06 18 09 17 56.728 2530.042 5908.125 2225.500 -3.442869793387 3.537862227353 -5.453181515820 425.626
1873/05 2024 06 18 09 17 57.728 2526.598 5911.659 2220.045 -3.445545880273 3.530904049111 -5.456007192827 425.623
1873/05 2024 06 18 09 17 58.728 2523.151 5915.186 2214.588 -3.448218632546 3.523941803662 -5.458825933535 425.620
1873/05 2024 06 18 09 17 59.728 2519.701 5918.707 2209.128 -3.450888047411 3.516975499339 -5.461637734352 425.617
1873/05 2024 06 18 09 18 00.728 2516.249 5922.220 2203.665 -3.453554122081 3.510005144480 -5.464442591698 425.614
1873/05 2024 06 18 09 18 01.728 2512.794 5925.727 2198.199 -3.456216853770 3.503030747428 -5.467240501999 425.611
1873/05 2024 06 18 09 18 02.728 2509.337 5929.226 2192.730 -3.458876239696 3.496052316529 -5.470031461693 425.607
1873/05 2024 06 18 09 18 03.728 2505.876 5932.719 2187.259 -3.461532277079 3.489069860137 -5.472815467225 425.604
1873/05 2024 06 18 09 18 04.728 2502.414 5936.204 2181.785 -3.464184963143 3.482083386609 -5.475592515049 425.601
1873/05 2024 06 18 09 18 05.728 2498.948 5939.683 2176.308 -3.466834295114 3.475092904305 -5.478362601629 425.598
1873/05 2024 06 18 09 18 06.728 2495.480 5943.155 2170.828 -3.469480270222 3.468098421593 -5.481125723437 425.595
1873/05 2024 06 18 09 18 07.728 2492.009 5946.619 2165.345 -3.472122885701 3.461099946844 -5.483881876954 425.592
1873/05 2024 06 18 09 18 08.728 2488.536 5950.077 2159.860 -3.474762138786 3.454097488435 -5.486631058670 425.589
1873/05 2024 06 18 09 18 09.728 2485.060 5953.527 2154.372 -3.477398026717 3.447091054744 -5.489373265085 425.587
1873/05 2024 06 18 09 18 10.728 2481.581 5956.971 2148.881 -3.480030546736 3.440080654160 -5.492108492706 425.584
1873/05 2024 06 18 09 18 11.728 2478.099 5960.408 2143.388 -3.482659696088 3.433066295070 -5.494836738051 425.581
1873/05 2024 06 18 09 18 12.728 2474.615 5963.837 2137.892 -3.485285472023 3.426047985872 -5.497557997645 425.578
1873/05 2024 06 18 09 18 13.728 2471.129 5967.260 2132.393 -3.487907871790 3.419025734963 -5.500272268024 425.575
1873/05 2024 06 18 09 18 14.728 2467.640 5970.675 2126.891 -3.490526892647 3.411999550749 -5.502979545731 425.572
1873/05 2024 06 18 09 18 15.728 2464.148 5974.084 2121.387 -3.493142531849 3.404969441638 -5.505679827319 425.569
1873/05 2024 06 18 09 18 16.728 2460.653 5977.485 2115.880 -3.495754786659 3.397935416045 -5.508373109350 425.566
1873/05 2024 06 18 09 18 17.728 2457.156 5980.880 2110.370 -3.498363654341 3.390897482386 -5.511059388395 425.563
1873/05 2024 06 18 09 18 18.728 2453.657 5984.267 2104.858 -3.500969132161 3.383855649086 -5.513738661035 425.561
1873/05 2024 06 18 09 18 19.728 2450.154 5987.647 2099.343 -3.503571217391 3.376809924571 -5.516410923856 425.558
1873/05 2024 06 18 09 18 20.728 2446.650 5991.021 2093.825 -3.506169907305 3.369760317274 -5.519076173459 425.555
1873/05 2024 06 18 09 18 21.728 2443.142 5994.387 2088.304 -3.508765199178 3.362706835632 -5.521734406448 425.552
1873/05 2024 06 18 09 18 22.728 2439.632 5997.746 2082.781 -3.511357090291 3.355649488086 -5.524385619441 425.549
1873/05 2024 06 18 09 18 23.728 2436.119 6001.098 2077.256 -3.513945577927 3.348588283081 -5.527029809062 425.547
1873/05 2024 06 18 09 18 24.728 2432.604 6004.443 2071.727 -3.516530659373 3.341523229068 -5.529666971946 425.544
1873/05 2024 06 18 09 18 25.728 2429.086 6007.781 2066.196 -3.519112331917 3.334454334503 -5.532297104734 425.541
1873/05 2024 06 18 09 18 26.728 2425.566 6011.112 2060.663 -3.521690592853 3.327381607844 -5.534920204079 425.538
1873/05 2024 06 18 09 18 27.728 2422.043 6014.436 2055.126 -3.524265439475 3.320305057556 -5.537536266642 425.536
1873/05 2024 06 18 09 18 28.728 2418.517 6017.753 2049.588 -3.526836869084 3.313224692107 -5.540145289093 425.533
1873/05 2024 06 18 09 18 29.728 2414.989 6021.062 2044.046 -3.529404878980 3.306140519970 -5.542747268110 425.530
1873/05 2024 06 18 09 18 30.728 2411.459 6024.365 2038.502 -3.531969466470 3.299052549624 -5.545342200383 425.528
1873/05 2024 06 18 09 18 31.728 2407.925 6027.660 2032.955 -3.534530628862 3.291960789549 -5.547930082608 425.525
1873/05 2024 06 18 09 18 32.728 2404.389 6030.949 2027.406 -3.537088363467 3.284865248233 -5.550510911492 425.522
1873/05 2024 06 18 09 18 33.728 2400.851 6034.230 2021.854 -3.539642667601 3.277765934167 -5.553084683749 425.520
1873/05 2024 06 18 09 18 34.728 2397.310 6037.504 2016.300 -3.542193538580 3.270662855845 -5.555651396104 425.517
1873/05 2024 06 18 09 18 35.728 2393.767 6040.772 2010.743 -3.544740973728 3.263556021768 -5.558211045291 425.515
1873/05 2024 06 18 09 18 36.728 2390.221 6044.032 2005.184 -3.547284970367 3.256445440440 -5.560763628051 425.512
1873/05 2024 06 18 09 18 37.728 2386.672 6047.284 1999.622 -3.549825525825 3.249331120370 -5.563309141137 425.509
1873/05 2024 06 18 09 18 38.728 2383.121 6050.530 1994.057 -3.552362637434 3.242213070071 -5.565847581309 425.507
1873/05 2024 06 18 09 18 39.728 2379.567 6053.769 1988.490 -3.554896302526 3.235091298060 -5.568378945336 425.504
1873/05 2024 06 18 09 18 40.728 2376.011 6057.000 1982.920 -3.557426518441 3.227965812859 -5.570903229998 425.502
1873/05 2024 06 18 09 18 41.728 2372.453 6060.225 1977.348 -3.559953282516 3.220836622994 -5.573420432082 425.499
1873/05 2024 06 18 09 18 42.728 2368.891 6063.442 1971.773 -3.562476592098 3.213703736997 -5.575930548386 425.497
1873/05 2024 06 18 09 18 43.728 2365.328 6066.652 1966.196 -3.564996444531 3.206567163401 -5.578433575714 425.494
1873/05 2024 06 18 09 18 44.728 2361.761 6069.855 1960.617 -3.567512837166 3.199426910747 -5.580929510883 425.492
1873/05 2024 06 18 09 18 45.728 2358.193 6073.051 1955.034 -3.570025767357 3.192282987577 -5.583418350717 425.489
1873/05 2024 06 18 09 18 46.728 2354.621 6076.240 1949.450 -3.572535232460 3.185135402440 -5.585900092049 425.487
1873/05 2024 06 18 09 18 47.728 2351.048 6079.421 1943.863 -3.575041229834 3.177984163888 -5.588374731721 425.485
1873/05 2024 06 18 09 18 48.728 2347.471 6082.596 1938.273 -3.577543756843 3.170829280477 -5.590842266586 425.482
1873/05 2024 06 18 09 18 49.728 2343.892 6085.763 1932.681 -3.580042810852 3.163670760768 -5.593302693503 425.480
1873/05 2024 06 18 09 18 50.728 2340.311 6088.923 1927.086 -3.582538389231 3.156508613326 -5.595756009343 425.477
1873/05 2024 06 18 09 18 51.728 2336.727 6092.076 1921.489 -3.585030489352 3.149342846720 -5.598202210985 425.475
1873/05 2024 06 18 09 18 52.728 2333.141 6095.222 1915.890 -3.587519108592 3.142173469524 -5.600641295317 425.473
1873/05 2024 06 18 09 18 53.728 2329.552 6098.360 1910.288 -3.590004244329 3.135000490315 -5.603073259236 425.470
1873/05 2024 06 18 09 18 54.728 2325.961 6101.492 1904.684 -3.592485893946 3.127823917676 -5.605498099648 425.468
1873/05 2024 06 18 09 18 55.728 2322.367 6104.616 1899.077 -3.594964054827 3.120643760192 -5.607915813469 425.466
1873/05 2024 06 18 09 18 56.728 2318.771 6107.733 1893.468 -3.597438724363 3.113460026454 -5.610326397624 425.463
1873/05 2024 06 18 09 18 57.728 2315.172 6110.843 1887.857 -3.599909899944 3.106272725057 -5.612729849046 425.461
1873/05 2024 06 18 09 18 58.728 2311.571 6113.946 1882.243 -3.602377578967 3.099081864598 -5.615126164679 425.459
1873/05 2024 06 18 09 18 59.728 2307.968 6117.041 1876.626 -3.604841758829 3.091887453682 -5.617515341474 425.457
1873/05 2024 06 18 09 19 00.728 2304.362 6120.129 1871.008 -3.607302436932 3.084689500914 -5.619897376394 425.454
1873/05 2024 06 18 09 19 01.728 2300.753 6123.210 1865.386 -3.609759610683 3.077488014906 -5.622272266407 425.452
1873/05 2024 06 18 09 19 02.728 2297.142 6126.284 1859.763 -3.612213277487 3.070283004273 -5.624640008495 425.450
1873/05 2024 06 18 09 19 03.728 2293.529 6129.351 1854.137 -3.614663434758 3.063074477635 -5.627000599646 425.448
1873/05 2024 06 18 09 19 04.728 2289.913 6132.410 1848.509 -3.617110079910 3.055862443615 -5.629354036858 425.446
1873/05 2024 06 18 09 19 05.728 2286.294 6135.463 1842.878 -3.619553210362 3.048646910840 -5.631700317137 425.444
1873/05 2024 06 18 09 19 06.728 2282.674 6138.508 1837.246 -3.621992823533 3.041427887943 -5.634039437501 425.441
1873/05 2024 06 18 09 19 07.728 2279.050 6141.546 1831.610 -3.624428916850 3.034205383558 -5.636371394975 425.439
1873/05 2024 06 18 09 19 08.728 2275.425 6144.576 1825.973 -3.626861487739 3.026979406326 -5.638696186594 425.437
1873/05 2024 06 18 09 19 09.728 2271.797 6147.600 1820.333 -3.629290533633 3.019749964890 -5.641013809402 425.435
1873/05 2024 06 18 09 19 10.728 2268.166 6150.616 1814.691 -3.631716051965 3.012517067899 -5.643324260451 425.433
1873/05 2024 06 18 09 19 11.728 2264.533 6153.625 1809.046 -3.634138040173 3.005280724003 -5.645627536804 425.431
1873/05 2024 06 18 09 19 12.728 2260.898 6156.626 1803.400 -3.636556495699 2.998040941860 -5.647923635533 425.429
1873/05 2024 06 18 09 19 13.728 2257.260 6159.621 1797.751 -3.638971415985 2.990797730128 -5.650212553719 425.427
1873/05 2024 06 18 09 19 14.728 2253.620 6162.608 1792.099 -3.641382798481 2.983551097472 -5.652494288451 425.425
1873/05 2024 06 18 09 19 15.728 2249.977 6165.588 1786.446 -3.643790640636 2.976301052559 -5.654768836828 425.423
1873/05 2024 06 18 09 19 16.728 2246.332 6168.560 1780.790 -3.646194939906 2.969047604061 -5.657036195960 425.421
1873/05 2024 06 18 09 19 17.728 2242.685 6171.526 1775.131 -3.648595693746 2.961790760655 -5.659296362963 425.419
1873/05 2024 06 18 09 19 18.728 2239.035 6174.484 1769.471 -3.650992899619 2.954530531018 -5.661549334965 425.417
1873/05 2024 06 18 09 19 19.728 2235.383 6177.435 1763.808 -3.653386554987 2.947266923836 -5.663795109102 425.415
1873/05 2024 06 18 09 19 20.728 2231.729 6180.379 1758.143 -3.655776657319 2.939999947796 -5.666033682518 425.413
1873/05 2024 06 18 09 19 21.728 2228.072 6183.315 1752.476 -3.658163204085 2.932729611588 -5.668265052369 425.411
1873/05 2024 06 18 09 19 22.728 2224.412 6186.244 1746.807 -3.660546192758 2.925455923909 -5.670489215818 425.409
1873/05 2024 06 18 09 19 23.728 2220.750 6189.166 1741.135 -3.662925620817 2.918178893457 -5.672706170038 425.407
1873/05 2024 06 18 09 19 24.728 2217.086 6192.080 1735.462 -3.665301485741 2.910898528936 -5.674915912212 425.406
1873/05 2024 06 18 09 19 25.728 2213.420 6194.988 1729.786 -3.667673785014 2.903614839053 -5.677118439532 425.404
1873/05 2024 06 18 09 19 26.728 2209.751 6197.888 1724.107 -3.670042516124 2.896327832518 -5.679313749197 425.402
1873/05 2024 06 18 09 19 27.728 2206.080 6200.780 1718.427 -3.672407676560 2.889037518046 -5.681501838418 425.400
1873/05 2024 06 18 09 19 28.728 2202.406 6203.666 1712.744 -3.674769263817 2.881743904355 -5.683682704414 425.398
1873/05 2024 06 18 09 19 29.728 2198.730 6206.544 1707.060 -3.677127275392 2.874447000168 -5.685856344414 425.397
1873/05 2024 06 18 09 19 30.728 2195.052 6209.415 1701.373 -3.679481708785 2.867146814211 -5.688022755656 425.395
1873/05 2024 06 18 09 19 31.728 2191.371 6212.278 1695.683 -3.681832561500 2.859843355213 -5.690181935387 425.393
1873/05 2024 06 18 09 19 32.728 2187.688 6215.134 1689.992 -3.684179831043 2.852536631909 -5.692333880863 425.391
1873/05 2024 06 18 09 19 33.728 2184.003 6217.983 1684.299 -3.686523514926 2.845226653035 -5.694478589350 425.390
1873/05 2024 06 18 09 19 34.728 2180.315 6220.825 1678.603 -3.688863610662 2.837913427333 -5.696616058122 425.388
1873/05 2024 06 18 09 19 35.728 2176.625 6223.659 1672.906 -3.691200115767 2.830596963547 -5.698746284465 425.386
1873/05 2024 06 18 09 19 36.728 2172.933 6226.486 1667.206 -3.693533027763 2.823277270427 -5.700869265671 425.385
1873/05 2024 06 18 09 19 37.728 2169.238 6229.305 1661.504 -3.695862344172 2.815954356725 -5.702984999043 425.383
1873/05 2024 06 18 09 19 38.728 2165.541 6232.118 1655.800 -3.698188062523 2.808628231197 -5.705093481893 425.381
1873/05 2024 06 18 09 19 39.728 2161.842 6234.923 1650.094 -3.700510180345 2.801298902602 -5.707194711543 425.380
1873/05 2024 06 18 09 19 40.728 2158.140 6237.720 1644.385 -3.702828695171 2.793966379705 -5.709288685324 425.378
1873/05 2024 06 18 09 19 41.728 2154.436 6240.511 1638.675 -3.705143604540 2.786630671272 -5.711375400575 425.377
1873/05 2024 06 18 09 19 42.728 2150.730 6243.294 1632.963 -3.707454905991 2.779291786074 -5.713454854646 425.375
1873/05 2024 06 18 09 19 43.728 2147.021 6246.069 1627.248 -3.709762597068 2.771949732885 -5.715527044895 425.373
1873/05 2024 06 18 09 19 44.728 2143.310 6248.838 1621.532 -3.712066675319 2.764604520485 -5.717591968689 425.372
1873/05 2024 06 18 09 19 45.728 2139.597 6251.598 1615.813 -3.714367138293 2.757256157654 -5.719649623408 425.370
1873/05 2024 06 18 09 19 46.728 2135.882 6254.352 1610.092 -3.716663983544 2.749904653178 -5.721700006436 425.369
1873/05 2024 06 18 09 19 47.728 2132.164 6257.098 1604.370 -3.718957208630 2.742550015846 -5.723743115169 425.367
1873/05 2024 06 18 09 19 48.728 2128.444 6259.837 1598.645 -3.721246811110 2.735192254451 -5.725778947014 425.366
1873/05 2024 06 18 09 19 49.728 2124.721 6262.569 1592.918 -3.723532788549 2.727831377789 -5.727807499384 425.365
1873/05 2024 06 18 09 19 50.728 2120.997 6265.293 1587.189 -3.725815138515 2.720467394659 -5.729828769702 425.363
1873/05 2024 06 18 09 19 51.728 2117.270 6268.010 1581.458 -3.728093858577 2.713100313865 -5.731842755404 425.362
1873/05 2024 06 18 09 19 52.728 2113.540 6270.719 1575.726 -3.730368946309 2.705730144215 -5.733849453929 425.360
1873/05 2024 06 18 09 19 53.728 2109.809 6273.421 1569.991 -3.732640399289 2.698356894517 -5.735848862732 425.359
1873/05 2024 06 18 09 19 54.728 2106.075 6276.116 1564.254 -3.734908215097 2.690980573587 -5.737840979272 425.358
1873/05 2024 06 18 09 19 55.728 2102.339 6278.803 1558.515 -3.737172391318 2.683601190242 -5.739825801020 425.356
1873/05 2024 06 18 09 19 56.728 2098.601 6281.483 1552.774 -3.739432925538 2.676218753303 -5.741803325456 425.355
1873/05 2024 06 18 09 19 57.728 2094.860 6284.155 1547.031 -3.741689815349 2.668833271595 -5.743773550070 425.354
1873/05 2024 06 18 09 19 58.728 2091.117 6286.821 1541.287 -3.743943058344 2.661444753945 -5.745736472359 425.352
1873/05 2024 06 18 09 19 59.728 2087.372 6289.478 1535.540 -3.746192652122 2.654053209185 -5.747692089832 425.351
1873/05 2024 06 18 09 20 00.728 2083.625 6292.129 1529.791 -3.748438594283 2.646658646151 -5.749640400005 425.350
1873/05 2024 06 18 09 20 01.728 2079.875 6294.772 1524.041 -3.750680882430 2.639261073679 -5.751581400406 425.348
1873/05 2024 06 18 09 20 02.728 2076.124 6297.407 1518.288 -3.752919514173 2.631860500613 -5.753515088571 425.347
1873/05 2024 06 18 09 20 03.728 2072.370 6300.035 1512.534 -3.755154487122 2.624456935798 -5.755441462044 425.346
1873/05 2024 06 18 09 20 04.728 2068.613 6302.656 1506.777 -3.757385798891 2.617050388083 -5.757360518380 425.345
1873/05 2024 06 18 09 20 05.728 2064.855 6305.269 1501.019 -3.759613447099 2.609640866319 -5.759272255145 425.344
1873/05 2024 06 18 09 20 06.728 2061.094 6307.875 1495.259 -3.761837429365 2.602228379362 -5.761176669910 425.343
1873/05 2024 06 18 09 20 07.728 2057.331 6310.474 1489.497 -3.764057743316 2.594812936071 -5.763073760259 425.341
1873/05 2024 06 18 09 20 08.728 2053.566 6313.065 1483.733 -3.766274386579 2.587394545309 -5.764963523783 425.340
1873/05 2024 06 18 09 20 09.728 2049.799 6315.649 1477.967 -3.768487356784 2.579973215941 -5.766845958086 425.339
1873/05 2024 06 18 09 20 10.728 2046.029 6318.225 1472.199 -3.770696651568 2.572548956836 -5.768721060777 425.338
1873/05 2024 06 18 09 20 11.728 2042.257 6320.794 1466.429 -3.772902268569 2.565121776867 -5.770588829476 425.337
1873/05 2024 06 18 09 20 12.728 2038.483 6323.355 1460.658 -3.775104205427 2.557691684910 -5.772449261815 425.336
1873/05 2024 06 18 09 20 13.728 2034.707 6325.909 1454.884 -3.777302459788 2.550258689843 -5.774302355431 425.335
1873/05 2024 06 18 09 20 14.728 2030.929 6328.456 1449.109 -3.779497029300 2.542822800549 -5.776148107973 425.334
1873/05 2024 06 18 09 20 15.728 2027.148 6330.995 1443.332 -3.781687911615 2.535384025913 -5.777986517099 425.333
1873/05 2024 06 18 09 20 16.728 2023.365 6333.527 1437.553 -3.783875104388 2.527942374826 -5.779817580477 425.332
1873/05 2024 06 18 09 20 17.728 2019.580 6336.051 1431.772 -3.786058605278 2.520497856178 -5.781641295783 425.331
1873/05 2024 06 18 09 20 18.728 2015.793 6338.568 1425.990 -3.788238411946 2.513050478865 -5.783457660703 425.330
1873/05 2024 06 18 09 20 19.728 2012.004 6341.077 1420.205 -3.790414522059 2.505600251787 -5.785266672933 425.329
1873/05 2024 06 18 09 20 20.728 2008.212 6343.579 1414.419 -3.792586933285 2.498147183845 -5.787068330178 425.328
1873/05 2024 06 18 09 20 21.728 2004.419 6346.073 1408.631 -3.794755643296 2.490691283944 -5.788862630152 425.327
1873/05 2024 06 18 09 20 22.728 2000.623 6348.560 1402.842 -3.796920649768 2.483232560994 -5.790649570579 425.326
1873/05 2024 06 18 09 20 23.728 1996.825 6351.040 1397.050 -3.799081950380 2.475771023905 -5.792429149192 425.325
1873/05 2024 06 18 09 20 24.728 1993.025 6353.512 1391.257 -3.801239542815 2.468306681594 -5.794201363734 425.325
1873/05 2024 06 18 09 20 25.728 1989.222 6355.976 1385.462 -3.803393424758 2.460839542977 -5.795966211957 425.324
1873/05 2024 06 18 09 20 26.728 1985.418 6358.433 1379.665 -3.805543593899 2.453369616976 -5.797723691622 425.323
1873/05 2024 06 18 09 20 27.728 1981.611 6360.883 1373.866 -3.807690047931 2.445896912516 -5.799473800500 425.322
1873/05 2024 06 18 09 20 28.728 1977.802 6363.325 1368.066 -3.809832784550 2.438421438525 -5.801216536372 425.321
1873/05 2024 06 18 09 20 29.728 1973.992 6365.760 1362.264 -3.811971801455 2.430943203932 -5.802951897026 425.321
1873/05 2024 06 18 09 20 30.728 1970.178 6368.187 1356.460 -3.814107096350 2.423462217673 -5.804679880263 425.320
1873/05 2024 06 18 09 20 31.728 1966.363 6370.607 1350.654 -3.816238666942 2.415978488684 -5.806400483892 425.319
1873/05 2024 06 18 09 20 32.728 1962.546 6373.019 1344.847 -3.818366510939 2.408492025906 -5.808113705729 425.319
1873/05 2024 06 18 09 20 33.728 1958.727 6375.424 1339.038 -3.820490626057 2.401002838281 -5.809819543603 425.318
1873/05 2024 06 18 09 20 34.728 1954.905 6377.821 1333.228 -3.822611010011 2.393510934756 -5.811517995351 425.317
1873/05 2024 06 18 09 20 35.728 1951.081 6380.211 1327.415 -3.824727660521 2.386016324281 -5.813209058818 425.317
1873/05 2024 06 18 09 20 36.728 1947.256 6382.593 1321.601 -3.826840575312 2.378519015808 -5.814892731862 425.316
1873/05 2024 06 18 09 20 37.728 1943.428 6384.968 1315.785 -3.828949752111 2.371019018293 -5.816569012347 425.315
1873/05 2024 06 18 09 20 38.728 1939.598 6387.335 1309.968 -3.831055188649 2.363516340694 -5.818237898148 425.315
1873/05 2024 06 18 09 20 39.728 1935.766 6389.695 1304.149 -3.833156882659 2.356010991974 -5.819899387149 425.314
1873/05 2024 06 18 09 20 40.728 1931.931 6392.047 1298.328 -3.835254831879 2.348502981096 -5.821553477244 425.314
1873/05 2024 06 18 09 20 41.728 1928.095 6394.392 1292.506 -3.837349034050 2.340992317029 -5.823200166336 425.313
1873/05 2024 06 18 09 20 42.728 1924.257 6396.729 1286.682 -3.839439486916 2.333479008744 -5.824839452338 425.312
1873/05 2024 06 18 09 20 43.728 1920.416 6399.059 1280.856 -3.841526188226 2.325963065214 -5.826471333172 425.312
1873/05 2024 06 18 09 20 44.728 1916.574 6401.381 1275.029 -3.843609135731 2.318444495416 -5.828095806769 425.312
1873/05 2024 06 18 09 20 45.728 1912.729 6403.696 1269.200 -3.845688327185 2.310923308330 -5.829712871070 425.311
1873/05 2024 06 18 09 20 46.728 1908.882 6406.003 1263.369 -3.847763760347 2.303399512939 -5.831322524027 425.311
1873/05 2024 06 18 09 20 47.728 1905.033 6408.302 1257.537 -3.849835432979 2.295873118228 -5.832924763598 425.310
1873/05 2024 06 18 09 20 48.728 1901.183 6410.595 1251.704 -3.851903342846 2.288344133185 -5.834519587754 425.310
1873/05 2024 06 18 09 20 49.728 1897.330 6412.879 1245.868 -3.853967487717 2.280812566803 -5.836106994474 425.309
1873/05 2024 06 18 09 20 50.728 1893.475 6415.156 1240.031 -3.856027865363 2.273278428077 -5.837686981745 425.309
1873/05 2024 06 18 09 20 51.728 1889.618 6417.426 1234.193 -3.858084473561 2.265741726002 -5.839259547566 425.309
1873/05 2024 06 18 09 20 52.728 1885.758 6419.688 1228.353 -3.860137310090 2.258202469580 -5.840824689945 425.308
1873/05 2024 06 18 09 20 53.728 1881.897 6421.942 1222.511 -3.862186372732 2.250660667814 -5.842382406897 425.308
1873/05 2024 06 18 09 20 54.728 1878.034 6424.189 1216.668 -3.864231659273 2.243116329710 -5.843932696450 425.308
1873/05 2024 06 18 09 20 55.728 1874.169 6426.428 1210.823 -3.866273167503 2.235569464277 -5.845475556640 425.307
1873/05 2024 06 18 09 20 56.728 1870.302 6428.660 1204.977 -3.868310895215 2.228020080526 -5.847010985511 425.307
1873/05 2024 06 18 09 20 57.728 1866.432 6430.884 1199.129 -3.870344840206 2.220468187473 -5.848538981120 425.307
1873/05 2024 06 18 09 20 58.728 1862.561 6433.101 1193.280 -3.872375000275 2.212913794134 -5.850059541529 425.307
1873/05 2024 06 18 09 20 59.728 1858.687 6435.310 1187.429 -3.874401373226 2.205356909531 -5.851572664814 425.306
1873/05 2024 06 18 09 21 00.728 1854.812 6437.512 1181.577 -3.876423956866 2.197797542686 -5.853078349057 425.306
1873/05 2024 06 18 09 21 01.728 1850.935 6439.706 1175.723 -3.878442749006 2.190235702626 -5.854576592352 425.306
1873/05 2024 06 18 09 21 02.728 1847.055 6441.892 1169.868 -3.880457747459 2.182671398378 -5.856067392801 425.306
1873/05 2024 06 18 09 21 03.728 1843.174 6444.071 1164.011 -3.882468950043 2.175104638975 -5.857550748516 425.306
1873/05 2024 06 18 09 21 04.728 1839.290 6446.242 1158.153 -3.884476354580 2.167535433450 -5.859026657618 425.306
1873/05 2024 06 18 09 21 05.728 1835.405 6448.406 1152.293 -3.886479958893 2.159963790842 -5.860495118239 425.306
1873/05 2024 06 18 09 21 06.728 1831.517 6450.562 1146.432 -3.888479760810 2.152389720189 -5.861956128519 425.306
1873/05 2024 06 18 09 21 07.728 1827.628 6452.711 1140.569 -3.890475758163 2.144813230535 -5.863409686608 425.305
1873/05 2024 06 18 09 21 08.728 1823.736 6454.852 1134.705 -3.892467948788 2.137234330924 -5.864855790666 425.305
1873/05 2024 06 18 09 21 09.728 1819.843 6456.985 1128.839 -3.894456330521 2.129653030404 -5.866294438862 425.305
1873/05 2024 06 18 09 21 10.728 1815.947 6459.111 1122.972 -3.896440901207 2.122069338027 -5.867725629374 425.305
1873/05 2024 06 18 09 21 11.728 1812.050 6461.230 1117.104 -3.898421658689 2.114483262846 -5.869149360391 425.305
1873/05 2024 06 18 09 21 12.728 1808.151 6463.340 1111.234 -3.900398600818 2.106894813916 -5.870565630110 425.305
1873/05 2024 06 18 09 21 13.728 1804.249 6465.443 1105.363 -3.902371725445 2.099304000298 -5.871974436739 425.305
1873/05 2024 06 18 09 21 14.728 1800.346 6467.539 1099.490 -3.904341030427 2.091710831051 -5.873375778494 425.306
1873/05 2024 06 18 09 21 15.728 1796.441 6469.627 1093.616 -3.906306513623 2.084115315240 -5.874769653602 425.306
1873/05 2024 06 18 09 21 16.728 1792.533 6471.707 1087.740 -3.908268172897 2.076517461933 -5.876156060299 425.306
1873/05 2024 06 18 09 21 17.728 1788.624 6473.780 1081.864 -3.910226006115 2.068917280198 -5.877534996830 425.306
1873/05 2024 06 18 09 21 18.728 1784.713 6475.845 1075.985 -3.912180011147 2.061314779107 -5.878906461451 425.306
1873/05 2024 06 18 09 21 19.728 1780.800 6477.902 1070.106 -3.914130185868 2.053709967735 -5.880270452425 425.306
1873/05 2024 06 18 09 21 20.728 1776.885 6479.952 1064.225 -3.916076528153 2.046102855159 -5.881626968026 425.306
1873/05 2024 06 18 09 21 21.728 1772.967 6481.995 1058.343 -3.918019035885 2.038493450460 -5.882976006540 425.307
1873/05 2024 06 18 09 21 22.728 1769.048 6484.029 1052.459 -3.919957706947 2.030881762719 -5.884317566258 425.307
1873/05 2024 06 18 09 21 23.728 1765.128 6486.056 1046.574 -3.921892539227 2.023267801021 -5.885651645483 425.307
1873/05 2024 06 18 09 21 24.728 1761.205 6488.076 1040.688 -3.923823530617 2.015651574455 -5.886978242528 425.307
1873/05 2024 06 18 09 21 25.728 1757.280 6490.088 1034.800 -3.925750679011 2.008033092110 -5.888297355715 425.308
1873/05 2024 06 18 09 21 26.728 1753.353 6492.092 1028.911 -3.927673982308 2.000412363078 -5.889608983375 425.308
1873/05 2024 06 18 09 21 27.728 1749.425 6494.089 1023.021 -3.929593438410 1.992789396455 -5.890913123849 425.308
1873/05 2024 06 18 09 21 28.728 1745.494 6496.078 1017.129 -3.931509045222 1.985164201339 -5.892209775488 425.309
1873/05 2024 06 18 09 21 29.728 1741.562 6498.059 1011.236 -3.933420800654 1.977536786829 -5.893498936652 425.309
1873/05 2024 06 18 09 21 30.728 1737.627 6500.033 1005.342 -3.935328702619 1.969907162029 -5.894780605711 425.309
1873/05 2024 06 18 09 21 31.728 1733.691 6501.999 999.447 -3.937232749031 1.962275336044 -5.896054781044 425.310
1873/05 2024 06 18 09 21 32.728 1729.753 6503.957 993.550 -3.939132937812 1.954641317981 -5.897321461040 425.310
1873/05 2024 06 18 09 21 33.728 1725.813 6505.908 987.652 -3.941029266885 1.947005116950 -5.898580644098 425.311
1873/05 2024 06 18 09 21 34.728 1721.871 6507.851 981.753 -3.942921734175 1.939366742064 -5.899832328625 425.311
1873/05 2024 06 18 09 21 35.728 1717.927 6509.787 975.852 -3.944810337615 1.931726202438 -5.901076513039 425.311
1873/05 2024 06 18 09 21 36.728 1713.981 6511.715 969.951 -3.946695075137 1.924083507189 -5.902313195768 425.312
1873/05 2024 06 18 09 21 37.728 1710.033 6513.635 964.048 -3.948575944680 1.916438665437 -5.903542375248 425.312
1873/05 2024 06 18 09 21 38.728 1706.084 6515.547 958.144 -3.950452944184 1.908791686305 -5.904764049926 425.313
1873/05 2024 06 18 09 21 39.728 1702.132 6517.452 952.238 -3.952326071595 1.901142578917 -5.905978218258 425.314
1873/05 2024 06 18 09 21 40.728 1698.179 6519.350 946.332 -3.954195324859 1.893491352400 -5.907184878709 425.314
1873/05 2024 06 18 09 21 41.728 1694.224 6521.239 940.424 -3.956060701930 1.885838015883 -5.908384029755 425.315
1873/05 2024 06 18 09 21 42.728 1690.267 6523.121 934.515 -3.957922200763 1.878182578499 -5.909575669880 425.315
1873/05 2024 06 18 09 21 43.728 1686.308 6524.996 928.605 -3.959779819316 1.870525049381 -5.910759797580 425.316
1873/05 2024 06 18 09 21 44.728 1682.348 6526.862 922.693 -3.961633555553 1.862865437667 -5.911936411357 425.317
1873/05 2024 06 18 09 21 45.728 1678.385 6528.722 916.781 -3.963483407439 1.855203752494 -5.913105509726 425.317
1873/05 2024 06 18 09 21 46.728 1674.421 6530.573 910.867 -3.965329372944 1.847540003004 -5.914267091210 425.318
1873/05 2024 06 18 09 21 47.728 1670.454 6532.417 904.952 -3.967171450042 1.839874198341 -5.915421154341 425.319
1873/05 2024 06 18 09 21 48.728 1666.486 6534.253 899.036 -3.969009636709 1.832206347649 -5.916567697663 425.319
1873/05 2024 06 18 09 21 49.728 1662.516 6536.081 893.119 -3.970843930926 1.824536460079 -5.917706719727 425.320
1873/05 2024 06 18 09 21 50.728 1658.545 6537.902 887.201 -3.972674330677 1.816864544778 -5.918838219095 425.321
1873/05 2024 06 18 09 21 51.728 1654.571 6539.715 881.282 -3.974500833950 1.809190610901 -5.919962194339 425.322
1873/05 2024 06 18 09 21 52.728 1650.596 6541.520 875.361 -3.976323438735 1.801514667603 -5.921078644038 425.322
1873/05 2024 06 18 09 21 53.728 1646.618 6543.318 869.439 -3.978142143029 1.793836724039 -5.922187566785 425.323
1873/05 2024 06 18 09 21 54.728 1642.639 6545.108 863.517 -3.979956944828 1.786156789370 -5.923288961178 425.324
1873/05 2024 06 18 09 21 55.728 1638.658 6546.890 857.593 -3.981767842136 1.778474872757 -5.924382825828 425.325
1873/05 2024 06 18 09 21 56.728 1634.676 6548.665 851.668 -3.983574832959 1.770790983365 -5.925469159355 425.326
1873/05 2024 06 18 09 21 57.728 1630.691 6550.432 845.742 -3.985377915304 1.763105130358 -5.926547960386 425.327
1873/05 2024 06 18 09 21 58.728 1626.705 6552.191 839.815 -3.987177087186 1.755417322906 -5.927619227562 425.328
1873/05 2024 06 18 09 21 59.728 1622.717 6553.942 833.887 -3.988972346621 1.747727570178 -5.928682959530 425.329
1873/05 2024 06 18 09 22 00.728 1618.727 6555.686 827.958 -3.990763691628 1.740035881348 -5.929739154949 425.330
1873/05 2024 06 18 09 22 01.728 1614.735 6557.423 822.027 -3.992551120233 1.732342265589 -5.930787812485 425.331
1873/05 2024 06 18 09 22 02.728 1610.742 6559.151 816.096 -3.994334630461 1.724646732080 -5.931828930816 425.332
1873/05 2024 06 18 09 22 03.728 1606.747 6560.872 810.164 -3.996114220344 1.716949289998 -5.932862508630 425.333
1873/05 2024 06 18 09 22 04.728 1602.750 6562.585 804.230 -3.997889887917 1.709249948525 -5.933888544622 425.334
1873/05 2024 06 18 09 22 05.728 1598.751 6564.290 798.296 -3.999661631218 1.701548716845 -5.934907037499 425.335
1873/05 2024 06 18 09 22 06.728 1594.750 6565.988 792.360 -4.001429448289 1.693845604142 -5.935917985976 425.336
1873/05 2024 06 18 09 22 07.728 1590.748 6567.678 786.424 -4.003193337175 1.686140619604 -5.936921388779 425.337
1873/05 2024 06 18 09 22 08.728 1586.744 6569.360 780.487 -4.004953295925 1.678433772422 -5.937917244644 425.338
1873/05 2024 06 18 09 22 09.728 1582.738 6571.035 774.548 -4.006709322592 1.670725071785 -5.938905552314 425.339
1873/05 2024 06 18 09 22 10.728 1578.731 6572.702 768.609 -4.008461415233 1.663014526889 -5.939886310545 425.340
1873/05 2024 06 18 09 22 11.728 1574.721 6574.361 762.668 -4.010209571907 1.655302146929 -5.940859518100 425.341
1873/05 2024 06 18 09 22 12.728 1570.710 6576.012 756.727 -4.011953790679 1.647587941102 -5.941825173754 425.343
1873/05 2024 06 18 09 22 13.728 1566.697 6577.656 750.785 -4.013694069615 1.639871918609 -5.942783276288 425.344
1873/05 2024 06 18 09 22 14.728 1562.683 6579.292 744.841 -4.015430406786 1.632154088651 -5.943733824498 425.345
1873/05 2024 06 18 09 22 15.728 1558.666 6580.920 738.897 -4.017162800268 1.624434460432 -5.944676817185 425.346
1873/05 2024 06 18 09 22 16.728 1554.648 6582.541 732.952 -4.018891248137 1.616713043159 -5.945612253161 425.348
1873/05 2024 06 18 09 22 17.728 1550.629 6584.154 727.006 -4.020615748477 1.608989846038 -5.946540131249 425.349
1873/05 2024 06 18 09 22 18.728 1546.607 6585.759 721.059 -4.022336299373 1.601264878281 -5.947460450281 425.350
1873/05 2024 06 18 09 22 19.728 1542.584 6587.356 715.111 -4.024052898914 1.593538149098 -5.948373209097 425.352
1873/05 2024 06 18 09 22 20.728 1538.559 6588.946 709.162 -4.025765545192 1.585809667704 -5.949278406549 425.353
1873/05 2024 06 18 09 22 21.728 1534.533 6590.528 703.213 -4.027474236305 1.578079443313 -5.950176041498 425.354
1873/05 2024 06 18 09 22 22.728 1530.504 6592.102 697.262 -4.029178970352 1.570347485145 -5.951066112814 425.356
1873/05 2024 06 18 09 22 23.728 1526.474 6593.669 691.310 -4.030879745437 1.562613802418 -5.951948619377 425.357
1873/05 2024 06 18 09 22 24.728 1522.442 6595.227 685.358 -4.032576559669 1.554878404354 -5.952823560077 425.359
1873/05 2024 06 18 09 22 25.728 1518.409 6596.778 679.405 -4.034269411157 1.547141300176 -5.953690933813 425.360
1873/05 2024 06 18 09 22 26.728 1514.374 6598.322 673.451 -4.035958298018 1.539402499110 -5.954550739494 425.361
1873/05 2024 06 18 09 22 27.728 1510.337 6599.857 667.496 -4.037643218368 1.531662010382 -5.955402976039 425.363
1873/05 2024 06 18 09 22 28.728 1506.299 6601.385 661.540 -4.039324170332 1.523919843222 -5.956247642377 425.364
1873/05 2024 06 18 09 22 29.728 1502.258 6602.905 655.583 -4.041001152034 1.516176006861 -5.957084737446 425.366
1873/05 2024 06 18 09 22 30.728 1498.217 6604.417 649.626 -4.042674161604 1.508430510532 -5.957914260194 425.368
1873/05 2024 06 18 09 22 31.728 1494.173 6605.922 643.667 -4.044343197175 1.500683363468 -5.958736209577 425.369
1873/05 2024 06 18 09 22 32.728 1490.128 6607.419 637.708 -4.046008256885 1.492934574906 -5.959550584565 425.371
1873/05 2024 06 18 09 22 33.728 1486.081 6608.908 631.748 -4.047669338874 1.485184154085 -5.960357384132 425.372
1873/05 2024 06 18 09 22 34.728 1482.033 6610.389 625.788 -4.049326441285 1.477432110245 -5.961156607266 425.374
1873/05 2024 06 18 09 22 35.728 1477.982 6611.863 619.826 -4.050979562268 1.469678452627 -5.961948252964 425.376
1873/05 2024 06 18 09 22 36.728 1473.931 6613.328 613.864 -4.052628699974 1.461923190475 -5.962732320231 425.377
1873/05 2024 06 18 09 22 37.728 1469.877 6614.787 607.901 -4.054273852558 1.454166333035 -5.963508808083 425.379
1873/05 2024 06 18 09 22 38.728 1465.822 6616.237 601.937 -4.055915018180 1.446407889553 -5.964277715545 425.381
1873/05 2024 06 18 09 22 39.728 1461.765 6617.679 595.972 -4.057552195001 1.438647869279 -5.965039041653 425.382
1873/05 2024 06 18 09 22 40.728 1457.707 6619.114 590.007 -4.059185381189 1.430886281462 -5.965792785451 425.384
1873/05 2024 06 18 09 22 41.728 1453.647 6620.541 584.040 -4.060814574914 1.423123135356 -5.966538945994 425.386
1873/05 2024 06 18 09 22 42.728 1449.585 6621.960 578.073 -4.062439774350 1.415358440214 -5.967277522345 425.388
1873/05 2024 06 18 09 22 43.728 1445.522 6623.372 572.106 -4.064060977674 1.407592205292 -5.968008513580 425.390
1873/05 2024 06 18 09 22 44.728 1441.457 6624.776 566.137 -4.065678183067 1.399824439848 -5.968731918781 425.391
1873/05 2024 06 18 09 22 45.728 1437.391 6626.171 560.168 -4.067291388715 1.392055153140 -5.969447737043 425.393
1873/05 2024 06 18 09 22 46.728 1433.323 6627.560 554.199 -4.068900592807 1.384284354430 -5.970155967467 425.395
1873/05 2024 06 18 09 22 47.728 1429.253 6628.940 548.228 -4.070505793535 1.376512052981 -5.970856609167 425.397
1873/05 2024 06 18 09 22 48.728 1425.182 6630.313 542.257 -4.072106989094 1.368738258055 -5.971549661265 425.399
1873/05 2024 06 18 09 22 49.728 1421.109 6631.678 536.285 -4.073704177686 1.360962978919 -5.972235122893 425.401
1873/05 2024 06 18 09 22 50.728 1417.034 6633.035 530.312 -4.075297357513 1.353186224840 -5.972912993194 425.403
1873/05 2024 06 18 09 22 51.728 1412.958 6634.384 524.339 -4.076886526783 1.345408005088 -5.973583271319 425.405
1873/05 2024 06 18 09 22 52.728 1408.880 6635.725 518.365 -4.078471683707 1.337628328932 -5.974245956429 425.407
1873/05 2024 06 18 09 22 53.728 1404.801 6637.059 512.391 -4.080052826500 1.329847205645 -5.974901047696 425.409
1873/05 2024 06 18 09 22 54.728 1400.720 6638.385 506.415 -4.081629953381 1.322064644502 -5.975548544299 425.411
1873/05 2024 06 18 09 22 55.728 1396.638 6639.703 500.440 -4.083203062571 1.314280654776 -5.976188445431 425.413
1873/05 2024 06 18 09 22 56.728 1392.554 6641.014 494.463 -4.084772152297 1.306495245746 -5.976820750290 425.415
1873/05 2024 06 18 09 22 57.728 1388.468 6642.316 488.486 -4.086337220789 1.298708426689 -5.977445458087 425.417
1873/05 2024 06 18 09 22 58.728 1384.381 6643.611 482.508 -4.087898266280 1.290920206885 -5.978062568042 425.419
1873/05 2024 06 18 09 22 59.728 1380.293 6644.898 476.530 -4.089455287007 1.283130595617 -5.978672079384 425.421
1873/05 2024 06 18 09 23 00.728 1376.202 6646.177 470.551 -4.091008281212 1.275339602167 -5.979273991351 425.424
1873/05 2024 06 18 09 23 01.728 1372.111 6647.449 464.571 -4.092557247139 1.267547235819 -5.979868303194 425.426
1873/05 2024 06 18 09 23 02.728 1368.017 6648.712 458.591 -4.094102183036 1.259753505860 -5.980455014171 425.428
1873/05 2024 06 18 09 23 03.728 1363.922 6649.968 452.610 -4.095643087157 1.251958421578 -5.981034123549 425.430
1873/05 2024 06 18 09 23 04.728 1359.826 6651.216 446.629 -4.097179957756 1.244161992260 -5.981605630608 425.432
1873/05 2024 06 18 09 23 05.728 1355.728 6652.457 440.647 -4.098712793094 1.236364227198 -5.982169534635 425.435
1873/05 2024 06 18 09 23 06.728 1351.629 6653.689 434.665 -4.100241591435 1.228565135684 -5.982725834927 425.437
1873/05 2024 06 18 09 23 07.728 1347.528 6654.914 428.682 -4.101766351045 1.220764727011 -5.983274530792 425.439
1873/05 2024 06 18 09 23 08.728 1343.425 6656.131 422.698 -4.103287070196 1.212963010473 -5.983815621546 425.442
1873/05 2024 06 18 09 23 09.728 1339.321 6657.340 416.714 -4.104803747163 1.205159995367 -5.984349106518 425.444
1873/05 2024 06 18 09 23 10.728 1335.215 6658.541 410.729 -4.106316380223 1.197355690991 -5.984874985042 425.446
1873/05 2024 06 18 09 23 11.728 1331.108 6659.734 404.744 -4.107824967661 1.189550106643 -5.985393256466 425.449
1873/05 2024 06 18 09 23 12.728 1327.000 6660.920 398.759 -4.109329507761 1.181743251624 -5.985903920145 425.451
1873/05 2024 06 18 09 23 13.728 1322.890 6662.098 392.772 -4.110829998814 1.173935135235 -5.986406975445 425.453
1873/05 2024 06 18 09 23 14.728 1318.778 6663.268 386.786 -4.112326439114 1.166125766780 -5.986902421742 425.456
1873/05 2024 06 18 09 23 15.728 1314.665 6664.430 380.799 -4.113818826957 1.158315155563 -5.987390258421 425.458
1873/05 2024 06 18 09 23 16.728 1310.550 6665.585 374.811 -4.115307160646 1.150503310890 -5.987870484877 425.461
1873/05 2024 06 18 09 23 17.728 1306.434 6666.731 368.823 -4.116791438485 1.142690242068 -5.988343100514 425.463
1873/05 2024 06 18 09 23 18.728 1302.317 6667.870 362.834 -4.118271658784 1.134875958405 -5.988808104747 425.466
1873/05 2024 06 18 09 23 19.728 1298.198 6669.001 356.845 -4.119747819854 1.127060469211 -5.989265497001 425.468
1873/05 2024 06 18 09 23 20.728 1294.077 6670.124 350.856 -4.121219920013 1.119243783797 -5.989715276709 425.471
1873/05 2024 06 18 09 23 21.728 1289.955 6671.239 344.866 -4.122687957581 1.111425911476 -5.990157443316 425.474
1873/05 2024 06 18 09 23 22.728 1285.832 6672.347 338.876 -4.124151930881 1.103606861560 -5.990591996273 425.476
1873/05 2024 06 18 09 23 23.728 1281.707 6673.447 332.885 -4.125611838242 1.095786643366 -5.991018935046 425.479
1873/05 2024 06 18 09 23 24.728 1277.581 6674.538 326.893 -4.127067677995 1.087965266207 -5.991438259107 425.481
1873/05 2024 06 18 09 23 25.728 1273.453 6675.623 320.902 -4.128519448476 1.080142739403 -5.991849967938 425.484
1873/05 2024 06 18 09 23 26.728 1269.324 6676.699 314.910 -4.129967148024 1.072319072272 -5.992254061033 425.487
1873/05 2024 06 18 09 23 27.728 1265.193 6677.767 308.917 -4.131410774982 1.064494274133 -5.992650537893 425.490
1873/05 2024 06 18 09 23 28.728 1261.061 6678.828 302.924 -4.132850327697 1.056668354307 -5.993039398030 425.492
1873/05 2024 06 18 09 23 29.728 1256.927 6679.880 296.931 -4.134285804519 1.048841322117 -5.993420640967 425.495
1873/05 2024 06 18 09 23 30.728 1252.792 6680.925 290.938 -4.135717203804 1.041013186885 -5.993794266236 425.498
1873/05 2024 06 18 09 23 31.728 1248.656 6681.963 284.944 -4.137144523910 1.033183957936 -5.994160273376 425.501
1873/05 2024 06 18 09 23 32.728 1244.518 6682.992 278.949 -4.138567763198 1.025353644596 -5.994518661940 425.503
1873/05 2024 06 18 09 23 33.728 1240.379 6684.013 272.955 -4.139986920035 1.017522256192 -5.994869431488 425.506
1873/05 2024 06 18 09 23 34.728 1236.238 6685.027 266.960 -4.141401992790 1.009689802051 -5.995212581591 425.509
1873/05 2024 06 18 09 23 35.728 1232.096 6686.033 260.964 -4.142812979838 1.001856291503 -5.995548111829 425.512
1873/05 2024 06 18 09 23 36.728 1227.952 6687.031 254.969 -4.144219879555 0.994021733877 -5.995876021793 425.515
1873/05 2024 06 18 09 23 37.728 1223.808 6688.021 248.972 -4.145622690323 0.986186138505 -5.996196311082 425.518
1873/05 2024 06 18 09 23 38.728 1219.661 6689.003 242.976 -4.147021410528 0.978349514719 -5.996508979306 425.521
1873/05 2024 06 18 09 23 39.728 1215.514 6689.977 236.979 -4.148416038557 0.970511871853 -5.996814026085 425.524
1873/05 2024 06 18 09 23 40.728 1211.364 6690.944 230.982 -4.149806572805 0.962673219240 -5.997111451048 425.527
1873/05 2024 06 18 09 23 41.728 1207.214 6691.903 224.985 -4.151193011667 0.954833566218 -5.997401253834 425.530
1873/05 2024 06 18 09 23 42.728 1203.062 6692.854 218.988 -4.152575353544 0.946992922121 -5.997683434091 425.533
1873/05 2024 06 18 09 23 43.728 1198.909 6693.797 212.990 -4.153953596840 0.939151296288 -5.997957991479 425.536
1873/05 2024 06 18 09 23 44.728 1194.754 6694.732 206.992 -4.155327739964 0.931308698057 -5.998224925665 425.539
1873/05 2024 06 18 09 23 45.728 1190.598 6695.659 200.993 -4.156697781328 0.923465136768 -5.998484236328 425.542
1873/05 2024 06 18 09 23 46.728 1186.441 6696.579 194.995 -4.158063719348 0.915620621761 -5.998735923156 425.545
1873/05 2024 06 18 09 23 47.728 1182.282 6697.491 188.996 -4.159425552443 0.907775162378 -5.998979985846 425.548
1873/05 2024 06 18 09 23 48.728 1178.122 6698.394 182.997 -4.160783279036 0.899928767962 -5.999216424105 425.551
1873/05 2024 06 18 09 23 49.728 1173.960 6699.290 176.998 -4.162136897557 0.892081447857 -5.999445237651 425.554
1873/05 2024 06 18 09 23 50.728 1169.798 6700.179 170.998 -4.163486406435 0.884233211405 -5.999666426212 425.557
1873/05 2024 06 18 09 23 51.728 1165.633 6701.059 164.998 -4.164831804106 0.876384067954 -5.999879989523 425.561
1873/05 2024 06 18 09 23 52.728 1161.468 6701.931 158.998 -4.166173089009 0.868534026849 -6.000085927331 425.564
1873/05 2024 06 18 09 23 53.728 1157.301 6702.796 152.998 -4.167510259587 0.860683097438 -6.000284239392 425.567
1873/05 2024 06 18 09 23 54.728 1153.133 6703.653 146.998 -4.168843314286 0.852831289069 -6.000474925473 425.570
1873/05 2024 06 18 09 23 55.728 1148.963 6704.502 140.997 -4.170172251559 0.844978611090 -6.000657985350 425.574
1873/05 2024 06 18 09 23 56.728 1144.793 6705.343 134.996 -4.171497069858 0.837125072852 -6.000833418808 425.577
1873/05 2024 06 18 09 23 57.728 1140.620 6706.176 128.995 -4.172817767642 0.829270683706 -6.001001225643 425.580
1873/05 2024 06 18 09 23 58.728 1136.447 6707.001 122.994 -4.174134343375 0.821415453003 -6.001161405659 425.584
1873/05 2024 06 18 09 23 59.728 1132.272 6707.819 116.993 -4.175446795521 0.813559390095 -6.001313958672 425.587
1873/05 2024 06 18 09 24 00.728 1128.096 6708.628 110.992 -4.176755122552 0.805702504337 -6.001458884507 425.590
1873/05 2024 06 18 09 24 01.728 1123.919 6709.430 104.990 -4.178059322940 0.797844805082 -6.001596182998 425.594
1873/05 2024 06 18 09 24 02.728 1119.740 6710.224 98.989 -4.179359395164 0.789986301685 -6.001725853990 425.597
1873/05 2024 06 18 09 24 03.728 1115.560 6711.010 92.987 -4.180655337706 0.782127003502 -6.001847897336 425.601
1873/05 2024 06 18 09 24 04.728 1111.379 6711.788 86.985 -4.181947149051 0.774266919890 -6.001962312902 425.604
1873/05 2024 06 18 09 24 05.728 1107.196 6712.559 80.983 -4.183234827688 0.766406060205 -6.002069100559 425.607
1873/05 2024 06 18 09 24 06.728 1103.012 6713.321 74.981 -4.184518372112 0.758544433807 -6.002168260193 425.611
1873/05 2024 06 18 09 24 07.728 1098.827 6714.076 68.978 -4.185797780819 0.750682050054 -6.002259791695 425.614
1873/05 2024 06 18 09 24 08.728 1094.641 6714.822 62.976 -4.187073052311 0.742818918305 -6.002343694970 425.618
1873/05 2024 06 18 09 24 09.728 1090.453 6715.561 56.974 -4.188344185092 0.734955047920 -6.002419969930 425.622
1873/05 2024 06 18 09 24 10.728 1086.264 6716.292 50.971 -4.189611177672 0.727090448262 -6.002488616498 425.625
1873/05 2024 06 18 09 24 11.728 1082.074 6717.015 44.969 -4.190874028565 0.719225128692 -6.002549634606 425.629
1873/05 2024 06 18 09 24 12.728 1077.882 6717.731 38.966 -4.192132736285 0.711359098571 -6.002603024196 425.632
1873/05 2024 06 18 09 24 13.728 1073.689 6718.438 32.964 -4.193387299355 0.703492367264 -6.002648785221 425.636
1873/05 2024 06 18 09 24 14.728 1069.495 6719.138 26.961 -4.194637716299 0.695624944134 -6.002686917642 425.640
1873/05 2024 06 18 09 24 15.728 1065.300 6719.829 20.958 -4.195883985646 0.687756838545 -6.002717421431 425.643
1873/05 2024 06 18 09 24 16.728 1061.104 6720.513 14.956 -4.197126105928 0.679888059864 -6.002740296569 425.647
1873/05 2024 06 18 09 24 17.728 1056.906 6721.189 8.953 -4.198364075681 0.672018617454 -6.002755543048 425.651
1873/05 2024 06 18 09 24 18.728 1052.707 6721.857 2.950 -4.199597893446 0.664148520684 -6.002763160868 425.655
1873/05 2024 06 18 09 24 19.728 1048.507 6722.518 -3.053 -4.200827557768 0.656277778919 -6.002763150040 425.658
1873/05 2024 06 18 09 24 20.728 1044.305 6723.170 -9.056 -4.202053067194 0.648406401528 -6.002755510584 425.662
1873/05 2024 06 18 09 24 21.728 1040.103 6723.814 -15.058 -4.203274420276 0.640534397879 -6.002740242531 425.666
1873/05 2024 06 18 09 24 22.728 1035.899 6724.451 -21.061 -4.204491615571 0.632661777340 -6.002717345922 425.670
1873/05 2024 06 18 09 24 23.728 1031.694 6725.080 -27.064 -4.205704651638 0.624788549282 -6.002686820805 425.674
1873/05 2024 06 18 09 24 24.728 1027.487 6725.701 -33.066 -4.206913527042 0.616914723073 -6.002648667241 425.677
1873/05 2024 06 18 09 24 25.728 1023.280 6726.313 -39.069 -4.208118240350 0.609040308084 -6.002602885299 425.681
1873/05 2024 06 18 09 24 26.728 1019.071 6726.919 -45.072 -4.209318790135 0.601165313687 -6.002549475059 425.685
1873/05 2024 06 18 09 24 27.728 1014.861 6727.516 -51.074 -4.210515174971 0.593289749252 -6.002488436609 425.689
1873/05 2024 06 18 09 24 28.728 1010.650 6728.105 -57.077 -4.211707393439 0.585413624152 -6.002419770049 425.693
1873/05 2024 06 18 09 24 29.728 1006.438 6728.687 -63.079 -4.212895444122 0.577536947760 -6.002343475486 425.697
1873/05 2024 06 18 09 24 30.728 1002.224 6729.260 -69.081 -4.214079325608 0.569659729448 -6.002259553040 425.701
1873/05 2024 06 18 09 24 31.728 998.010 6729.826 -75.083 -4.215259036488 0.561781978589 -6.002168002838 425.705
1873/05 2024 06 18 09 24 32.728 993.794 6730.384 -81.086 -4.216434575358 0.553903704559 -6.002068825020 425.709
1873/05 2024 06 18 09 24 33.728 989.577 6730.934 -87.088 -4.217605940818 0.546024916731 -6.001962019731 425.713
1873/05 2024 06 18 09 24 34.728 985.358 6731.476 -93.089 -4.218773131470 0.538145624480 -6.001847587131 425.717
1873/05 2024 06 18 09 24 35.728 981.139 6732.010 -99.091 -4.219936145922 0.530265837181 -6.001725527387 425.721
1873/05 2024 06 18 09 24 36.728 976.919 6732.536 -105.093 -4.221094982785 0.522385564211 -6.001595840675 425.725
1873/05 2024 06 18 09 24 37.728 972.697 6733.055 -111.094 -4.222249640675 0.514504814944 -6.001458527183 425.730
1873/05 2024 06 18 09 24 38.728 968.474 6733.565 -117.096 -4.223400118211 0.506623598759 -6.001313587107 425.734
1873/05 2024 06 18 09 24 39.728 964.250 6734.068 -123.097 -4.224546414016 0.498741925030 -6.001161020655 425.738
1873/05 2024 06 18 09 24 40.728 960.025 6734.563 -129.098 -4.225688526718 0.490859803137 -6.001000828041 425.742
1873/05 2024 06 18 09 24 41.728 955.799 6735.050 -135.099 -4.226826454946 0.482977242456 -6.000833009494 425.746
1873/05 2024 06 18 09 24 42.728 951.571 6735.529 -141.100 -4.227960197337 0.475094252365 -6.000657565248 425.751
1873/05 2024 06 18 09 24 43.728 947.343 6736.000 -147.100 -4.229089752530 0.467210842244 -6.000474495549 425.755
1873/05 2024 06 18 09 24 44.728 943.113 6736.463 -153.101 -4.230215119168 0.459327021469 -6.000283800653 425.759
1873/05 2024 06 18 09 24 45.728 938.882 6736.919 -159.101 -4.231336295897 0.451442799421 -6.000085480825 425.763
1873/05 2024 06 18 09 24 46.728 934.651 6737.366 -165.101 -4.232453281369 0.443558185478 -5.999879536341 425.768
1873/05 2024 06 18 09 24 47.728 930.417 6737.806 -171.101 -4.233566074238 0.435673189020 -5.999665967484 425.772
1873/05 2024 06 18 09 24 48.728 926.183 6738.237 -177.100 -4.234674673165 0.427787819426 -5.999444774550 425.776
1873/05 2024 06 18 09 24 49.728 921.948 6738.661 -183.100 -4.235779076811 0.419902086078 -5.999215957844 425.781
1873/05 2024 06 18 09 24 50.728 917.712 6739.077 -189.099 -4.236879283844 0.412015998355 -5.998979517679 425.785
1873/05 2024 06 18 09 24 51.728 913.474 6739.485 -195.098 -4.237975292935 0.404129565637 -5.998735454380 425.789
1873/05 2024 06 18 09 24 52.728 909.236 6739.886 -201.096 -4.239067102758 0.396242797306 -5.998483768280 425.794
1873/05 2024 06 18 09 24 53.728 904.996 6740.278 -207.095 -4.240154711993 0.388355702743 -5.998224459724 425.798
1873/05 2024 06 18 09 24 54.728 900.756 6740.662 -213.093 -4.241238119322 0.380468291328 -5.997957529064 425.803
1873/05 2024 06 18 09 24 55.728 896.514 6741.039 -219.090 -4.242317323433 0.372580572443 -5.997682976663 425.807
1873/05 2024 06 18 09 24 56.728 892.271 6741.407 -225.088 -4.243392323017 0.364692555470 -5.997400802896 425.812
1873/05 2024 06 18 09 24 57.728 888.027 6741.768 -231.085 -4.244463116768 0.356804249790 -5.997111008144 425.816
1873/05 2024 06 18 09 24 58.728 883.782 6742.121 -237.082 -4.245529703385 0.348915664786 -5.996813592800 425.821
1873/05 2024 06 18 09 24 59.728 879.536 6742.466 -243.079 -4.246592081571 0.341026809839 -5.996508557267 425.825
1873/05 2024 06 18 09 25 00.728 875.289 6742.803 -249.075 -4.247650250034 0.333137694332 -5.996195901957 425.830
1873/05 2024 06 18 09 25 01.728 871.041 6743.132 -255.071 -4.248704207484 0.325248327647 -5.995875627291 425.835
1873/05 2024 06 18 09 25 02.728 866.791 6743.454 -261.067 -4.249753952637 0.317358719167 -5.995547733702 425.839
1873/05 2024 06 18 09 25 03.728 862.541 6743.767 -267.062 -4.250799484210 0.309468878273 -5.995212221630 425.844
1873/05 2024 06 18 09 25 04.728 858.290 6744.073 -273.057 -4.251840800928 0.301578814349 -5.994869091528 425.849
1873/05 2024 06 18 09 25 05.728 854.037 6744.370 -279.052 -4.252877901518 0.293688536778 -5.994518343856 425.853
1873/05 2024 06 18 09 25 06.728 849.784 6744.660 -285.046 -4.253910784709 0.285798054941 -5.994159979086 425.858
1873/05 2024 06 18 09 25 07.728 845.530 6744.942 -291.040 -4.254939449238 0.277907378223 -5.993793997697 425.863
1873/05 2024 06 18 09 25 08.728 841.274 6745.216 -297.034 -4.255963893844 0.270016516005 -5.993420400181 425.867
1873/05 2024 06 18 09 25 09.728 837.018 6745.482 -303.027 -4.256984117270 0.262125477671 -5.993039187038 425.872
1873/05 2024 06 18 09 25 10.728 832.760 6745.740 -309.020 -4.258000118262 0.254234272603 -5.992650358777 425.877
1873/05 2024 06 18 09 25 11.728 828.502 6745.990 -315.013 -4.259011895573 0.246342910186 -5.992253915918 425.882
1873/05 2024 06 18 09 25 12.728 824.242 6746.233 -321.005 -4.260019447957 0.238451399800 -5.991849858992 425.887
1873/05 2024 06 18 09 25 13.728 819.982 6746.467 -326.996 -4.261022774173 0.230559750831 -5.991438188537 425.892
1873/05 2024 06 18 09 25 14.728 815.720 6746.694 -332.987 -4.262021872986 0.222667972659 -5.991018905103 425.896
1873/05 2024 06 18 09 25 15.728 811.458 6746.912 -338.978 -4.263016743161 0.214776074669 -5.990592009248 425.901
1873/05 2024 06 18 09 25 16.728 807.194 6747.123 -344.969 -4.264007383472 0.206884066242 -5.990157501541 425.906
1873/05 2024 06 18 09 25 17.728 802.930 6747.326 -350.959 -4.264993792692 0.198991956762 -5.989715382561 425.911
1873/05 2024 06 18 09 25 18.728 798.664 6747.521 -356.948 -4.265975969601 0.191099755612 -5.989265652896 425.916
1873/05 2024 06 18 09 25 19.728 794.398 6747.708 -362.937 -4.266953912984 0.183207472173 -5.988808313145 425.921
1873/05 2024 06 18 09 25 20.728 790.130 6747.888 -368.926 -4.267927621627 0.175315115828 -5.988343363914 425.926
1873/05 2024 06 18 09 25 21.728 785.862 6748.059 -374.914 -4.268897094323 0.167422695961 -5.987870805822 425.931
1873/05 2024 06 18 09 25 22.728 781.592 6748.223 -380.901 -4.269862329866 0.159530221952 -5.987390639495 425.936
1873/05 2024 06 18 09 25 23.728 777.322 6748.378 -386.889 -4.270823327057 0.151637703184 -5.986902865572 425.941
1873/05 2024 06 18 09 25 24.728 773.051 6748.526 -392.875 -4.271780084699 0.143745149039 -5.986407484699 425.946
1873/05 2024 06 18 09 25 25.728 768.779 6748.666 -398.861 -4.272732601600 0.135852568898 -5.985904497533 425.951
1873/05 2024 06 18 09 25 26.728 764.505 6748.798 -404.847 -4.273680876572 0.127959972144 -5.985393904740 425.956
1873/05 2024 06 18 09 25 27.728 760.231 6748.922 -410.832 -4.274624908431 0.120067368158 -5.984875706996 425.961
1873/05 2024 06 18 09 25 28.728 755.956 6749.038 -416.817 -4.275564695996 0.112174766321 -5.984349904989 425.967
1873/05 2024 06 18 09 25 29.728 751.680 6749.146 -422.801 -4.276500238093 0.104282176013 -5.983816499412 425.972
1873/05 2024 06 18 09 25 30.728 747.403 6749.246 -428.784 -4.277431533549 0.096389606617 -5.983275490973 425.977
1873/05 2024 06 18 09 25 31.728 743.125 6749.339 -434.767 -4.278358581196 0.088497067512 -5.982726880386 425.982
1873/05 2024 06 18 09 25 32.728 738.846 6749.423 -440.750 -4.279281379871 0.080604568078 -5.982170668377 425.987
1873/05 2024 06 18 09 25 33.728 734.567 6749.500 -446.732 -4.280199928413 0.072712117697 -5.981606855680 425.993
1873/05 2024 06 18 09 25 34.728 730.286 6749.569 -452.713 -4.281114225668 0.064819725747 -5.981035443041 425.998
1873/05 2024 06 18 09 25 35.728 726.004 6749.630 -458.694 -4.282024270483 0.056927401608 -5.980456431213 426.003
1873/05 2024 06 18 09 25 36.728 721.722 6749.683 -464.674 -4.282930061712 0.049035154660 -5.979869820960 426.008
1873/05 2024 06 18 09 25 37.728 717.439 6749.728 -470.654 -4.283831598211 0.041142994281 -5.979275613058 426.014
1873/05 2024 06 18 09 25 38.728 713.154 6749.765 -476.633 -4.284728878841 0.033250929850 -5.978673808289 426.019
1873/05 2024 06 18 09 25 39.728 708.869 6749.794 -482.611 -4.285621902466 0.025358970746 -5.978064407447 426.024
1873/05 2024 06 18 09 25 40.728 704.583 6749.816 -488.589 -4.286510667955 0.017467126346 -5.977447411336 426.030
1873/05 2024 06 18 09 25 41.728 700.296 6749.829 -494.566 -4.287395174182 0.009575406028 -5.976822820767 426.035
1873/05 2024 06 18 09 25 42.728 696.008 6749.835 -500.542 -4.288275420023 0.001683819169 -5.976190636565 426.041
1873/05 2024 06 18 09 25 43.728 691.720 6749.832 -506.518 -4.289151404360 -0.006207624854 -5.975550859562 426.046
1873/05 2024 06 18 09 25 44.728 687.430 6749.822 -512.493 -4.290023126078 -0.014098916664 -5.974903490600 426.052
1873/05 2024 06 18 09 25 45.728 683.139 6749.804 -518.468 -4.290890584065 -0.021990046885 -5.974248530531 426.057
1873/05 2024 06 18 09 25 46.728 678.848 6749.778 -524.442 -4.291753777217 -0.029881006141 -5.973585980217 426.063
1873/05 2024 06 18 09 25 47.728 674.556 6749.744 -530.415 -4.292612704429 -0.037771785058 -5.972915840530 426.068
1873/05 2024 06 18 09 25 48.728 670.263 6749.703 -536.388 -4.293467364605 -0.045662374260 -5.972238112351 426.074
1873/05 2024 06 18 09 25 49.728 665.969 6749.653 -542.360 -4.294317756648 -0.053552764373 -5.971552796570 426.079
1873/05 2024 06 18 09 25 50.728 661.674 6749.596 -548.331 -4.295163879470 -0.061442946024 -5.970859894090 426.085
1873/05 2024 06 18 09 25 51.728 657.379 6749.530 -554.301 -4.296005731985 -0.069332909837 -5.970159405821 426.090
1873/05 2024 06 18 09 25 52.728 653.082 6749.457 -560.271 -4.296843313109 -0.077222646441 -5.969451332682 426.096
1873/05 2024 06 18 09 25 53.728 648.785 6749.376 -566.240 -4.297676621766 -0.085112146463 -5.968735675604 426.102
1873/05 2024 06 18 09 25 54.728 644.487 6749.287 -572.209 -4.298505656882 -0.093001400531 -5.968012435528 426.107
1873/05 2024 06 18 09 25 55.728 640.188 6749.190 -578.176 -4.299330417387 -0.100890399273 -5.967281613402 426.113
1873/05 2024 06 18 09 25 56.728 635.888 6749.085 -584.143 -4.300150902215 -0.108779133318 -5.966543210186 426.119
1873/05 2024 06 18 09 25 57.728 631.588 6748.972 -590.109 -4.300967110306 -0.116667593297 -5.965797226849 426.124
1873/05 2024 06 18 09 25 58.728 627.286 6748.852 -596.075 -4.301779040601 -0.124555769839 -5.965043664371 426.130
1873/05 2024 06 18 09 25 59.728 622.984 6748.723 -602.039 -4.302586692048 -0.132443653574 -5.964282523739 426.136
1873/05 2024 06 18 09 26 00.728 618.681 6748.587 -608.003 -4.303390063597 -0.140331235135 -5.963513805952 426.141
1873/05 2024 06 18 09 26 01.728 614.377 6748.442 -613.966 -4.304189154205 -0.148218505152 -5.962737512018 426.147
1873/05 2024 06 18 09 26 02.728 610.073 6748.290 -619.929 -4.304983962829 -0.156105454259 -5.961953642955 426.153
1873/05 2024 06 18 09 26 03.728 605.767 6748.130 -625.890 -4.305774488433 -0.163992073088 -5.961162199790 426.159
1873/05 2024 06 18 09 26 04.728 601.461 6747.962 -631.851 -4.306560729985 -0.171878352273 -5.960363183562 426.165
1873/05 2024 06 18 09 26 05.728 597.154 6747.786 -637.811 -4.307342686456 -0.179764282448 -5.959556595317 426.171
1873/05 2024 06 18 09 26 06.728 592.847 6747.603 -643.770 -4.308120356822 -0.187649854249 -5.958742436111 426.176
1873/05 2024 06 18 09 26 07.728 588.538 6747.411 -649.729 -4.308893740063 -0.195535058310 -5.957920707012 426.182
1873/05 2024 06 18 09 26 08.728 584.229 6747.212 -655.686 -4.309662835163 -0.203419885269 -5.957091409095 426.188
1873/05 2024 06 18 09 26 09.728 579.919 6747.004 -661.643 -4.310427641109 -0.211304325761 -5.956254543447 426.194
1873/05 2024 06 18 09 26 10.728 575.608 6746.789 -667.599 -4.311188156894 -0.219188370426 -5.955410111164 426.200
1873/05 2024 06 18 09 26 11.728 571.296 6746.566 -673.554 -4.311944381515 -0.227072009901 -5.954558113350 426.206
1873/05 2024 06 18 09 26 12.728 566.984 6746.335 -679.508 -4.312696313972 -0.234955234825 -5.953698551122 426.212
1873/05 2024 06 18 09 26 13.728 562.671 6746.096 -685.461 -4.313443953269 -0.242838035838 -5.952831425603 426.218
1873/05 2024 06 18 09 26 14.728 558.357 6745.849 -691.413 -4.314187298416 -0.250720403580 -5.951956737929 426.224
1873/05 2024 06 18 09 26 15.728 554.043 6745.595 -697.365 -4.314926348425 -0.258602328694 -5.951074489244 426.230
1873/05 2024 06 18 09 26 16.728 549.727 6745.332 -703.316 -4.315661102314 -0.266483801820 -5.950184680703 426.236
1873/05 2024 06 18 09 26 17.728 545.411 6745.062 -709.265 -4.316391559103 -0.274364813602 -5.949287313468 426.242
1873/05 2024 06 18 09 26 18.728 541.094 6744.783 -715.214 -4.317117717819 -0.282245354684 -5.948382388714 426.248
1873/05 2024 06 18 09 26 19.728 536.777 6744.497 -721.162 -4.317839577489 -0.290125415710 -5.947469907624 426.255
1873/05 2024 06 18 09 26 20.728 532.459 6744.203 -727.109 -4.318557137150 -0.298004987325 -5.946549871390 426.261
1873/05 2024 06 18 09 26 21.728 528.140 6743.901 -733.055 -4.319270395837 -0.305884060175 -5.945622281216 426.267
1873/05 2024 06 18 09 26 22.728 523.820 6743.591 -739.000 -4.319979352594 -0.313762624907 -5.944687138315 426.273
1873/05 2024 06 18 09 26 23.728 519.500 6743.274 -744.944 -4.320684006466 -0.321640672170 -5.943744443907 426.279
1873/05 2024 06 18 09 26 24.728 515.179 6742.948 -750.888 -4.321384356503 -0.329518192611 -5.942794199225 426.285
1873/05 2024 06 18 09 26 25.728 510.857 6742.615 -756.830 -4.322080401761 -0.337395176880 -5.941836405511 426.292
1873/05 2024 06 18 09 26 26.728 506.535 6742.273 -762.771 -4.322772141298 -0.345271615628 -5.940871064015 426.298
1873/05 2024 06 18 09 26 27.728 502.212 6741.924 -768.712 -4.323459574176 -0.353147499505 -5.939898176000 426.304
1873/05 2024 06 18 09 26 28.728 497.888 6741.567 -774.651 -4.324142699463 -0.361022819165 -5.938917742735 426.310
1873/05 2024 06 18 09 26 29.728 493.563 6741.202 -780.590 -4.324821516229 -0.368897565260 -5.937929765501 426.317
1873/05 2024 06 18 09 26 30.728 489.238 6740.829 -786.527 -4.325496023551 -0.376771728444 -5.936934245587 426.323
1873/05 2024 06 18 09 26 31.728 484.912 6740.448 -792.463 -4.326166220507 -0.384645299372 -5.935931184295 426.329
1873/05 2024 06 18 09 26 32.728 480.586 6740.060 -798.399 -4.326832106181 -0.392518268701 -5.934920582933 426.336
1873/05 2024 06 18 09 26 33.728 476.259 6739.663 -804.333 -4.327493679662 -0.400390627087 -5.933902442820 426.342
1873/05 2024 06 18 09 26 34.728 471.931 6739.259 -810.267 -4.328150940040 -0.408262365188 -5.932876765285 426.349
1873/05 2024 06 18 09 26 35.728 467.602 6738.847 -816.199 -4.328803886413 -0.416133473663 -5.931843551668 426.355
1873/05 2024 06 18 09 26 36.728 463.273 6738.427 -822.130 -4.329452517881 -0.424003943173 -5.930802803316 426.361
1873/05 2024 06 18 09 26 37.728 458.943 6737.999 -828.061 -4.330096833547 -0.431873764377 -5.929754521587 426.368
1873/05 2024 06 18 09 26 38.728 454.613 6737.563 -833.990 -4.330736832521 -0.439742927938 -5.928698707848 426.374
1873/05 2024 06 18 09 26 39.728 450.282 6737.119 -839.918 -4.331372513917 -0.447611424519 -5.927635363478 426.381
1873/05 2024 06 18 09 26 40.728 445.950 6736.668 -845.845 -4.332003876850 -0.455479244784 -5.926564489864 426.387
1873/05 2024 06 18 09 26 41.728 441.618 6736.208 -851.771 -4.332630920442 -0.463346379398 -5.925486088401 426.394
1873/05 2024 06 18 09 26 42.728 437.285 6735.741 -857.696 -4.333253643819 -0.471212819028 -5.924400160497 426.400
1873/05 2024 06 18 09 26 43.728 432.952 6735.266 -863.620 -4.333872046111 -0.479078554340 -5.923306707567 426.407
1873/05 2024 06 18 09 26 44.728 428.617 6734.783 -869.543 -4.334486126450 -0.486943576004 -5.922205731037 426.414
1873/05 2024 06 18 09 26 45.728 424.283 6734.292 -875.464 -4.335095883976 -0.494807874688 -5.921097232343 426.420
1873/05 2024 06 18 09 26 46.728 419.947 6733.793 -881.385 -4.335701317830 -0.502671441064 -5.919981212929 426.427
1873/05 2024 06 18 09 26 47.728 415.611 6733.287 -887.304 -4.336302427159 -0.510534265803 -5.918857674252 426.433
1873/05 2024 06 18 09 26 48.728 411.275 6732.772 -893.223 -4.336899211114 -0.518396339578 -5.917726617774 426.440
1873/05 2024 06 18 09 26 49.728 406.937 6732.250 -899.140 -4.337491668849 -0.526257653063 -5.916588044970 426.447
1873/05 2024 06 18 09 26 50.728 402.600 6731.720 -905.056 -4.338079799523 -0.534118196934 -5.915441957324 426.453
1873/05 2024 06 18 09 26 51.728 398.261 6731.182 -910.971 -4.338663602300 -0.541977961867 -5.914288356330 426.460
1873/05 2024 06 18 09 26 52.728 393.922 6730.636 -916.884 -4.339243076347 -0.549836938540 -5.913127243490 426.467
1873/05 2024 06 18 09 26 53.728 389.583 6730.082 -922.797 -4.339818220836 -0.557695117631 -5.911958620318 426.474
1873/05 2024 06 18 09 26 54.728 385.243 6729.520 -928.708 -4.340389034942 -0.565552489822 -5.910782488335 426.480
1873/05 2024 06 18 09 26 55.728 380.902 6728.951 -934.619 -4.340955517846 -0.573409045792 -5.909598849074 426.487
1873/05 2024 06 18 09 26 56.728 376.561 6728.374 -940.528 -4.341517668732 -0.581264776225 -5.908407704077 426.494
1873/05 2024 06 18 09 26 57.728 372.219 6727.788 -946.435 -4.342075486788 -0.589119671805 -5.907209054894 426.501
1873/05 2024 06 18 09 26 58.728 367.877 6727.195 -952.342 -4.342628971207 -0.596973723217 -5.906002903088 426.508
1873/05 2024 06 18 09 26 59.728 363.534 6726.595 -958.247 -4.343178121186 -0.604826921146 -5.904789250229 426.514
1873/05 2024 06 18 09 27 00.728 359.190 6725.986 -964.152 -4.343722935926 -0.612679256282 -5.903568097896 426.521
1873/05 2024 06 18 09 27 01.728 354.846 6725.369 -970.054 -4.344263414633 -0.620530719313 -5.902339447681 426.528
1873/05 2024 06 18 09 27 02.728 350.502 6724.745 -975.956 -4.344799556515 -0.628381300929 -5.901103301183 426.535
1873/05 2024 06 18 09 27 03.728 346.157 6724.112 -981.857 -4.345331360787 -0.636230991822 -5.899859660011 426.542
1873/05 2024 06 18 09 27 04.728 341.811 6723.472 -987.756 -4.345858826667 -0.644079782686 -5.898608525783 426.549
1873/05 2024 06 18 09 27 05.728 337.465 6722.824 -993.654 -4.346381953376 -0.651927664213 -5.897349900130 426.556
1873/05 2024 06 18 09 27 06.728 333.118 6722.168 -999.551 -4.346900740142 -0.659774627102 -5.896083784688 426.563
1873/05 2024 06 18 09 27 07.728 328.771 6721.505 -1005.446 -4.347415186195 -0.667620662047 -5.894810181106 426.570
1873/05 2024 06 18 09 27 08.728 324.423 6720.833 -1011.340 -4.347925290769 -0.675465759749 -5.893529091040 426.577
1873/05 2024 06 18 09 27 09.728 320.075 6720.154 -1017.233 -4.348431053105 -0.683309910906 -5.892240516159 426.584
1873/05 2024 06 18 09 27 10.728 315.727 6719.467 -1023.125 -4.348932472444 -0.691153106221 -5.890944458139 426.591
1873/05 2024 06 18 09 27 11.728 311.377 6718.771 -1029.015 -4.349429548036 -0.698995336396 -5.889640918666 426.598
1873/05 2024 06 18 09 27 12.728 307.028 6718.069 -1034.904 -4.349922279131 -0.706836592135 -5.888329899436 426.605
1873/05 2024 06 18 09 27 13.728 302.678 6717.358 -1040.792 -4.350410664986 -0.714676864144 -5.887011402155 426.612
1873/05 2024 06 18 09 27 14.728 298.327 6716.639 -1046.678 -4.350894704860 -0.722516143131 -5.885685428537 426.619
1873/05 2024 06 18 09 27 15.728 293.976 6715.913 -1052.563 -4.351374398019 -0.730354419803 -5.884351980308 426.626
1873/05 2024 06 18 09 27 16.728 289.624 6715.178 -1058.447 -4.351849743732 -0.738191684872 -5.883011059203 426.633
1873/05 2024 06 18 09 27 17.728 285.272 6714.436 -1064.329 -4.352320741270 -0.746027929048 -5.881662666964 426.641
1873/05 2024 06 18 09 27 18.728 280.919 6713.686 -1070.210 -4.352787389911 -0.753863143045 -5.880306805346 426.648
1873/05 2024 06 18 09 27 19.728 276.566 6712.929 -1076.090 -4.353249688938 -0.761697317577 -5.878943476112 426.655
1873/05 2024 06 18 09 27 20.728 272.213 6712.163 -1081.968 -4.353707637635 -0.769530443361 -5.877572681035 426.662
1873/05 2024 06 18 09 27 21.728 267.859 6711.390 -1087.845 -4.354161235292 -0.777362511115 -5.876194421897 426.669
1873/05 2024 06 18 09 27 22.728 263.505 6710.608 -1093.720 -4.354610481203 -0.785193511558 -5.874808700490 426.677
1873/05 2024 06 18 09 27 23.728 259.150 6709.819 -1099.594 -4.355055374668 -0.793023435410 -5.873415518616 426.684
1873/05 2024 06 18 09 27 24.728 254.795 6709.022 -1105.467 -4.355495914988 -0.800852273395 -5.872014878086 426.691
1873/05 2024 06 18 09 27 25.728 250.439 6708.217 -1111.338 -4.355932101471 -0.808680016237 -5.870606780721 426.699
1873/05 2024 06 18 09 27 26.728 246.083 6707.405 -1117.208 -4.356363933428 -0.816506654660 -5.869191228351 426.706
1873/05 2024 06 18 09 27 27.728 241.726 6706.584 -1123.077 -4.356791410174 -0.824332179393 -5.867768222816 426.713
1873/05 2024 06 18 09 27 28.728 237.369 6705.756 -1128.944 -4.357214531028 -0.832156581165 -5.866337765966 426.721
1873/05 2024 06 18 09 27 29.728 233.012 6704.920 -1134.809 -4.357633295315 -0.839979850705 -5.864899859659 426.728
1873/05 2024 06 18 09 27 30.728 228.654 6704.076 -1140.674 -4.358047702364 -0.847801978747 -5.863454505765 426.735
1873/05 2024 06 18 09 27 31.728 224.296 6703.225 -1146.536 -4.358457751505 -0.855622956025 -5.862001706162 426.743
1873/05 2024 06 18 09 27 32.728 219.937 6702.365 -1152.398 -4.358863442077 -0.863442773274 -5.860541462737 426.750
1873/05 2024 06 18 09 27 33.728 215.578 6701.498 -1158.257 -4.359264773419 -0.871261421231 -5.859073777389 426.758
1873/05 2024 06 18 09 27 34.728 211.218 6700.622 -1164.116 -4.359661744878 -0.879078890636 -5.857598652023 426.765
1873/05 2024 06 18 09 27 35.728 206.859 6699.740 -1169.973 -4.360054355802 -0.886895172229 -5.856116088556 426.772
1873/05 2024 06 18 09 27 36.728 202.498 6698.849 -1175.828 -4.360442605546 -0.894710256752 -5.854626088915 426.780
1873/05 2024 06 18 09 27 37.728 198.138 6697.950 -1181.682 -4.360826493467 -0.902524134952 -5.853128655035 426.787
1873/05 2024 06 18 09 27 38.728 193.777 6697.044 -1187.534 -4.361206018927 -0.910336797572 -5.851623788862 426.795
1873/05 2024 06 18 09 27 39.728 189.415 6696.129 -1193.385 -4.361581181294 -0.918148235361 -5.850111492349 426.802
1873/05 2024 06 18 09 27 40.728 185.053 6695.207 -1199.235 -4.361951979938 -0.925958439069 -5.848591767462 426.810
1873/05 2024 06 18 09 27 41.728 180.691 6694.277 -1205.082 -4.362318414233 -0.933767399447 -5.847064616174 426.818
1873/05 2024 06 18 09 27 42.728 176.329 6693.340 -1210.929 -4.362680483560 -0.941575107247 -5.845530040469 426.825
1873/05 2024 06 18 09 27 43.728 171.966 6692.394 -1216.773 -4.363038187301 -0.949381553227 -5.843988042339 426.833
1873/05 2024 06 18 09 27 44.728 167.603 6691.441 -1222.617 -4.363391524845 -0.957186728141 -5.842438623787 426.840
1873/05 2024 06 18 09 27 45.728 163.239 6690.480 -1228.458 -4.363740495584 -0.964990622749 -5.840881786824 426.848
1873/05 2024 06 18 09 27 46.728 158.875 6689.511 -1234.298 -4.364085098914 -0.972793227811 -5.839317533473 426.856
1873/05 2024 06 18 09 27 47.728 154.511 6688.534 -1240.137 -4.364425334236 -0.980594534090 -5.837745865765 426.863
1873/05 2024 06 18 09 27 48.728 150.146 6687.550 -1245.974 -4.364761200955 -0.988394532349 -5.836166785739 426.871
1873/05 2024 06 18 09 27 49.728 145.782 6686.558 -1251.809 -4.365092698480 -0.996193213356 -5.834580295446 426.879
1873/05 2024 06 18 09 27 50.728 141.416 6685.558 -1257.643 -4.365419826224 -1.003990567879 -5.832986396946 426.886
1873/05 2024 06 18 09 27 51.728 137.051 6684.550 -1263.475 -4.365742583606 -1.011786586686 -5.831385092307 426.894
1873/05 2024 06 18 09 27 52.728 132.685 6683.534 -1269.306 -4.366060970046 -1.019581260551 -5.829776383609 426.902
1873/05 2024 06 18 09 27 53.728 128.319 6682.510 -1275.135 -4.366374984973 -1.027374580247 -5.828160272939 426.910
1873/05 2024 06 18 09 27 54.728 123.952 6681.479 -1280.962 -4.366684627815 -1.035166536549 -5.826536762395 426.917
1873/05 2024 06 18 09 27 55.728 119.585 6680.440 -1286.788 -4.366989898009 -1.042957120237 -5.824905854084 426.925
1873/05 2024 06 18 09 27 56.728 115.218 6679.393 -1292.612 -4.367290794993 -1.050746322089 -5.823267550122 426.933
1873/05 2024 06 18 09 27 57.728 110.851 6678.339 -1298.434 -4.367587318211 -1.058534132887 -5.821621852637 426.941
1873/05 2024 06 18 09 27 58.728 106.483 6677.276 -1304.255 -4.367879467111 -1.066320543415 -5.819968763763 426.949
1873/05 2024 06 18 09 27 59.728 102.115 6676.206 -1310.074 -4.368167241144 -1.074105544460 -5.818308285645 426.957
1873/05 2024 06 18 09 28 00.728 97.747 6675.128 -1315.892 -4.368450639767 -1.081889126807 -5.816640420438 426.964
1873/05 2024 06 18 09 28 01.728 93.378 6674.042 -1321.708 -4.368729662440 -1.089671281249 -5.814965170307 426.972
1873/05 2024 06 18 09 28 02.728 89.009 6672.949 -1327.522 -4.369004308628 -1.097451998575 -5.813282537424 426.980
1873/05 2024 06 18 09 28 03.728 84.640 6671.847 -1333.334 -4.369274577801 -1.105231269582 -5.811592523972 426.988
1873/05 2024 06 18 09 28 04.728 80.271 6670.738 -1339.145 -4.369540469432 -1.113009085063 -5.809895132145 426.996
1873/05 2024 06 18 09 28 05.728 75.901 6669.621 -1344.954 -4.369801982999 -1.120785435818 -5.808190364144 427.004
1873/05 2024 06 18 09 28 06.728 71.531 6668.497 -1350.761 -4.370059117984 -1.128560312647 -5.806478222180 427.012
1873/05 2024 06 18 09 28 07.728 67.161 6667.364 -1356.567 -4.370311873872 -1.136333706352 -5.804758708475 427.020
1873/05 2024 06 18 09 28 08.728 62.790 6666.224 -1362.371 -4.370560250155 -1.144105607737 -5.803031825258 427.028
1873/05 2024 06 18 09 28 09.728 58.420 6665.076 -1368.173 -4.370804246328 -1.151876007610 -5.801297574769 427.036
1873/05 2024 06 18 09 28 10.728 54.049 6663.920 -1373.973 -4.371043861890 -1.159644896778 -5.799555959258 427.044
1873/05 2024 06 18 09 28 11.728 49.678 6662.757 -1379.772 -4.371279096344 -1.167412266053 -5.797806980984 427.052
1873/05 2024 06 18 09 28 12.728 45.306 6661.585 -1385.569 -4.371509949199 -1.175178106248 -5.796050642214 427.060
1873/05 2024 06 18 09 28 13.728 40.935 6660.406 -1391.364 -4.371736419966 -1.182942408178 -5.794286945226 427.068
1873/05 2024 06 18 09 28 14.728 36.563 6659.219 -1397.158 -4.371958508161 -1.190705162661 -5.792515892306 427.076
1873/05 2024 06 18 09 28 15.728 32.191 6658.025 -1402.949 -4.372176213306 -1.198466360516 -5.790737485753 427.084
1873/05 2024 06 18 09 28 16.728 27.818 6656.823 -1408.739 -4.372389534925 -1.206225992565 -5.788951727870 427.093
1873/05 2024 06 18 09 28 17.728 23.446 6655.612 -1414.527 -4.372598472548 -1.213984049632 -5.787158620974 427.101
1873/05 2024 06 18 09 28 18.728 19.073 6654.395 -1420.313 -4.372803025709 -1.221740522543 -5.785358167389 427.109
1873/05 2024 06 18 09 28 19.728 14.700 6653.169 -1426.098 -4.373003193944 -1.229495402128 -5.783550369449 427.117
1873/05 2024 06 18 09 28 20.728 10.327 6651.936 -1431.880 -4.373198976798 -1.237248679217 -5.781735229498 427.125
1873/05 2024 06 18 09 28 21.728 5.954 6650.694 -1437.661 -4.373390373815 -1.245000344642 -5.779912749889 427.133
1873/05 2024 06 18 09 28 22.728 1.580 6649.446 -1443.440 -4.373577384547 -1.252750389241 -5.778082932984 427.142
1873/05 2024 06 18 09 28 23.728 -2.793 6648.189 -1449.217 -4.373760008549 -1.260498803849 -5.776245781155 427.150
1873/05 2024 06 18 09 28 24.728 -7.167 6646.925 -1454.993 -4.373938245380 -1.268245579309 -5.774401296783 427.158
1873/05 2024 06 18 09 28 25.728 -11.541 6645.652 -1460.766 -4.374112094604 -1.275990706461 -5.772549482259 427.166
1873/05 2024 06 18 09 28 26.728 -15.915 6644.373 -1466.538 -4.374281555790 -1.283734176150 -5.770690339981 427.175
1873/05 2024 06 18 09 28 27.728 -20.290 6643.085 -1472.308 -4.374446628509 -1.291475979224 -5.768823872361 427.183
1873/05 2024 06 18 09 28 28.728 -24.664 6641.790 -1478.076 -4.374607312338 -1.299216106532 -5.766950081816 427.191
1873/05 2024 06 18 09 28 29.728 -29.039 6640.487 -1483.842 -4.374763606859 -1.306954548926 -5.765068970775 427.200
1873/05 2024 06 18 09 28 30.728 -33.414 6639.176 -1489.606 -4.374915511655 -1.314691297260 -5.763180541675 427.208
1873/05 2024 06 18 09 28 31.728 -37.789 6637.857 -1495.368 -4.375063026318 -1.322426342391 -5.761284796963 427.216
1873/05 2024 06 18 09 28 32.728 -42.164 6636.531 -1501.128 -4.375206150441 -1.330159675177 -5.759381739094 427.225
1873/05 2024 06 18 09 28 33.728 -46.539 6635.197 -1506.887 -4.375344883622 -1.337891286480 -5.757471370536 427.233
1873/05 2024 06 18 09 28 34.728 -50.915 6633.855 -1512.643 -4.375479225463 -1.345621167165 -5.755553693762 427.241
1873/05 2024 06 18 09 28 35.728 -55.290 6632.506 -1518.398 -4.375609175572 -1.353349308097 -5.753628711256 427.250
1873/05 2024 06 18 09 28 36.728 -59.666 6631.148 -1524.150 -4.375734733560 -1.361075700144 -5.751696425513 427.258
1873/05 2024 06 18 09 28 37.728 -64.042 6629.783 -1529.901 -4.375855899042 -1.368800334180 -5.749756839036 427.267
1873/05 2024 06 18 09 28 38.728 -68.418 6628.411 -1535.650 -4.375972671637 -1.376523201076 -5.747809954336 427.275
1873/05 2024 06 18 09 28 39.728 -72.794 6627.030 -1541.397 -4.376085050971 -1.384244291709 -5.745855773936 427.284
1873/05 2024 06 18 09 28 40.728 -77.170 6625.642 -1547.142 -4.376193036671 -1.391963596959 -5.743894300366 427.292
1873/05 2024 06 18 09 28 41.728 -81.546 6624.247 -1552.885 -4.376296628370 -1.399681107706 -5.741925536166 427.301
1873/05 2024 06 18 09 28 42.728 -85.922 6622.843 -1558.625 -4.376395825705 -1.407396814834 -5.739949483887 427.309
1873/05 2024 06 18 09 28 43.728 -90.299 6621.432 -1564.364 -4.376490628318 -1.415110709229 -5.737966146088 427.318
1873/05 2024 06 18 09 28 44.728 -94.675 6620.013 -1570.101 -4.376581035854 -1.422822781781 -5.735975525336 427.326
1873/05 2024 06 18 09 28 45.728 -99.052 6618.586 -1575.836 -4.376667047963 -1.430533023380 -5.733977624209 427.335
1873/05 2024 06 18 09 28 46.728 -103.429 6617.152 -1581.569 -4.376748664299 -1.438241424922 -5.731972445294 427.343
1873/05 2024 06 18 09 28 47.728 -107.805 6615.710 -1587.300 -4.376825884522 -1.445947977301 -5.729959991188 427.352
1873/05 2024 06 18 09 28 48.728 -112.182 6614.260 -1593.029 -4.376898708294 -1.453652671418 -5.727940264495 427.360
1873/05 2024 06 18 09 28 49.728 -116.559 6612.802 -1598.756 -4.376967135282 -1.461355498175 -5.725913267831 427.369
1873/05 2024 06 18 09 28 50.728 -120.936 6611.337 -1604.481 -4.377031165158 -1.469056448475 -5.723879003821 427.378
1873/05 2024 06 18 09 28 51.728 -125.313 6609.864 -1610.204 -4.377090797597 -1.476755513226 -5.721837475096 427.386
1873/05 2024 06 18 09 28 52.728 -129.690 6608.384 -1615.925 -4.377146032281 -1.484452683338 -5.719788684300 427.395
1873/05 2024 06 18 09 28 53.728 -134.068 6606.895 -1621.644 -4.377196868894 -1.492147949723 -5.717732634085 427.404
1873/05 2024 06 18 09 28 54.728 -138.445 6605.399 -1627.360 -4.377243307123 -1.499841303296 -5.715669327112 427.412
1873/05 2024 06 18 09 28 55.728 -142.822 6603.896 -1633.075 -4.377285346664 -1.507532734974 -5.713598766052 427.421
1873/05 2024 06 18 09 28 56.728 -147.199 6602.384 -1638.787 -4.377322987213 -1.515222235679 -5.711520953584 427.430
1873/05 2024 06 18 09 28 57.728 -151.577 6600.865 -1644.498 -4.377356228471 -1.522909796334 -5.709435892398 427.438
1873/05 2024 06 18 09 28 58.728 -155.954 6599.338 -1650.206 -4.377385070146 -1.530595407864 -5.707343585192 427.447
1873/05 2024 06 18 09 28 59.728 -160.331 6597.804 -1655.913 -4.377409511948 -1.538279061197 -5.705244034672 427.456
1873/05 2024 06 18 09 29 00.728 -164.709 6596.262 -1661.617 -4.377429553591 -1.545960747266 -5.703137243557 427.465
1873/05 2024 06 18 09 29 01.728 -169.086 6594.712 -1667.319 -4.377445194794 -1.553640457004 -5.701023214572 427.473
1873/05 2024 06 18 09 29 02.728 -173.464 6593.155 -1673.019 -4.377456435282 -1.561318181349 -5.698901950453 427.482
1873/05 2024 06 18 09 29 03.728 -177.841 6591.589 -1678.717 -4.377463274781 -1.568993911239 -5.696773453944 427.491
1873/05 2024 06 18 09 29 04.728 -182.219 6590.017 -1684.412 -4.377465713025 -1.576667637617 -5.694637727798 427.500
1873/05 2024 06 18 09 29 05.728 -186.596 6588.436 -1690.106 -4.377463749749 -1.584339351429 -5.692494774779 427.509
1873/05 2024 06 18 09 29 06.728 -190.974 6586.848 -1695.797 -4.377457384693 -1.592009043622 -5.690344597659 427.518
1873/05 2024 06 18 09 29 07.728 -195.351 6585.252 -1701.487 -4.377446617604 -1.599676705148 -5.688187199220 427.526
1873/05 2024 06 18 09 29 08.728 -199.729 6583.649 -1707.174 -4.377431448231 -1.607342326960 -5.686022582251 427.535
1873/05 2024 06 18 09 29 09.728 -204.106 6582.037 -1712.859 -4.377411876327 -1.615005900014 -5.683850749553 427.544
1873/05 2024 06 18 09 29 10.728 -208.483 6580.419 -1718.541 -4.377387901651 -1.622667415270 -5.681671703936 427.553
1873/05 2024 06 18 09 29 11.728 -212.861 6578.792 -1724.222 -4.377359523964 -1.630326863690 -5.679485448216 427.562
1873/05 2024 06 18 09 29 12.728 -217.238 6577.158 -1729.900 -4.377326743034 -1.637984236240 -5.677291985222 427.571
1873/05 2024 06 18 09 29 13.728 -221.615 6575.516 -1735.577 -4.377289558631 -1.645639523887 -5.675091317790 427.580
1873/05 2024 06 18 09 29 14.728 -225.993 6573.867 -1741.251 -4.377247970531 -1.653292717602 -5.672883448766 427.589
1873/05 2024 06 18 09 29 15.728 -230.370 6572.209 -1746.922 -4.377201978513 -1.660943808359 -5.670668381006 427.598
1873/05 2024 06 18 09 29 16.728 -234.747 6570.545 -1752.592 -4.377151582363 -1.668592787136 -5.668446117372 427.607
1873/05 2024 06 18 09 29 17.728 -239.124 6568.872 -1758.259 -4.377096781867 -1.676239644910 -5.666216660739 427.616
1873/05 2024 06 18 09 29 18.728 -243.501 6567.192 -1763.924 -4.377037576819 -1.683884372667 -5.663980013989 427.625
1873/05 2024 06 18 09 29 19.728 -247.878 6565.505 -1769.587 -4.376973967015 -1.691526961390 -5.661736180014 427.634
1873/05 2024 06 18 09 29 20.728 -252.255 6563.809 -1775.248 -4.376905952257 -1.699167402069 -5.659485161714 427.643
1873/05 2024 06 18 09 29 21.728 -256.632 6562.106 -1780.906 -4.376833532351 -1.706805685694 -5.657226962000 427.652
1873/05 2024 06 18 09 29 22.728 -261.009 6560.396 -1786.562 -4.376756707107 -1.714441803262 -5.654961583790 427.661
1873/05 2024 06 18 09 29 23.728 -265.386 6558.677 -1792.216 -4.376675476338 -1.722075745769 -5.652689030014 427.670
1873/05 2024 06 18 09 29 24.728 -269.762 6556.951 -1797.868 -4.376589839864 -1.729707504215 -5.650409303607 427.679
1873/05 2024 06 18 09 29 25.728 -274.139 6555.218 -1803.517 -4.376499797507 -1.737337069605 -5.648122407518 427.688
1873/05 2024 06 18 09 29 26.728 -278.515 6553.477 -1809.164 -4.376405349095 -1.744964432946 -5.645828344701 427.697
1873/05 2024 06 18 09 29 27.728 -282.892 6551.728 -1814.809 -4.376306494460 -1.752589585246 -5.643527118121 427.706
1873/05 2024 06 18 09 29 28.728 -287.268 6549.972 -1820.451 -4.376203233436 -1.760212517519 -5.641218730753 427.715
1873/05 2024 06 18 09 29 29.728 -291.644 6548.208 -1826.091 -4.376095565866 -1.767833220780 -5.638903185578 427.725
1873/05 2024 06 18 09 29 30.728 -296.020 6546.436 -1831.729 -4.375983491592 -1.775451686049 -5.636580485590 427.734
1873/05 2024 06 18 09 29 31.728 -300.396 6544.657 -1837.364 -4.375867010465 -1.783067904347 -5.634250633789 427.743
1873/05 2024 06 18 09 29 32.728 -304.772 6542.870 -1842.997 -4.375746122337 -1.790681866700 -5.631913633187 427.752
1873/05 2024 06 18 09 29 33.728 -309.147 6541.075 -1848.628 -4.375620827066 -1.798293564136 -5.629569486801 427.761
1873/05 2024 06 18 09 29 34.728 -313.523 6539.273 -1854.256 -4.375491124514 -1.805902987686 -5.627218197661 427.771
1873/05 2024 06 18 09 29 35.728 -317.898 6537.463 -1859.882 -4.375357014547 -1.813510128385 -5.624859768805 427.780
1873/05 2024 06 18 09 29 36.728 -322.274 6535.646 -1865.506 -4.375218497036 -1.821114977271 -5.622494203278 427.789
1873/05 2024 06 18 09 29 37.728 -326.649 6533.821 -1871.127 -4.375075571855 -1.828717525384 -5.620121504137 427.798
1873/05 2024 06 18 09 29 38.728 -331.024 6531.989 -1876.746 -4.374928238884 -1.836317763768 -5.617741674447 427.807
1873/05 2024 06 18 09 29 39.728 -335.399 6530.149 -1882.363 -4.374776498007 -1.843915683471 -5.615354717281 427.817
1873/05 2024 06 18 09 29 40.728 -339.773 6528.301 -1887.977 -4.374620349111 -1.851511275543 -5.612960635722 427.826
1873/05 2024 06 18 09 29 41.728 -344.148 6526.446 -1893.589 -4.374459792088 -1.859104531038 -5.610559432863 427.835
1873/05 2024 06 18 09 29 42.728 -348.522 6524.583 -1899.198 -4.374294826835 -1.866695441013 -5.608151111804 427.845
1873/05 2024 06 18 09 29 43.728 -352.896 6522.712 -1904.805 -4.374125453253 -1.874283996526 -5.605735675655 427.854
1873/05 2024 06 18 09 29 44.728 -357.271 6520.834 -1910.410 -4.373951671247 -1.881870188643 -5.603313127535 427.863
1873/05 2024 06 18 09 29 45.728 -361.644 6518.948 -1916.012 -4.373773480727 -1.889454008430 -5.600883470573 427.873
1873/05 2024 06 18 09 29 46.728 -366.018 6517.055 -1921.611 -4.373590881605 -1.897035446955 -5.598446707905 427.882
1873/05 2024 06 18 09 29 47.728 -370.392 6515.154 -1927.209 -4.373403873802 -1.904614495293 -5.596002842679 427.891
1873/05 2024 06 18 09 29 48.728 -374.765 6513.246 -1932.803 -4.373212457238 -1.912191144520 -5.593551878048 427.901
1873/05 2024 06 18 09 29 49.728 -379.138 6511.330 -1938.396 -4.373016631842 -1.919765385716 -5.591093817178 427.910
1873/05 2024 06 18 09 29 50.728 -383.511 6509.406 -1943.986 -4.372816397543 -1.927337209963 -5.588628663241 427.919
1873/05 2024 06 18 09 29 51.728 -387.884 6507.475 -1949.573 -4.372611754277 -1.934906608347 -5.586156419419 427.929
1873/05 2024 06 18 09 29 52.728 -392.256 6505.537 -1955.158 -4.372402701985 -1.942473571959 -5.583677088905 427.938
1873/05 2024 06 18 09 29 53.728 -396.628 6503.590 -1960.740 -4.372189240611 -1.950038091892 -5.581190674897 427.948
1873/05 2024 06 18 09 29 54.728 -401.001 6501.637 -1966.320 -4.371971370102 -1.957600159241 -5.578697180606 427.957
1873/05 2024 06 18 09 29 55.728 -405.372 6499.675 -1971.898 -4.371749090411 -1.965159765107 -5.576196609249 427.967
1873/05 2024 06 18 09 29 56.728 -409.744 6497.706 -1977.473 -4.371522401496 -1.972716900592 -5.573688964053 427.976
1873/05 2024 06 18 09 29 57.728 -414.115 6495.730 -1983.045 -4.371291303319 -1.980271556804 -5.571174248255 427.986
1873/05 2024 06 18 09 29 58.728 -418.487 6493.746 -1988.615 -4.371055795844 -1.987823724851 -5.568652465099 427.995
1873/05 2024 06 18 09 29 59.728 -422.858 6491.754 -1994.182 -4.370815879042 -1.995373395847 -5.566123617840 428.005
1873/05 2024 06 18 09 30 00.728 -427.228 6489.755 -1999.747 -4.370571552887 -2.002920560909 -5.563587709741 428.014
1873/05 2024 06 18 09 30 01.728 -431.599 6487.748 -2005.310 -4.370322817358 -2.010465211157 -5.561044744073 428.024
1873/05 2024 06 18 09 30 02.728 -435.969 6485.734 -2010.869 -4.370069672438 -2.018007337714 -5.558494724117 428.033
1873/05 2024 06 18 09 30 03.728 -440.339 6483.712 -2016.427 -4.369812118115 -2.025546931708 -5.555937653164 428.043
1873/05 2024 06 18 09 30 04.728 -444.708 6481.683 -2021.981 -4.369550154379 -2.033083984268 -5.553373534511 428.052
1873/05 2024 06 18 09 30 05.728 -449.078 6479.646 -2027.533 -4.369283781227 -2.040618486530 -5.550802371467 428.062
1873/05 2024 06 18 09 30 06.728 -453.447 6477.602 -2033.083 -4.369012998660 -2.048150429629 -5.548224167348 428.071
1873/05 2024 06 18 09 30 07.728 -457.816 6475.550 -2038.630 -4.368737806682 -2.055679804707 -5.545638925480 428.081
1873/05 2024 06 18 09 30 08.728 -462.185 6473.490 -2044.174 -4.368458205302 -2.063206602909 -5.543046649196 428.090
1873/05 2024 06 18 09 30 09.728 -466.553 6471.423 -2049.716 -4.368174194532 -2.070730815382 -5.540447341841 428.100
1873/05 2024 06 18 09 30 10.728 -470.921 6469.349 -2055.255 -4.367885774392 -2.078252433278 -5.537841006766 428.110
1873/05 2024 06 18 09 30 11.728 -475.289 6467.267 -2060.792 -4.367592944902 -2.085771447751 -5.535227647333 428.119
1873/05 2024 06 18 09 30 12.728 -479.656 6465.177 -2066.325 -4.367295706090 -2.093287849961 -5.532607266911 428.129
1873/05 2024 06 18 09 30 13.728 -484.023 6463.080 -2071.857 -4.366994057984 -2.100801631069 -5.529979868880 428.139
1873/05 2024 06 18 09 30 14.728 -488.390 6460.976 -2077.385 -4.366688000622 -2.108312782241 -5.527345456627 428.148
1873/05 2024 06 18 09 30 15.728 -492.757 6458.864 -2082.911 -4.366377534040 -2.115821294645 -5.524704033549 428.158
1873/05 2024 06 18 09 30 16.728 -497.123 6456.744 -2088.435 -4.366062658284 -2.123327159456 -5.522055603051 428.168
1873/05 2024 06 18 09 30 17.728 -501.489 6454.617 -2093.956 -4.365743373401 -2.130830367849 -5.519400168548 428.177
1873/05 2024 06 18 09 30 18.728 -505.854 6452.482 -2099.474 -4.365419679443 -2.138330911004 -5.516737733463 428.187
1873/05 2024 06 18 09 30 19.728 -510.220 6450.340 -2104.989 -4.365091576466 -2.145828780106 -5.514068301227 428.197
1873/05 2024 06 18 09 30 20.728 -514.584 6448.191 -2110.502 -4.364759064532 -2.153323966340 -5.511391875282 428.206
1873/05 2024 06 18 09 30 21.728 -518.949 6446.034 -2116.012 -4.364422143705 -2.160816460898 -5.508708459078 428.216
1873/05 2024 06 18 09 30 22.728 -523.313 6443.869 -2121.519 -4.364080814055 -2.168306254975 -5.506018056073 428.226
1873/05 2024 06 18 09 30 23.728 -527.677 6441.697 -2127.024 -4.363735075656 -2.175793339768 -5.503320669734 428.236
1873/05 2024 06 18 09 30 24.728 -532.041 6439.518 -2132.526 -4.363384928585 -2.183277706480 -5.500616303538 428.245
1873/05 2024 06 18 09 30 25.728 -536.404 6437.331 -2138.025 -4.363030372925 -2.190759346316 -5.497904960970 428.255
1873/05 2024 06 18 09 30 26.728 -540.767 6435.136 -2143.522 -4.362671408763 -2.198238250485 -5.495186645524 428.265
1873/05 2024 06 18 09 30 27.728 -545.129 6432.934 -2149.015 -4.362308036189 -2.205714410201 -5.492461360701 428.275
1873/05 2024 06 18 09 30 28.728 -549.491 6430.725 -2154.507 -4.361940255299 -2.213187816680 -5.489729110015 428.285
1873/05 2024 06 18 09 30 29.728 -553.853 6428.508 -2159.995 -4.361568066193 -2.220658461141 -5.486989896984 428.294
1873/05 2024 06 18 09 30 30.728 -558.215 6426.283 -2165.480 -4.361191468974 -2.228126334811 -5.484243725139 428.304
1873/05 2024 06 18 09 30 31.728 -562.576 6424.051 -2170.963 -4.360810463751 -2.235591428915 -5.481490598016 428.314
1873/05 2024 06 18 09 30 32.728 -566.936 6421.812 -2176.443 -4.360425050636 -2.243053734687 -5.478730519163 428.324
1873/05 2024 06 18 09 30 33.728 -571.296 6419.565 -2181.921 -4.360035229746 -2.250513243360 -5.475963492135 428.334
1873/05 2024 06 18 09 30 34.728 -575.656 6417.311 -2187.395 -4.359641001202 -2.257969946175 -5.473189520495 428.344
1873/05 2024 06 18 09 30 35.728 -580.016 6415.049 -2192.867 -4.359242365130 -2.265423834374 -5.470408607818 428.354
1873/05 2024 06 18 09 30 36.728 -584.375 6412.780 -2198.336 -4.358839321659 -2.272874899205 -5.467620757684 428.363
1873/05 2024 06 18 09 30 37.728 -588.733 6410.504 -2203.802 -4.358431870924 -2.280323131916 -5.464825973685 428.373
1873/05 2024 06 18 09 30 38.728 -593.092 6408.220 -2209.266 -4.358020013063 -2.287768523764 -5.462024259418 428.383
1873/05 2024 06 18 09 30 39.728 -597.449 6405.928 -2214.726 -4.357603748219 -2.295211066005 -5.459215618493 428.393
1873/05 2024 06 18 09 30 40.728 -601.807 6403.629 -2220.184 -4.357183076538 -2.302650749903 -5.456400054525 428.403
1873/05 2024 06 18 09 30 41.728 -606.164 6401.323 -2225.639 -4.356757998172 -2.310087566723 -5.453577571140 428.413
1873/05 2024 06 18 09 30 42.728 -610.520 6399.009 -2231.091 -4.356328513276 -2.317521507734 -5.450748171973 428.423
1873/05 2024 06 18 09 30 43.728 -614.876 6396.688 -2236.541 -4.355894622011 -2.324952564210 -5.447911860666 428.433
1873/05 2024 06 18 09 30 44.728 -619.232 6394.359 -2241.987 -4.355456324541 -2.332380727428 -5.445068640870 428.443
1873/05 2024 06 18 09 30 45.728 -623.587 6392.023 -2247.431 -4.355013621034 -2.339805988671 -5.442218516246 428.453
1873/05 2024 06 18 09 30 46.728 -627.942 6389.679 -2252.872 -4.354566511663 -2.347228339223 -5.439361490462 428.463
1873/05 2024 06 18 09 30 47.728 -632.297 6387.329 -2258.310 -4.354114996606 -2.354647770373 -5.436497567197 428.473
1873/05 2024 06 18 09 30 48.728 -636.650 6384.970 -2263.745 -4.353659076043 -2.362064273414 -5.433626750137 428.483
1873/05 2024 06 18 09 30 49.728 -641.004 6382.604 -2269.177 -4.353198750161 -2.369477839644 -5.430749042976 428.493
1873/05 2024 06 18 09 30 50.728 -645.357 6380.231 -2274.606 -4.352734019149 -2.376888460362 -5.427864449419 428.503
1873/05 2024 06 18 09 30 51.728 -649.709 6377.851 -2280.033 -4.352264883202 -2.384296126875 -5.424972973177 428.513
1873/05 2024 06 18 09 30 52.728 -654.061 6375.463 -2285.456 -4.351791342518 -2.391700830491 -5.422074617972 428.523
1873/05 2024 06 18 09 30 53.728 -658.413 6373.067 -2290.877 -4.351313397301 -2.399102562522 -5.419169387534 428.533
1873/05 2024 06 18 09 30 54.728 -662.764 6370.664 -2296.294 -4.350831047758 -2.406501314286 -5.416257285600 428.543
1873/05 2024 06 18 09 30 55.728 -667.115 6368.254 -2301.709 -4.350344294099 -2.413897077102 -5.413338315918 428.553
1873/05 2024 06 18 09 30 56.728 -671.465 6365.837 -2307.121 -4.349853136542 -2.421289842297 -5.410412482243 428.563
1873/05 2024 06 18 09 30 57.728 -675.814 6363.412 -2312.530 -4.349357575306 -2.428679601198 -5.407479788340 428.573
1873/05 2024 06 18 09 30 58.728 -680.163 6360.979 -2317.936 -4.348857610616 -2.436066345139 -5.404540237981 428.583
1873/05 2024 06 18 09 30 59.728 -684.512 6358.540 -2323.339 -4.348353242700 -2.443450065455 -5.401593834948 428.593
1873/05 2024 06 18 09 31 00.728 -688.860 6356.092 -2328.739 -4.347844471792 -2.450830753489 -5.398640583032 428.603
1873/05 2024 06 18 09 31 01.728 -693.208 6353.638 -2334.136 -4.347331298128 -2.458208400584 -5.395680486030 428.613
1873/05 2024 06 18 09 31 02.728 -697.555 6351.176 -2339.531 -4.346813721950 -2.465582998091 -5.392713547751 428.623
1873/05 2024 06 18 09 31 03.728 -701.901 6348.707 -2344.922 -4.346291743505 -2.472954537361 -5.389739772011 428.634
1873/05 2024 06 18 09 31 04.728 -706.247 6346.230 -2350.310 -4.345765363043 -2.480323009751 -5.386759162633 428.644
1873/05 2024 06 18 09 31 05.728 -710.593 6343.746 -2355.695 -4.345234580817 -2.487688406624 -5.383771723451 428.654
1873/05 2024 06 18 09 31 06.728 -714.938 6341.255 -2361.078 -4.344699397087 -2.495050719344 -5.380777458308 428.664
1873/05 2024 06 18 09 31 07.728 -719.282 6338.756 -2366.457 -4.344159812116 -2.502409939281 -5.377776371052 428.674
1873/05 2024 06 18 09 31 08.728 -723.626 6336.250 -2371.833 -4.343615826172 -2.509766057807 -5.374768465544 428.684
1873/05 2024 06 18 09 31 09.728 -727.969 6333.736 -2377.206 -4.343067439525 -2.517119066302 -5.371753745650 428.694
1873/05 2024 06 18 09 31 10.728 -732.312 6331.216 -2382.577 -4.342514652452 -2.524468956145 -5.368732215247 428.705
1873/05 2024 06 18 09 31 11.728 -736.654 6328.687 -2387.944 -4.341957465233 -2.531815718724 -5.365703878220 428.715
1873/05 2024 06 18 09 31 12.728 -740.996 6326.152 -2393.308 -4.341395878153 -2.539159345428 -5.362668738461 428.725
1873/05 2024 06 18 09 31 13.728 -745.337 6323.609 -2398.669 -4.340829891501 -2.546499827651 -5.359626799872 428.735
1873/05 2024 06 18 09 31 14.728 -749.678 6321.059 -2404.027 -4.340259505568 -2.553837156792 -5.356578066364 428.745
1873/05 2024 06 18 09 31 15.728 -754.018 6318.502 -2409.382 -4.339684720654 -2.561171324254 -5.353522541855 428.755
1873/05 2024 06 18 09 31 16.728 -758.357 6315.937 -2414.734 -4.339105537060 -2.568502321442 -5.350460230273 428.766
1873/05 2024 06 18 09 31 17.728 -762.696 6313.365 -2420.083 -4.338521955091 -2.575830139769 -5.347391135554 428.776
1873/05 2024 06 18 09 31 18.728 -767.034 6310.785 -2425.429 -4.337933975058 -2.583154770648 -5.344315261641 428.786
1873/05 2024 06 18 09 31 19.728 -771.372 6308.198 -2430.772 -4.337341597276 -2.590476205501 -5.341232612488 428.796
1873/05 2024 06 18 09 31 20.728 -775.709 6305.604 -2436.112 -4.336744822062 -2.597794435749 -5.338143192057 428.807
1873/05 2024 06 18 09 31 21.728 -780.045 6303.003 -2441.448 -4.336143649741 -2.605109452821 -5.335047004317 428.817
1873/05 2024 06 18 09 31 22.728 -784.381 6300.394 -2446.782 -4.335538080640 -2.612421248149 -5.331944053246 428.827
1873/05 2024 06 18 09 31 23.728 -788.716 6297.778 -2452.112 -4.334928115090 -2.619729813170 -5.328834342832 428.837
1873/05 2024 06 18 09 31 24.728 -793.051 6295.154 -2457.439 -4.334313753428 -2.627035139324 -5.325717877070 428.848
1873/05 2024 06 18 09 31 25.728 -797.385 6292.524 -2462.764 -4.333694995993 -2.634337218055 -5.322594659964 428.858
1873/05 2024 06 18 09 31 26.728 -801.718 6289.886 -2468.085 -4.333071843130 -2.641636040814 -5.319464695526 428.868
1873/05 2024 06 18 09 31 27.728 -806.051 6287.240 -2473.402 -4.332444295188 -2.648931599054 -5.316327987776 428.879
1873/05 2024 06 18 09 31 28.728 -810.383 6284.588 -2478.717 -4.331812352520 -2.656223884232 -5.313184540745 428.889
1873/05 2024 06 18 09 31 29.728 -814.715 6281.928 -2484.029 -4.331176015483 -2.663512887810 -5.310034358470 428.899
1873/05 2024 06 18 09 31 30.728 -819.046 6279.261 -2489.337 -4.330535284440 -2.670798601255 -5.306877444997 428.909
1873/05 2024 06 18 09 31 31.728 -823.376 6276.586 -2494.643 -4.329890159755 -2.678081016039 -5.303713804381 428.920
1873/05 2024 06 18 09 31 32.728 -827.705 6273.905 -2499.945 -4.329240641799 -2.685360123635 -5.300543440684 428.930
1873/05 2024 06 18 09 31 33.728 -832.034 6271.216 -2505.244 -4.328586730946 -2.692635915523 -5.297366357979 428.940
1873/05 2024 06 18 09 31 34.728 -836.363 6268.519 -2510.539 -4.327928427576 -2.699908383188 -5.294182560346 428.951
1873/05 2024 06 18 09 31 35.728 -840.690 6265.816 -2515.832 -4.327265732071 -2.707177518117 -5.290992051872 428.961
1873/05 2024 06 18 09 31 36.728 -845.017 6263.105 -2521.121 -4.326598644818 -2.714443311804 -5.287794836654 428.972
1873/05 2024 06 18 09 31 37.728 -849.343 6260.387 -2526.408 -4.325927166209 -2.721705755745 -5.284590918798 428.982
1873/05 2024 06 18 09 31 38.728 -853.669 6257.662 -2531.691 -4.325251296641 -2.728964841441 -5.281380302417 428.992
1873/05 2024 06 18 09 31 39.728 -857.994 6254.929 -2536.970 -4.324571036512 -2.736220560398 -5.278162991633 429.003
1873/05 2024 06 18 09 31 40.728 -862.318 6252.189 -2542.247 -4.323886386227 -2.743472904127 -5.274938990577 429.013
1873/05 2024 06 18 09 31 41.728 -866.642 6249.442 -2547.520 -4.323197346195 -2.750721864143 -5.271708303388 429.023
1873/05 2024 06 18 09 31 42.728 -870.965 6246.688 -2552.790 -4.322503916830 -2.757967431964 -5.268470934212 429.034
1873/05 2024 06 18 09 31 43.728 -875.287 6243.926 -2558.057 -4.321806098547 -2.765209599114 -5.265226887205 429.044
1873/05 2024 06 18 09 31 44.728 -879.608 6241.157 -2563.321 -4.321103891769 -2.772448357121 -5.261976166531 429.055
1873/05 2024 06 18 09 31 45.728 -883.929 6238.381 -2568.581 -4.320397296921 -2.779683697517 -5.258718776362 429.065
1873/05 2024 06 18 09 31 46.728 -888.249 6235.598 -2573.838 -4.319686314433 -2.786915611840 -5.255454720880 429.075
1873/05 2024 06 18 09 31 47.728 -892.568 6232.807 -2579.092 -4.318970944739 -2.794144091631 -5.252184004272 429.086
1873/05 2024 06 18 09 31 48.728 -896.887 6230.010 -2584.343 -4.318251188279 -2.801369128437 -5.248906630737 429.096
1873/05 2024 06 18 09 31 49.728 -901.205 6227.205 -2589.590 -4.317527045494 -2.808590713806 -5.245622604479 429.107
1873/05 2024 06 18 09 31 50.728 -905.522 6224.392 -2594.834 -4.316798516832 -2.815808839296 -5.242331929714 429.117
1873/05 2024 06 18 09 31 51.728 -909.838 6221.573 -2600.075 -4.316065602744 -2.823023496464 -5.239034610662 429.128
1873/05 2024 06 18 09 31 52.728 -914.154 6218.746 -2605.312 -4.315328303686 -2.830234676875 -5.235730651556 429.138
1873/05 2024 06 18 09 31 53.728 -918.469 6215.913 -2610.546 -4.314586620117 -2.837442372098 -5.232420056634 429.148
1873/05 2024 06 18 09 31 54.728 -922.783 6213.072 -2615.777 -4.313840552502 -2.844646573706 -5.229102830144 429.159
1873/05 2024 06 18 09 31 55.728 -927.097 6210.223 -2621.004 -4.313090101309 -2.851847273277 -5.225778976340 429.169
1873/05 2024 06 18 09 31 56.728 -931.409 6207.368 -2626.228 -4.312335267010 -2.859044462393 -5.222448499487 429.180
1873/05 2024 06 18 09 31 57.728 -935.721 6204.505 -2631.449 -4.311576050083 -2.866238132640 -5.219111403858 429.190
1873/05 2024 06 18 09 31 58.728 -940.033 6201.635 -2636.667 -4.310812451009 -2.873428275611 -5.215767693732 429.201
1873/05 2024 06 18 09 31 59.728 -944.343 6198.758 -2641.881 -4.310044470272 -2.880614882901 -5.212417373399 429.211
1873/05 2024 06 18 09 32 00.728 -948.653 6195.874 -2647.091 -4.309272108364 -2.887797946112 -5.209060447155 429.222
1873/05 2024 06 18 09 32 01.728 -952.962 6192.983 -2652.299 -4.308495365777 -2.894977456848 -5.205696919306 429.232
1873/05 2024 06 18 09 32 02.728 -957.270 6190.084 -2657.503 -4.307714243010 -2.902153406719 -5.202326794165 429.243
1873/05 2024 06 18 09 32 03.728 -961.577 6187.178 -2662.703 -4.306928740565 -2.909325787340 -5.198950076056 429.253
1873/05 2024 06 18 09 32 04.728 -965.883 6184.266 -2667.901 -4.306138858949 -2.916494590331 -5.195566769306 429.264
1873/05 2024 06 18 09 32 05.728 -970.189 6181.345 -2673.095 -4.305344598673 -2.923659807314 -5.192176878256 429.274
1873/05 2024 06 18 09 32 06.728 -974.494 6178.418 -2678.285 -4.304545960253 -2.930821429920 -5.188780407251 429.285
1873/05 2024 06 18 09 32 07.728 -978.798 6175.484 -2683.472 -4.303742944207 -2.937979449780 -5.185377360647 429.295
1873/05 2024 06 18 09 32 08.728 -983.102 6172.542 -2688.656 -4.302935551059 -2.945133858533 -5.181967742807 429.306
1873/05 2024 06 18 09 32 09.728 -987.404 6169.594 -2693.836 -4.302123781338 -2.952284647822 -5.178551558101 429.316
1873/05 2024 06 18 09 32 10.728 -991.706 6166.638 -2699.013 -4.301307635575 -2.959431809294 -5.175128810910 429.327
1873/05 2024 06 18 09 32 11.728 -996.007 6163.675 -2704.186 -4.300487114307 -2.966575334600 -5.171699505621 429.337
1873/05 2024 06 18 09 32 12.728 -1000.307 6160.705 -2709.356 -4.299662218075 -2.973715215398 -5.168263646631 429.348
1873/05 2024 06 18 09 32 13.728 -1004.606 6157.727 -2714.523 -4.298832947424 -2.980851443350 -5.164821238343 429.359
1873/05 2024 06 18 09 32 14.728 -1008.905 6154.743 -2719.686 -4.297999302903 -2.987984010121 -5.161372285170 429.369
1873/05 2024 06 18 09 32 15.728 -1013.202 6151.751 -2724.846 -4.297161285066 -2.995112907382 -5.157916791533 429.380
1873/05 2024 06 18 09 32 16.728 -1017.499 6148.753 -2730.002 -4.296318894469 -3.002238126810 -5.154454761860 429.390
1873/05 2024 06 18 09 32 17.728 -1021.795 6145.747 -2735.154 -4.295472131676 -3.009359660084 -5.150986200588 429.401
1873/05 2024 06 18 09 32 18.728 -1026.090 6142.734 -2740.304 -4.294620997253 -3.016477498891 -5.147511112163 429.411
1873/05 2024 06 18 09 32 19.728 -1030.384 6139.714 -2745.449 -4.293765491769 -3.023591634919 -5.144029501037 429.422
1873/05 2024 06 18 09 32 20.728 -1034.677 6136.687 -2750.592 -4.292905615800 -3.030702059865 -5.140541371673 429.433
1873/05 2024 06 18 09 32 21.728 -1038.970 6133.652 -2755.731 -4.292041369925 -3.037808765428 -5.137046728539 429.443
1873/05 2024 06 18 09 32 22.728 -1043.261 6130.611 -2760.866 -4.291172754727 -3.044911743312 -5.133545576114 429.454
1873/05 2024 06 18 09 32 23.728 -1047.552 6127.563 -2765.998 -4.290299770793 -3.052010985226 -5.130037918884 429.464
1873/05 2024 06 18 09 32 24.728 -1051.842 6124.507 -2771.126 -4.289422418715 -3.059106482886 -5.126523761342 429.475
1873/05 2024 06 18 09 32 25.728 -1056.131 6121.444 -2776.251 -4.288540699089 -3.066198228009 -5.123003107990 429.486
1873/05 2024 06 18 09 32 26.728 -1060.419 6118.375 -2781.372 -4.287654612516 -3.073286212321 -5.119475963340 429.496
1873/05 2024 06 18 09 32 27.728 -1064.706 6115.298 -2786.490 -4.286764159599 -3.080370427549 -5.115942331910 429.507
1873/05 2024 06 18 09 32 28.728 -1068.993 6112.214 -2791.604 -4.285869340948 -3.087450865427 -5.112402218225 429.517
1873/05 2024 06 18 09 32 29.728 -1073.278 6109.123 -2796.714 -4.284970157175 -3.094527517693 -5.108855626821 429.528
1873/05 2024 06 18 09 32 30.728 -1077.563 6106.025 -2801.822 -4.284066608898 -3.101600376092 -5.105302562241 429.539
1873/05 2024 06 18 09 32 31.728 -1081.846 6102.920 -2806.925 -4.283158696738 -3.108669432372 -5.101743029036 429.549
1873/05 2024 06 18 09 32 32.728 -1086.129 6099.808 -2812.025 -4.282246421320 -3.115734678285 -5.098177031764 429.560
1873/05 2024 06 18 09 32 33.728 -1090.411 6096.688 -2817.121 -4.281329783275 -3.122796105590 -5.094604574992 429.570
1873/05 2024 06 18 09 32 34.728 -1094.692 6093.562 -2822.214 -4.280408783237 -3.129853706050 -5.091025663296 429.581
1873/05 2024 06 18 09 32 35.728 -1098.971 6090.429 -2827.303 -4.279483421843 -3.136907471432 -5.087440301259 429.592
1873/05 2024 06 18 09 32 36.728 -1103.250 6087.288 -2832.389 -4.278553699738 -3.143957393511 -5.083848493472 429.602
1873/05 2024 06 18 09 32 37.728 -1107.529 6084.141 -2837.471 -4.277619617567 -3.151003464063 -5.080250244535 429.613
1873/05 2024 06 18 09 32 38.728 -1111.806 6080.986 -2842.550 -4.276681175981 -3.158045674872 -5.076645559055 429.624
1873/05 2024 06 18 09 32 39.728 -1116.082 6077.825 -2847.624 -4.275738375637 -3.165084017725 -5.073034441647 429.634
1873/05 2024 06 18 09 32 40.728 -1120.357 6074.656 -2852.696 -4.274791217193 -3.172118484416 -5.069416896935 429.645
1873/05 2024 06 18 09 32 41.728 -1124.632 6071.480 -2857.763 -4.273839701314 -3.179149066741 -5.065792929551 429.656
1873/05 2024 06 18 09 32 42.728 -1128.905 6068.298 -2862.827 -4.272883828667 -3.186175756505 -5.062162544133 429.666
1873/05 2024 06 18 09 32 43.728 -1133.177 6065.108 -2867.888 -4.271923599925 -3.193198545514 -5.058525745331 429.677
1873/05 2024 06 18 09 32 44.728 -1137.449 6061.911 -2872.944 -4.270959015764 -3.200217425583 -5.054882537798 429.688
1873/05 2024 06 18 09 32 45.728 -1141.719 6058.708 -2877.997 -4.269990076865 -3.207232388528 -5.051232926200 429.698
1873/05 2024 06 18 09 32 46.728 -1145.989 6055.497 -2883.047 -4.269016783914 -3.214243426172 -5.047576915207 429.709
1873/05 2024 06 18 09 32 47.728 -1150.257 6052.279 -2888.093 -4.268039137598 -3.221250530344 -5.043914509500 429.720
1873/05 2024 06 18 09 32 48.728 -1154.525 6049.054 -2893.135 -4.267057138612 -3.228253692876 -5.040245713765 429.730
1873/05 2024 06 18 09 32 49.728 -1158.791 6045.823 -2898.173 -4.266070787653 -3.235252905607 -5.036570532700 429.741
1873/05 2024 06 18 09 32 50.728 -1163.057 6042.584 -2903.208 -4.265080085423 -3.242248160380 -5.032888971006 429.752
1873/05 2024 06 18 09 32 51.728 -1167.321 6039.338 -2908.239 -4.264085032629 -3.249239449044 -5.029201033396 429.762
1873/05 2024 06 18 09 32 52.728 -1171.585 6036.085 -2913.266 -4.263085629981 -3.256226763450 -5.025506724590 429.773
1873/05 2024 06 18 09 32 53.728 -1175.848 6032.826 -2918.290 -4.262081878192 -3.263210095459 -5.021806049315 429.784
1873/05 2024 06 18 09 32 54.728 -1180.109 6029.559 -2923.310 -4.261073777984 -3.270189436934 -5.018099012307 429.794
1873/05 2024 06 18 09 32 55.728 -1184.370 6026.285 -2928.326 -4.260061330077 -3.277164779742 -5.014385618308 429.805
1873/05 2024 06 18 09 32 56.728 -1188.629 6023.005 -2933.339 -4.259044535200 -3.284136115759 -5.010665872071 429.816
1873/05 2024 06 18 09 32 57.728 -1192.888 6019.717 -2938.347 -4.258023394083 -3.291103436864 -5.006939778355 429.826
1873/05 2024 06 18 09 32 58.728 -1197.145 6016.422 -2943.352 -4.256997907464 -3.298066734939 -5.003207341927 429.837
1873/05 2024 06 18 09 32 59.728 -1201.402 6013.121 -2948.354 -4.255968076081 -3.305026001876 -4.999468567563 429.848
1873/05 2024 06 18 09 33 00.728 -1205.657 6009.812 -2953.351 -4.254933900679 -3.311981229567 -4.995723460045 429.858
1873/05 2024 06 18 09 33 01.728 -1209.912 6006.497 -2958.345 -4.253895382007 -3.318932409914 -4.991972024164 429.869
1873/05 2024 06 18 09 33 02.728 -1214.165 6003.174 -2963.335 -4.252852520817 -3.325879534820 -4.988214264720 429.880
1873/05 2024 06 18 09 33 03.728 -1218.417 5999.845 -2968.322 -4.251805317865 -3.332822596196 -4.984450186520 429.891
1873/05 2024 06 18 09 33 04.728 -1222.669 5996.509 -2973.304 -4.250753773913 -3.339761585957 -4.980679794378 429.901
1873/05 2024 06 18 09 33 05.728 -1226.919 5993.166 -2978.283 -4.249697889727 -3.346696496023 -4.976903093118 429.912
1873/05 2024 06 18 09 33 06.728 -1231.168 5989.815 -2983.258 -4.248637666075 -3.353627318320 -4.973120087568 429.923
1873/05 2024 06 18 09 33 07.728 -1235.416 5986.458 -2988.229 -4.247573103732 -3.360554044780 -4.969330782569 429.933
1873/05 2024 06 18 09 33 08.728 -1239.663 5983.094 -2993.197 -4.246504203476 -3.367476667338 -4.965535182967 429.944
1873/05 2024 06 18 09 33 09.728 -1243.909 5979.723 -2998.160 -4.245430966088 -3.374395177936 -4.961733293615 429.955
1873/05 2024 06 18 09 33 10.728 -1248.154 5976.346 -3003.120 -4.244353392356 -3.381309568520 -4.957925119375 429.965
1873/05 2024 06 18 09 33 11.728 -1252.398 5972.961 -3008.076 -4.243271483069 -3.388219831043 -4.954110665119 429.976
1873/05 2024 06 18 09 33 12.728 -1256.641 5969.569 -3013.028 -4.242185239023 -3.395125957462 -4.950289935722 429.987
1873/05 2024 06 18 09 33 13.728 -1260.882 5966.171 -3017.977 -4.241094661017 -3.402027939738 -4.946462936072 429.998
1873/05 2024 06 18 09 33 14.728 -1265.123 5962.765 -3022.921 -4.239999749853 -3.408925769841 -4.942629671061 430.008
1873/05 2024 06 18 09 33 15.728 -1269.362 5959.353 -3027.862 -4.238900506341 -3.415819439743 -4.938790145592 430.019
1873/05 2024 06 18 09 33 16.728 -1273.601 5955.933 -3032.799 -4.237796931290 -3.422708941423 -4.934944364571 430.030
1873/05 2024 06 18 09 33 17.728 -1277.838 5952.507 -3037.732 -4.236689025518 -3.429594266864 -4.931092332918 430.040
1873/05 2024 06 18 09 33 18.728 -1282.074 5949.074 -3042.661 -4.235576789844 -3.436475408056 -4.927234055557 430.051
1873/05 2024 06 18 09 33 19.728 -1286.309 5945.634 -3047.586 -4.234460225093 -3.443352356994 -4.923369537419 430.062
1873/05 2024 06 18 09 33 20.728 -1290.543 5942.188 -3052.508 -4.233339332094 -3.450225105676 -4.919498783446 430.073
1873/05 2024 06 18 09 33 21.728 -1294.776 5938.734 -3057.425 -4.232214111678 -3.457093646109 -4.915621798586 430.083
1873/05 2024 06 18 09 33 22.728 -1299.007 5935.273 -3062.339 -4.231084564684 -3.463957970302 -4.911738587794 430.094
1873/05 2024 06 18 09 33 23.728 -1303.238 5931.806 -3067.249 -4.229950691953 -3.470818070272 -4.907849156034 430.105
1873/05 2024 06 18 09 33 24.728 -1307.467 5928.332 -3072.155 -4.228812494329 -3.477673938040 -4.903953508279 430.115
1873/05 2024 06 18 09 33 25.728 -1311.696 5924.851 -3077.057 -4.227669972663 -3.484525565634 -4.900051649506 430.126
1873/05 2024 06 18 09 33 26.728 -1315.923 5921.363 -3081.955 -4.226523127808 -3.491372945084 -4.896143584703 430.137
1873/05 2024 06 18 09 33 27.728 -1320.149 5917.868 -3086.849 -4.225371960623 -3.498216068429 -4.892229318865 430.148
1873/05 2024 06 18 09 33 28.728 -1324.373 5914.366 -3091.739 -4.224216471970 -3.505054927712 -4.888308856995 430.158
1873/05 2024 06 18 09 33 29.728 -1328.597 5910.858 -3096.626 -4.223056662715 -3.511889514981 -4.884382204102 430.169
1873/05 2024 06 18 09 33 30.728 -1332.819 5907.342 -3101.508 -4.221892533729 -3.518719822291 -4.880449365204 430.180
1873/05 2024 06 18 09 33 31.728 -1337.041 5903.820 -3106.386 -4.220724085887 -3.525545841700 -4.876510345328 430.190
1873/05 2024 06 18 09 33 32.728 -1341.261 5900.291 -3111.261 -4.219551320068 -3.532367565273 -4.872565149507 430.201
1873/05 2024 06 18 09 33 33.728 -1345.480 5896.756 -3116.132 -4.218374237156 -3.539184985081 -4.868613782781 430.212
1873/05 2024 06 18 09 33 34.728 -1349.698 5893.213 -3120.998 -4.217192838038 -3.545998093199 -4.864656250200 430.223
1873/05 2024 06 18 09 33 35.728 -1353.914 5889.664 -3125.861 -4.216007123605 -3.552806881709 -4.860692556821 430.233
1873/05 2024 06 18 09 33 36.728 -1358.130 5886.107 -3130.720 -4.214817094755 -3.559611342698 -4.856722707707 430.244
1873/05 2024 06 18 09 33 37.728 -1362.344 5882.544 -3135.574 -4.213622752386 -3.566411468258 -4.852746707931 430.255
1873/05 2024 06 18 09 33 38.728 -1366.557 5878.975 -3140.425 -4.212424097403 -3.573207250487 -4.848764562572 430.265
1873/05 2024 06 18 09 33 39.728 -1370.769 5875.398 -3145.272 -4.211221130715 -3.579998681488 -4.844776276717 430.276
1873/05 2024 06 18 09 33 40.728 -1374.979 5871.815 -3150.115 -4.210013853235 -3.586785753370 -4.840781855462 430.287
1873/05 2024 06 18 09 33 41.728 -1379.189 5868.224 -3154.953 -4.208802265880 -3.593568458247 -4.836781303909 430.298
1873/05 2024 06 18 09 33 42.728 -1383.397 5864.627 -3159.788 -4.207586369570 -3.600346788240 -4.832774627169 430.308
1873/05 2024 06 18 09 33 43.728 -1387.604 5861.024 -3164.619 -4.206366165232 -3.607120735475 -4.828761830359 430.319
1873/05 2024 06 18 09 33 44.728 -1391.810 5857.413 -3169.446 -4.205141653794 -3.613890292081 -4.824742918604 430.330
1873/05 2024 06 18 09 33 45.728 -1396.014 5853.796 -3174.268 -4.203912836191 -3.620655450197 -4.820717897039 430.340
1873/05 2024 06 18 09 33 46.728 -1400.218 5850.172 -3179.087 -4.202679713360 -3.627416201965 -4.816686770804 430.351
1873/05 2024 06 18 09 33 47.728 -1404.420 5846.541 -3183.902 -4.201442286244 -3.634172539532 -4.812649545048 430.362
1873/05 2024 06 18 09 33 48.728 -1408.620 5842.904 -3188.712 -4.200200555790 -3.640924455052 -4.808606224926 430.373
1873/05 2024 06 18 09 33 49.728 -1412.820 5839.259 -3193.519 -4.198954522947 -3.647671940684 -4.804556815603 430.383
1873/05 2024 06 18 09 33 50.728 -1417.018 5835.608 -3198.322 -4.197704188670 -3.654414988593 -4.800501322249 430.394
1873/05 2024 06 18 09 33 51.728 -1421.215 5831.950 -3203.120 -4.196449553919 -3.661153590950 -4.796439750044 430.405
1873/05 2024 06 18 09 33 52.728 -1425.411 5828.286 -3207.914 -4.195190619657 -3.667887739931 -4.792372104173 430.415
1873/05 2024 06 18 09 33 53.728 -1429.606 5824.615 -3212.705 -4.193927386850 -3.674617427718 -4.788298389832 430.426
1873/05 2024 06 18 09 33 54.728 -1433.799 5820.937 -3217.491 -4.192659856471 -3.681342646497 -4.784218612221 430.437
1873/05 2024 06 18 09 33 55.728 -1437.991 5817.252 -3222.273 -4.191388029496 -3.688063388463 -4.780132776551 430.448
1873/05 2024 06 18 09 33 56.728 -1442.182 5813.561 -3227.051 -4.190111906904 -3.694779645813 -4.776040888037 430.458
1873/05 2024 06 18 09 33 57.728 -1446.371 5809.862 -3231.825 -4.188831489679 -3.701491410754 -4.771942951904 430.469
1873/05 2024 06 18 09 33 58.728 -1450.560 5806.158 -3236.595 -4.187546778810 -3.708198675494 -4.767838973384 430.480
1873/05 2024 06 18 09 33 59.728 -1454.746 5802.446 -3241.361 -4.186257775289 -3.714901432250 -4.763728957716 430.490
1873/05 2024 06 18 09 34 00.728 -1458.932 5798.728 -3246.123 -4.184964480114 -3.721599673243 -4.759612910147 430.501
1873/05 2024 06 18 09 34 01.728 -1463.116 5795.003 -3250.880 -4.183666894284 -3.728293390701 -4.755490835932 430.512
1873/05 2024 06 18 09 34 02.728 -1467.299 5791.271 -3255.634 -4.182365018806 -3.734982576858 -4.751362740333 430.522
1873/05 2024 06 18 09 34 03.728 -1471.481 5787.533 -3260.383 -4.181058854687 -3.741667223951 -4.747228628618 430.533
1873/05 2024 06 18 09 34 04.728 -1475.661 5783.788 -3265.128 -4.179748402943 -3.748347324226 -4.743088506066 430.544
1873/05 2024 06 18 09 34 05.728 -1479.841 5780.036 -3269.869 -4.178433664590 -3.755022869934 -4.738942377961 430.554
1873/05 2024 06 18 09 34 06.728 -1484.018 5776.278 -3274.606 -4.177114640651 -3.761693853329 -4.734790249594 430.565
1873/05 2024 06 18 09 34 07.728 -1488.195 5772.513 -3279.339 -4.175791332151 -3.768360266676 -4.730632126265 430.576
1873/05 2024 06 18 09 34 08.728 -1492.370 5768.741 -3284.067 -4.174463740120 -3.775022102240 -4.726468013281 430.586
1873/05 2024 06 18 09 34 09.728 -1496.544 5764.963 -3288.792 -4.173131865594 -3.781679352296 -4.722297915957 430.597
1873/05 2024 06 18 09 34 10.728 -1500.716 5761.178 -3293.512 -4.171795709610 -3.788332009124 -4.718121839614 430.608
1873/05 2024 06 18 09 34 11.728 -1504.887 5757.386 -3298.228 -4.170455273211 -3.794980065008 -4.713939789581 430.618
1873/05 2024 06 18 09 34 12.728 -1509.057 5753.588 -3302.940 -4.169110557445 -3.801623512240 -4.709751771196 430.629
1873/05 2024 06 18 09 34 13.728 -1513.226 5749.783 -3307.647 -4.167761563363 -3.808262343117 -4.705557789803 430.640
1873/05 2024 06 18 09 34 14.728 -1517.393 5745.971 -3312.351 -4.166408292019 -3.814896549941 -4.701357850752 430.650
1873/05 2024 06 18 09 34 15.728 -1521.558 5742.153 -3317.050 -4.165050744474 -3.821526125022 -4.697151959404 430.661
1873/05 2024 06 18 09 34 16.728 -1525.723 5738.328 -3321.745 -4.163688921791 -3.828151060673 -4.692940121125 430.672
1873/05 2024 06 18 09 34 17.728 -1529.886 5734.497 -3326.436 -4.162322825038 -3.834771349216 -4.688722341289 430.682
1873/05 2024 06 18 09 34 18.728 -1534.047 5730.659 -3331.123 -4.160952455287 -3.841386982976 -4.684498625276 430.693
1873/05 2024 06 18 09 34 19.728 -1538.208 5726.814 -3335.805 -4.159577813614 -3.847997954285 -4.680268978477 430.704
1873/05 2024 06 18 09 34 20.728 -1542.367 5722.963 -3340.483 -4.158198901099 -3.854604255483 -4.676033406286 430.714
1873/05 2024 06 18 09 34 21.728 -1546.524 5719.105 -3345.157 -4.156815718828 -3.861205878913 -4.671791914107 430.725
1873/05 2024 06 18 09 34 22.728 -1550.680 5715.240 -3349.827 -4.155428267889 -3.867802816924 -4.667544507351 430.736
1873/05 2024 06 18 09 34 23.728 -1554.835 5711.369 -3354.492 -4.154036549374 -3.874395061873 -4.663291191437 430.746
1873/05 2024 06 18 09 34 24.728 -1558.988 5707.491 -3359.153 -4.152640564382 -3.880982606122 -4.659031971789 430.757
1873/05 2024 06 18 09 34 25.728 -1563.140 5703.607 -3363.810 -4.151240314012 -3.887565442038 -4.654766853842 430.767
1873/05 2024 06 18 09 34 26.728 -1567.291 5699.716 -3368.463 -4.149835799372 -3.894143561996 -4.650495843034 430.778
1873/05 2024 06 18 09 34 27.728 -1571.440 5695.819 -3373.111 -4.148427021569 -3.900716958375 -4.646218944814 430.789
1873/05 2024 06 18 09 34 28.728 -1575.588 5691.915 -3377.755 -4.147013981719 -3.907285623560 -4.641936164636 430.799
1873/05 2024 06 18 09 34 29.728 -1579.734 5688.004 -3382.395 -4.145596680939 -3.913849549944 -4.637647507964 430.810
1873/05 2024 06 18 09 34 30.728 -1583.879 5684.087 -3387.031 -4.144175120351 -3.920408729923 -4.633352980265 430.821
1873/05 2024 06 18 09 34 31.728 -1588.022 5680.164 -3391.662 -4.142749301082 -3.926963155903 -4.629052587018 430.831
1873/05 2024 06 18 09 34 32.728 -1592.164 5676.233 -3396.289 -4.141319224261 -3.933512820292 -4.624746333707 430.842
1873/05 2024 06 18 09 34 33.728 -1596.305 5672.296 -3400.911 -4.139884891024 -3.940057715507 -4.620434225822 430.852
1873/05 2024 06 18 09 34 34.728 -1600.444 5668.353 -3405.529 -4.138446302509 -3.946597833968 -4.616116268863 430.863
1873/05 2024 06 18 09 34 35.728 -1604.582 5664.403 -3410.143 -4.137003459860 -3.953133168105 -4.611792468336 430.874
1873/05 2024 06 18 09 34 36.728 -1608.718 5660.447 -3414.753 -4.135556364223 -3.959663710350 -4.607462829753 430.884
1873/05 2024 06 18 09 34 37.728 -1612.853 5656.484 -3419.358 -4.134105016750 -3.966189453145 -4.603127358636 430.895
1873/05 2024 06 18 09 34 38.728 -1616.986 5652.515 -3423.959 -4.132649418596 -3.972710388934 -4.598786060512 430.905
1873/05 2024 06 18 09 34 39.728 -1621.118 5648.539 -3428.556 -4.131189570921 -3.979226510170 -4.594438940917 430.916
1873/05 2024 06 18 09 34 40.728 -1625.249 5644.556 -3433.148 -4.129725474889 -3.985737809311 -4.590086005392 430.926
1873/05 2024 06 18 09 34 41.728 -1629.378 5640.567 -3437.736 -4.128257131667 -3.992244278821 -4.585727259487 430.937
1873/05 2024 06 18 09 34 42.728 -1633.505 5636.572 -3442.320 -4.126784542428 -3.998745911171 -4.581362708760 430.948
1873/05 2024 06 18 09 34 43.728 -1637.631 5632.570 -3446.899 -4.125307708347 -4.005242698838 -4.576992358773 430.958
1873/05 2024 06 18 09 34 44.728 -1641.756 5628.561 -3451.474 -4.123826630606 -4.011734634303 -4.572616215098 430.969
1873/05 2024 06 18 09 34 45.728 -1645.879 5624.546 -3456.044 -4.122341310389 -4.018221710056 -4.568234283313 430.979
1873/05 2024 06 18 09 34 46.728 -1650.000 5620.525 -3460.610 -4.120851748884 -4.024703918591 -4.563846569005 430.990
1873/05 2024 06 18 09 34 47.728 -1654.121 5616.497 -3465.172 -4.119357947285 -4.031181252410 -4.559453077765 431.000
1873/05 2024 06 18 09 34 48.728 -1658.239 5612.462 -3469.729 -4.117859906788 -4.037653704020 -4.555053815193 431.011
1873/05 2024 06 18 09 34 49.728 -1662.356 5608.421 -3474.282 -4.116357628595 -4.044121265934 -4.550648786898 431.021
1873/05 2024 06 18 09 34 50.728 -1666.472 5604.374 -3478.830 -4.114851113910 -4.050583930671 -4.546237998492 431.032
1873/05 2024 06 18 09 34 51.728 -1670.586 5600.320 -3483.374 -4.113340363945 -4.057041690758 -4.541821455597 431.042
1873/05 2024 06 18 09 34 52.728 -1674.699 5596.260 -3487.914 -4.111825379911 -4.063494538726 -4.537399163842 431.053
1873/05 2024 06 18 09 34 53.728 -1678.810 5592.193 -3492.449 -4.110306163027 -4.069942467114 -4.532971128863 431.063
1873/05 2024 06 18 09 34 54.728 -1682.919 5588.120 -3496.980 -4.108782714515 -4.076385468465 -4.528537356302 431.074
1873/05 2024 06 18 09 34 55.728 -1687.027 5584.040 -3501.506 -4.107255035601 -4.082823535331 -4.524097851809 431.084
1873/05 2024 06 18 09 34 56.728 -1691.134 5579.954 -3506.028 -4.105723127515 -4.089256660267 -4.519652621041 431.095
1873/05 2024 06 18 09 34 57.728 -1695.239 5575.862 -3510.546 -4.104186991492 -4.095684835838 -4.515201669663 431.105
1873/05 2024 06 18 09 34 58.728 -1699.342 5571.763 -3515.058 -4.102646628770 -4.102108054612 -4.510745003345 431.116
1873/05 2024 06 18 09 34 59.728 -1703.444 5567.658 -3519.567 -4.101102040591 -4.108526309165 -4.506282627767 431.126
1873/05 2024 06 18 09 35 00.728 -1707.544 5563.546 -3524.071 -4.099553228203 -4.114939592079 -4.501814548612 431.137
1873/05 2024 06 18 09 35 01.728 -1711.643 5559.428 -3528.571 -4.098000192856 -4.121347895941 -4.497340771574 431.147
1873/05 2024 06 18 09 35 02.728 -1715.740 5555.303 -3533.066 -4.096442935805 -4.127751213346 -4.492861302353 431.158
1873/05 2024 06 18 09 35 03.728 -1719.836 5551.172 -3537.556 -4.094881458311 -4.134149536895 -4.488376146655 431.168
1873/05 2024 06 18 09 35 04.728 -1723.930 5547.035 -3542.042 -4.093315761635 -4.140542859194 -4.483885310193 431.179
1873/05 2024 06 18 09 35 05.728 -1728.023 5542.891 -3546.524 -4.091745847046 -4.146931172857 -4.479388798688 431.189
1873/05 2024 06 18 09 35 06.728 -1732.113 5538.741 -3551.001 -4.090171715815 -4.153314470503 -4.474886617868 431.199
1873/05 2024 06 18 09 35 07.728 -1736.203 5534.585 -3555.474 -4.088593369218 -4.159692744759 -4.470378773468 431.210
1873/05 2024 06 18 09 35 08.728 -1740.291 5530.422 -3559.942 -4.087010808535 -4.166065988255 -4.465865271230 431.220
1873/05 2024 06 18 09 35 09.728 -1744.377 5526.253 -3564.406 -4.085424035049 -4.172434193631 -4.461346116901 431.231
1873/05 2024 06 18 09 35 10.728 -1748.461 5522.077 -3568.865 -4.083833050050 -4.178797353532 -4.456821316239 431.241
1873/05 2024 06 18 09 35 11.728 -1752.545 5517.895 -3573.319 -4.082237854829 -4.185155460609 -4.452290875005 431.252
1873/05 2024 06 18 09 35 12.728 -1756.626 5513.707 -3577.769 -4.080638450683 -4.191508507518 -4.447754798970 431.262
1873/05 2024 06 18 09 35 13.728 -1760.706 5509.512 -3582.215 -4.079034838912 -4.197856486926 -4.443213093910 431.272
1873/05 2024 06 18 09 35 14.728 -1764.784 5505.311 -3586.656 -4.077427020821 -4.204199391501 -4.438665765608 431.283
1873/05 2024 06 18 09 35 15.728 -1768.861 5501.104 -3591.092 -4.075814997719 -4.210537213920 -4.434112819856 431.293
1873/05 2024 06 18 09 35 16.728 -1772.936 5496.890 -3595.524 -4.074198770919 -4.216869946867 -4.429554262452 431.304
1873/05 2024 06 18 09 35 17.728 -1777.009 5492.670 -3599.951 -4.072578341737 -4.223197583030 -4.424990099198 431.314
1873/05 2024 06 18 09 35 18.728 -1781.081 5488.443 -3604.374 -4.070953711495 -4.229520115107 -4.420420335908 431.324
1873/05 2024 06 18 09 35 19.728 -1785.151 5484.211 -3608.792 -4.069324881519 -4.235837535799 -4.415844978399 431.335
1873/05 2024 06 18 09 35 20.728 -1789.219 5479.972 -3613.206 -4.067691853137 -4.242149837815 -4.411264032496 431.345
1873/05 2024 06 18 09 35 21.728 -1793.286 5475.726 -3617.615 -4.066054627683 -4.248457013870 -4.406677504033 431.355
1873/05 2024 06 18 09 35 22.728 -1797.352 5471.475 -3622.019 -4.064413206495 -4.254759056686 -4.402085398847 431.366
1873/05 2024 06 18 09 35 23.728 -1801.415 5467.217 -3626.419 -4.062767590915 -4.261055958991 -4.397487722786 431.376
1873/05 2024 06 18 09 35 24.728 -1805.477 5462.953 -3630.814 -4.061117782288 -4.267347713520 -4.392884481701 431.386
1873/05 2024 06 18 09 35 25.728 -1809.537 5458.682 -3635.205 -4.059463781965 -4.273634313014 -4.388275681453 431.397
1873/05 2024 06 18 09 35 26.728 -1813.596 5454.405 -3639.590 -4.057805591300 -4.279915750220 -4.383661327908 431.407
1873/05 2024 06 18 09 35 27.728 -1817.653 5450.122 -3643.972 -4.056143211650 -4.286192017892 -4.379041426940 431.417
1873/05 2024 06 18 09 35 28.728 -1821.708 5445.833 -3648.349 -4.054476644379 -4.292463108791 -4.374415984428 431.428
1873/05 2024 06 18 09 35 29.728 -1825.762 5441.537 -3652.721 -4.052805890852 -4.298729015683 -4.369785006261 431.438
1873/05 2024 06 18 09 35 30.728 -1829.814 5437.236 -3657.088 -4.051130952440 -4.304989731343 -4.365148498332 431.448
1873/05 2024 06 18 09 35 31.728 -1833.864 5432.928 -3661.451 -4.049451830519 -4.311245248550 -4.360506466542 431.458
1873/05 2024 06 18 09 35 32.728 -1837.913 5428.613 -3665.809 -4.047768526466 -4.317495560092 -4.355858916798 431.469
1873/05 2024 06 18 09 35 33.728 -1841.960 5424.293 -3670.163 -4.046081041665 -4.323740658760 -4.351205855016 431.479
1873/05 2024 06 18 09 35 34.728 -1846.005 5419.966 -3674.512 -4.044389377502 -4.329980537355 -4.346547287116 431.489
1873/05 2024 06 18 09 35 35.728 -1850.049 5415.633 -3678.856 -4.042693535369 -4.336215188683 -4.341883219026 431.499
1873/05 2024 06 18 09 35 36.728 -1854.090 5411.293 -3683.195 -4.040993516660 -4.342444605557 -4.337213656681 431.510
1873/05 2024 06 18 09 35 37.728 -1858.131 5406.948 -3687.530 -4.039289322776 -4.348668780796 -4.332538606023 431.520
1873/05 2024 06 18 09 35 38.728 -1862.169 5402.596 -3691.860 -4.037580955120 -4.354887707225 -4.327858073000 431.530
1873/05 2024 06 18 09 35 39.728 -1866.206 5398.238 -3696.186 -4.035868415098 -4.361101377679 -4.323172063567 431.540
1873/05 2024 06 18 09 35 40.728 -1870.241 5393.874 -3700.507 -4.034151704123 -4.367309784994 -4.318480583686 431.550
1873/05 2024 06 18 09 35 41.728 -1874.274 5389.503 -3704.823 -4.032430823610 -4.373512922018 -4.313783639325 431.561
1873/05 2024 06 18 09 35 42.728 -1878.306 5385.127 -3709.134 -4.030705774980 -4.379710781603 -4.309081236461 431.571
1873/05 2024 06 18 09 35 43.728 -1882.335 5380.744 -3713.441 -4.028976559655 -4.385903356607 -4.304373381075 431.581
1873/05 2024 06 18 09 35 44.728 -1886.364 5376.355 -3717.743 -4.027243179064 -4.392090639895 -4.299660079155 431.591
1873/05 2024 06 18 09 35 45.728 -1890.390 5371.960 -3722.040 -4.025505634639 -4.398272624341 -4.294941336697 431.601
1873/05 2024 06 18 09 35 46.728 -1894.415 5367.558 -3726.333 -4.023763927817 -4.404449302823 -4.290217159704 431.612
1873/05 2024 06 18 09 35 47.728 -1898.437 5363.151 -3730.621 -4.022018060036 -4.410620668226 -4.285487554183 431.622
1873/05 2024 06 18 09 35 48.728 -1902.459 5358.737 -3734.904 -4.020268032742 -4.416786713443 -4.280752526152 431.632
1873/05 2024 06 18 09 35 49.728 -1906.478 5354.317 -3739.182 -4.018513847384 -4.422947431372 -4.276012081631 431.642
1873/05 2024 06 18 09 35 50.728 -1910.496 5349.891 -3743.456 -4.016755505412 -4.429102814918 -4.271266226650 431.652
1873/05 2024 06 18 09 35 51.728 -1914.511 5345.459 -3747.725 -4.014993008285 -4.435252856994 -4.266514967244 431.662
1873/05 2024 06 18 09 35 52.728 -1918.526 5341.021 -3751.989 -4.013226357463 -4.441397550519 -4.261758309456 431.672
1873/05 2024 06 18 09 35 53.728 -1922.538 5336.576 -3756.248 -4.011455554410 -4.447536888418 -4.256996259333 431.682
1873/05 2024 06 18 09 35 54.728 -1926.548 5332.126 -3760.503 -4.009680600595 -4.453670863622 -4.252228822932 431.692
1873/05 2024 06 18 09 35 55.728 -1930.557 5327.669 -3764.753 -4.007901497492 -4.459799469072 -4.247456006315 431.703
1873/05 2024 06 18 09 35 56.728 -1934.564 5323.206 -3768.998 -4.006118246576 -4.465922697713 -4.242677815550 431.713
1873/05 2024 06 18 09 35 57.728 -1938.569 5318.737 -3773.238 -4.004330849330 -4.472040542496 -4.237894256712 431.723
1873/05 2024 06 18 09 35 58.728 -1942.573 5314.262 -3777.474 -4.002539307238 -4.478152996382 -4.233105335883 431.733
1873/05 2024 06 18 09 35 59.728 -1946.575 5309.781 -3781.704 -4.000743621790 -4.484260052335 -4.228311059152 431.743
1873/05 2024 06 18 09 36 00.728 -1950.574 5305.293 -3785.930 -3.998943794478 -4.490361703329 -4.223511432614 431.753
1873/05 2024 06 18 09 36 01.728 -1954.572 5300.800 -3790.151 -3.997139826800 -4.496457942342 -4.218706462370 431.763
1873/05 2024 06 18 09 36 02.728 -1958.569 5296.301 -3794.368 -3.995331720258 -4.502548762361 -4.213896154528 431.773
1873/05 2024 06 18 09 36 03.728 -1962.563 5291.795 -3798.579 -3.993519476356 -4.508634156378 -4.209080515203 431.783
1873/05 2024 06 18 09 36 04.728 -1966.556 5287.283 -3802.786 -3.991703096605 -4.514714117394 -4.204259550516 431.793
1873/05 2024 06 18 09 36 05.728 -1970.547 5282.765 -3806.988 -3.989882582518 -4.520788638413 -4.199433266595 431.803
1873/05 2024 06 18 09 36 06.728 -1974.535 5278.242 -3811.185 -3.988057935613 -4.526857712451 -4.194601669574 431.813
1873/05 2024 06 18 09 36 07.728 -1978.523 5273.712 -3815.377 -3.986229157411 -4.532921332525 -4.189764765594 431.823
1873/05 2024 06 18 09 36 08.728 -1982.508 5269.176 -3819.564 -3.984396249438 -4.538979491665 -4.184922560801 431.833
1873/05 2024 06 18 09 36 09.728 -1986.491 5264.634 -3823.747 -3.982559213224 -4.545032182901 -4.180075061351 431.843
1873/05 2024 06 18 09 36 10.728 -1990.473 5260.086 -3827.924 -3.980718050302 -4.551079399276 -4.175222273403 431.853
1873/05 2024 06 18 09 36 11.728 -1994.453 5255.532 -3832.097 -3.978872762212 -4.557121133837 -4.170364203123 431.863
1873/05 2024 06 18 09 36 12.728 -1998.431 5250.972 -3836.265 -3.977023350494 -4.563157379636 -4.165500856686 431.872
1873/05 2024 06 18 09 36 13.728 -2002.407 5246.405 -3840.428 -3.975169816695 -4.569188129736 -4.160632240270 431.882
1873/05 2024 06 18 09 36 14.728 -2006.381 5241.833 -3844.586 -3.973312162365 -4.575213377205 -4.155758360062 431.892
1873/05 2024 06 18 09 36 15.728 -2010.354 5237.255 -3848.740 -3.971450389058 -4.581233115115 -4.150879222254 431.902
1873/05 2024 06 18 09 36 16.728 -2014.324 5232.671 -3852.888 -3.969584498332 -4.587247336550 -4.145994833045 431.912
1873/05 2024 06 18 09 36 17.728 -2018.293 5228.080 -3857.032 -3.967714491749 -4.593256034597 -4.141105198641 431.922
1873/05 2024 06 18 09 36 18.728 -2022.259 5223.484 -3861.170 -3.965840370877 -4.599259202351 -4.136210325253 431.932
1873/05 2024 06 18 09 36 19.728 -2026.224 5218.882 -3865.304 -3.963962137284 -4.605256832915 -4.131310219100 431.942
1873/05 2024 06 18 09 36 20.728 -2030.187 5214.274 -3869.433 -3.962079792546 -4.611248919397 -4.126404886407 431.951
1873/05 2024 06 18 09 36 21.728 -2034.149 5209.659 -3873.557 -3.960193338240 -4.617235454914 -4.121494333403 431.961
1873/05 2024 06 18 09 36 22.728 -2038.108 5205.039 -3877.676 -3.958302775950 -4.623216432588 -4.116578566328 431.971
1873/05 2024 06 18 09 36 23.728 -2042.065 5200.413 -3881.790 -3.956408107262 -4.629191845548 -4.111657591423 431.981
1873/05 2024 06 18 09 36 24.728 -2046.021 5195.781 -3885.899 -3.954509333766 -4.635161686932 -4.106731414941 431.991
1873/05 2024 06 18 09 36 25.728 -2049.974 5191.143 -3890.003 -3.952606457057 -4.641125949883 -4.101800043136 432.001
1873/05 2024 06 18 09 36 26.728 -2053.926 5186.499 -3894.103 -3.950699478733 -4.647084627551 -4.096863482273 432.010
1873/05 2024 06 18 09 36 27.728 -2057.876 5181.848 -3898.197 -3.948788400397 -4.653037713093 -4.091921738619 432.020
1873/05 2024 06 18 09 36 28.728 -2061.823 5177.192 -3902.287 -3.946873223657 -4.658985199674 -4.086974818451 432.030
1873/05 2024 06 18 09 36 29.728 -2065.769 5172.531 -3906.371 -3.944953950121 -4.664927080466 -4.082022728051 432.040
1873/05 2024 06 18 09 36 30.728 -2069.713 5167.863 -3910.451 -3.943030581406 -4.670863348645 -4.077065473706 432.049
1873/05 2024 06 18 09 36 31.728 -2073.655 5163.189 -3914.525 -3.941103119130 -4.676793997399 -4.072103061711 432.059
1873/05 2024 06 18 09 36 32.728 -2077.596 5158.509 -3918.595 -3.939171564915 -4.682719019918 -4.067135498366 432.069
1873/05 2024 06 18 09 36 33.728 -2081.534 5153.823 -3922.660 -3.937235920389 -4.688638409402 -4.062162789980 432.078
1873/05 2024 06 18 09 36 34.728 -2085.470 5149.132 -3926.719 -3.935296187182 -4.694552159056 -4.057184942864 432.088
1873/05 2024 06 18 09 36 35.728 -2089.404 5144.434 -3930.774 -3.933352366929 -4.700460262095 -4.052201963339 432.098
1873/05 2024 06 18 09 36 36.728 -2093.337 5139.731 -3934.824 -3.931404461269 -4.706362711738 -4.047213857730 432.107
1873/05 2024 06 18 09 36 37.728 -2097.267 5135.022 -3938.868 -3.929452471845 -4.712259501213 -4.042220632369 432.117
1873/05 2024 06 18 09 36 38.728 -2101.196 5130.306 -3942.908 -3.927496400304 -4.718150623752 -4.037222293596 432.127
1873/05 2024 06 18 09 36 39.728 -2105.122 5125.585 -3946.943 -3.925536248296 -4.724036072599 -4.032218847753 432.136
1873/05 2024 06 18 09 36 40.728 -2109.047 5120.858 -3950.973 -3.923572017477 -4.729915841000 -4.027210301192 432.146
1873/05 2024 06 18 09 36 41.728 -2112.969 5116.125 -3954.997 -3.921603709505 -4.735789922211 -4.022196660271 432.156
1873/05 2024 06 18 09 36 42.728 -2116.890 5111.387 -3959.017 -3.919631326043 -4.741658309494 -4.017177931351 432.165
1873/05 2024 06 18 09 36 43.728 -2120.809 5106.642 -3963.032 -3.917654868759 -4.747520996118 -4.012154120803 432.175
1873/05 2024 06 18 09 36 44.728 -2124.725 5101.892 -3967.041 -3.915674339323 -4.753377975361 -4.007125235002 432.184
1873/05 2024 06 18 09 36 45.728 -2128.640 5097.135 -3971.046 -3.913689739410 -4.759229240504 -4.002091280330 432.194
1873/05 2024 06 18 09 36 46.728 -2132.553 5092.373 -3975.045 -3.911701070699 -4.765074784839 -3.997052263174 432.204
1873/05 2024 06 18 09 36 47.728 -2136.463 5087.605 -3979.040 -3.909708334874 -4.770914601664 -3.992008189929 432.213
1873/05 2024 06 18 09 36 48.728 -2140.372 5082.831 -3983.029 -3.907711533620 -4.776748684282 -3.986959066995 432.223
1873/05 2024 06 18 09 36 49.728 -2144.279 5078.052 -3987.014 -3.905710668629 -4.782577026006 -3.981904900778 432.232
1873/05 2024 06 18 09 36 50.728 -2148.183 5073.266 -3990.993 -3.903705741597 -4.788399620154 -3.976845697691 432.242
1873/05 2024 06 18 09 36 51.728 -2152.086 5068.475 -3994.968 -3.901696754221 -4.794216460052 -3.971781464152 432.251
1873/05 2024 06 18 09 36 52.728 -2155.987 5063.678 -3998.937 -3.899683708205 -4.800027539033 -3.966712206587 432.261
1873/05 2024 06 18 09 36 53.728 -2159.885 5058.875 -4002.901 -3.897666605256 -4.805832850438 -3.961637931425 432.270
1873/05 2024 06 18 09 36 54.728 -2163.782 5054.066 -4006.860 -3.895645447085 -4.811632387613 -3.956558645105 432.279
1873/05 2024 06 18 09 36 55.728 -2167.677 5049.252 -4010.814 -3.893620235406 -4.817426143912 -3.951474354069 432.289
1873/05 2024 06 18 09 36 56.728 -2171.569 5044.431 -4014.763 -3.891590971939 -4.823214112698 -3.946385064765 432.298
1873/05 2024 06 18 09 36 57.728 -2175.460 5039.605 -4018.707 -3.889557658406 -4.828996287339 -3.941290783650 432.308
1873/05 2024 06 18 09 36 58.728 -2179.348 5034.773 -4022.646 -3.887520296535 -4.834772661211 -3.936191517185 432.317
1873/05 2024 06 18 09 36 59.728 -2183.235 5029.936 -4026.579 -3.885478888055 -4.840543227696 -3.931087271836 432.327
1873/05 2024 06 18 09 37 00.728 -2187.119 5025.092 -4030.508 -3.883433434703 -4.846307980184 -3.925978054078 432.336
1873/05 2024 06 18 09 37 01.728 -2191.002 5020.243 -4034.431 -3.881383938217 -4.852066912073 -3.920863870389 432.345
1873/05 2024 06 18 09 37 02.728 -2194.882 5015.388 -4038.349 -3.879330400339 -4.857820016768 -3.915744727255 432.355
1873/05 2024 06 18 09 37 03.728 -2198.760 5010.527 -4042.263 -3.877272822817 -4.863567287679 -3.910620631168 432.364
1873/05 2024 06 18 09 37 04.728 -2202.637 5005.661 -4046.171 -3.875211207401 -4.869308718225 -3.905491588625 432.373
1873/05 2024 06 18 09 37 05.728 -2206.511 5000.789 -4050.074 -3.873145555845 -4.875044301833 -3.900357606129 432.383
1873/05 2024 06 18 09 37 06.728 -2210.383 4995.911 -4053.971 -3.871075869910 -4.880774031935 -3.895218690191 432.392
1873/05 2024 06 18 09 37 07.728 -2214.253 4991.027 -4057.864 -3.869002151356 -4.886497901972 -3.890074847325 432.401
1873/05 2024 06 18 09 37 08.728 -2218.121 4986.138 -4061.752 -3.866924401952 -4.892215905391 -3.884926084052 432.411
1873/05 2024 06 18 09 37 09.728 -2221.987 4981.243 -4065.634 -3.864842623467 -4.897928035647 -3.879772406901 432.420
1873/05 2024 06 18 09 37 10.728 -2225.851 4976.342 -4069.511 -3.862756817676 -4.903634286202 -3.874613822404 432.429
1873/05 2024 06 18 09 37 11.728 -2229.712 4971.436 -4073.383 -3.860666986358 -4.909334650525 -3.869450337102 432.438
1873/05 2024 06 18 09 37 12.728 -2233.572 4966.523 -4077.250 -3.858573131295 -4.915029122092 -3.864281957538 432.448
1873/05 2024 06 18 09 37 13.728 -2237.430 4961.605 -4081.112 -3.856475254274 -4.920717694387 -3.859108690265 432.457
1873/05 2024 06 18 09 37 14.728 -2241.285 4956.682 -4084.968 -3.854373357085 -4.926400360901 -3.853930541839 432.466
1873/05 2024 06 18 09 37 15.728 -2245.138 4951.753 -4088.820 -3.852267441522 -4.932077115132 -3.848747518824 432.475
1873/05 2024 06 18 09 37 16.728 -2248.990 4946.818 -4092.666 -3.850157509384 -4.937747950586 -3.843559627789 432.484
1873/05 2024 06 18 09 37 17.728 -2252.839 4941.877 -4096.507 -3.848043562474 -4.943412860774 -3.838366875307 432.493
1873/05 2024 06 18 09 37 18.728 -2256.686 4936.931 -4100.342 -3.845925602596 -4.949071839217 -3.833169267961 432.503
1873/05 2024 06 18 09 37 19.728 -2260.530 4931.979 -4104.173 -3.843803631562 -4.954724879442 -3.827966812336 432.512
1873/05 2024 06 18 09 37 20.728 -2264.373 4927.021 -4107.998 -3.841677651186 -4.960371974983 -3.822759515025 432.521
1873/05 2024 06 18 09 37 21.728 -2268.214 4922.058 -4111.819 -3.839547663286 -4.966013119383 -3.817547382627 432.530
1873/05 2024 06 18 09 37 22.728 -2272.052 4917.089 -4115.633 -3.837413669684 -4.971648306190 -3.812330421746 432.539
1873/05 2024 06 18 09 37 23.728 -2275.889 4912.115 -4119.443 -3.835275672205 -4.977277528960 -3.807108638991 432.548
1873/05 2024 06 18 09 37 24.728 -2279.723 4907.135 -4123.248 -3.833133672681 -4.982900781257 -3.801882040979 432.557
1873/05 2024 06 18 09 37 25.728 -2283.555 4902.149 -4127.047 -3.830987672944 -4.988518056652 -3.796650634332 432.566
1873/05 2024 06 18 09 37 26.728 -2287.385 4897.158 -4130.841 -3.828837674833 -4.994129348723 -3.791414425676 432.575
1873/05 2024 06 18 09 37 27.728 -2291.213 4892.161 -4134.630 -3.826683680189 -4.999734651055 -3.786173421646 432.584
1873/05 2024 06 18 09 37 28.728 -2295.038 4887.158 -4138.413 -3.824525690858 -5.005333957242 -3.780927628880 432.593
1873/05 2024 06 18 09 37 29.728 -2298.862 4882.150 -4142.192 -3.822363708690 -5.010927260884 -3.775677054024 432.602
1873/05 2024 06 18 09 37 30.728 -2302.683 4877.137 -4145.965 -3.820197735538 -5.016514555588 -3.770421703728 432.611
1873/05 2024 06 18 09 37 31.728 -2306.502 4872.117 -4149.733 -3.818027773260 -5.022095834969 -3.765161584649 432.620
1873/05 2024 06 18 09 37 32.728 -2310.319 4867.092 -4153.495 -3.815853823717 -5.027671092650 -3.759896703448 432.629
1873/05 2024 06 18 09 37 33.728 -2314.134 4862.062 -4157.252 -3.813675888775 -5.033240322259 -3.754627066795 432.638
1873/05 2024 06 18 09 37 34.728 -2317.946 4857.026 -4161.004 -3.811493970303 -5.038803517434 -3.749352681363 432.647
1873/05 2024 06 18 09 37 35.728 -2321.757 4851.984 -4164.751 -3.809308070173 -5.044360671819 -3.744073553832 432.656
1873/05 2024 06 18 09 37 36.728 -2325.565 4846.937 -4168.492 -3.807118190265 -5.049911779066 -3.738789690887 432.665
1873/05 2024 06 18 09 37 37.728 -2329.371 4841.884 -4172.229 -3.804924332457 -5.055456832834 -3.733501099218 432.674
1873/05 2024 06 18 09 37 38.728 -2333.175 4836.826 -4175.959 -3.802726498637 -5.060995826788 -3.728207785523 432.682
1873/05 2024 06 18 09 37 39.728 -2336.976 4831.762 -4179.685 -3.800524690691 -5.066528754604 -3.722909756505 432.691
1873/05 2024 06 18 09 37 40.728 -2340.776 4826.693 -4183.405 -3.798318910514 -5.072055609962 -3.717607018870 432.700
1873/05 2024 06 18 09 37 41.728 -2344.573 4821.618 -4187.120 -3.796109160001 -5.077576386551 -3.712299579334 432.709
1873/05 2024 06 18 09 37 42.728 -2348.368 4816.538 -4190.830 -3.793895441055 -5.083091078066 -3.706987444616 432.718
1873/05 2024 06 18 09 37 43.728 -2352.161 4811.452 -4194.534 -3.791677755578 -5.088599678212 -3.701670621441 432.727
1873/05 2024 06 18 09 37 44.728 -2355.951 4806.361 -4198.233 -3.789456105481 -5.094102180699 -3.696349116539 432.735
1873/05 2024 06 18 09 37 45.728 -2359.740 4801.264 -4201.927 -3.787230492674 -5.099598579245 -3.691022936648 432.744
1873/05 2024 06 18 09 37 46.728 -2363.526 4796.162 -4205.615 -3.785000919075 -5.105088867576 -3.685692088510 432.753
1873/05 2024 06 18 09 37 47.728 -2367.310 4791.054 -4209.298 -3.782767386604 -5.110573039426 -3.680356578873 432.761
1873/05 2024 06 18 09 37 48.728 -2371.091 4785.940 -4212.976 -3.780529897185 -5.116051088534 -3.675016414489 432.770
1873/05 2024 06 18 09 37 49.728 -2374.871 4780.822 -4216.648 -3.778288452746 -5.121523008649 -3.669671602119 432.779
1873/05 2024 06 18 09 37 50.728 -2378.648 4775.697 -4220.315 -3.776043055219 -5.126988793526 -3.664322148527 432.788
1873/05 2024 06 18 09 37 51.728 -2382.423 4770.568 -4223.977 -3.773793706539 -5.132448436928 -3.658968060483 432.796
1873/05 2024 06 18 09 37 52.728 -2386.196 4765.433 -4227.633 -3.771540408648 -5.137901932625 -3.653609344763 432.805
1873/05 2024 06 18 09 37 53.728 -2389.966 4760.292 -4231.284 -3.769283163487 -5.143349274396 -3.648246008150 432.813
1873/05 2024 06 18 09 37 54.728 -2393.734 4755.146 -4234.930 -3.767021973005 -5.148790456026 -3.642878057429 432.822
1873/05 2024 06 18 09 37 55.728 -2397.500 4749.994 -4238.570 -3.764756839154 -5.154225471307 -3.637505499394 432.831
1873/05 2024 06 18 09 37 56.728 -2401.264 4744.837 -4242.205 -3.762487763888 -5.159654314039 -3.632128340843 432.839
1873/05 2024 06 18 09 37 57.728 -2405.025 4739.675 -4245.834 -3.760214749167 -5.165076978032 -3.626746588580 432.848
1873/05 2024 06 18 09 37 58.728 -2408.784 4734.507 -4249.458 -3.757937796954 -5.170493457099 -3.621360249414 432.856
1873/05 2024 06 18 09 37 59.728 -2412.541 4729.334 -4253.077 -3.755656909216 -5.175903745063 -3.615969330160 432.865
1873/05 2024 06 18 09 38 00.728 -2416.295 4724.155 -4256.690 -3.753372087924 -5.181307835756 -3.610573837639 432.873
1873/05 2024 06 18 09 38 01.728 -2420.048 4718.971 -4260.298 -3.751083335052 -5.186705723014 -3.605173778677 432.882
1873/05 2024 06 18 09 38 02.728 -2423.798 4713.782 -4263.900 -3.748790652581 -5.192097400683 -3.599769160105 432.890
1873/05 2024 06 18 09 38 03.728 -2427.545 4708.587 -4267.498 -3.746494042491 -5.197482862616 -3.594359988760 432.899
1873/05 2024 06 18 09 38 04.728 -2431.291 4703.387 -4271.089 -3.744193506769 -5.202862102673 -3.588946271485 432.907
1873/05 2024 06 18 09 38 05.728 -2435.034 4698.182 -4274.675 -3.741889047407 -5.208235114722 -3.583528015127 432.916
1873/05 2024 06 18 09 38 06.728 -2438.774 4692.971 -4278.256 -3.739580666397 -5.213601892639 -3.578105226542 432.924
1873/05 2024 06 18 09 38 07.728 -2442.513 4687.754 -4281.832 -3.737268365739 -5.218962430306 -3.572677912586 432.933
1873/05 2024 06 18 09 38 08.728 -2446.249 4682.533 -4285.402 -3.734952147433 -5.224316721615 -3.567246080125 432.941
1873/05 2024 06 18 09 38 09.728 -2449.983 4677.306 -4288.966 -3.732632013487 -5.229664760462 -3.561809736030 432.949
1873/05 2024 06 18 09 38 10.728 -2453.714 4672.073 -4292.525 -3.730307965909 -5.235006540755 -3.556368887174 432.958
1873/05 2024 06 18 09 38 11.728 -2457.443 4666.836 -4296.079 -3.727980006713 -5.240342056405 -3.550923540439 432.966
1873/05 2024 06 18 09 38 12.728 -2461.170 4661.593 -4299.627 -3.725648137917 -5.245671301335 -3.545473702711 432.974
1873/05 2024 06 18 09 38 13.728 -2464.895 4656.344 -4303.170 -3.723312361542 -5.250994269472 -3.540019380883 432.983
1873/05 2024 06 18 09 38 14.728 -2468.617 4651.091 -4306.707 -3.720972679614 -5.256310954752 -3.534560581850 432.991
1873/05 2024 06 18 09 38 15.728 -2472.336 4645.832 -4310.239 -3.718629094160 -5.261621351120 -3.529097312516 432.999
1873/05 2024 06 18 09 38 16.728 -2476.054 4640.567 -4313.765 -3.716281607215 -5.266925452525 -3.523629579789 433.007
1873/05 2024 06 18 09 38 17.728 -2479.769 4635.298 -4317.286 -3.713930220815 -5.272223252927 -3.518157390581 433.016
1873/05 2024 06 18 09 38 18.728 -2483.482 4630.023 -4320.802 -3.711574937000 -5.277514746293 -3.512680751812 433.024
1873/05 2024 06 18 09 38 19.728 -2487.192 4624.743 -4324.312 -3.709215757815 -5.282799926595 -3.507199670405 433.032
1873/05 2024 06 18 09 38 20.728 -2490.900 4619.457 -4327.816 -3.706852685309 -5.288078787817 -3.501714153291 433.040
1873/05 2024 06 18 09 38 21.728 -2494.606 4614.167 -4331.315 -3.704485721534 -5.293351323947 -3.496224207403 433.048
1873/05 2024 06 18 09 38 22.728 -2498.309 4608.871 -4334.808 -3.702114868545 -5.298617528981 -3.490729839682 433.057
1873/05 2024 06 18 09 38 23.728 -2502.010 4603.569 -4338.296 -3.699740128403 -5.303877396925 -3.485231057074 433.065
1873/05 2024 06 18 09 38 24.728 -2505.709 4598.263 -4341.779 -3.697361503172 -5.309130921791 -3.479727866530 433.073
1873/05 2024 06 18 09 38 25.728 -2509.405 4592.951 -4345.256 -3.694978994918 -5.314378097599 -3.474220275005 433.081
1873/05 2024 06 18 09 38 26.728 -2513.099 4587.634 -4348.727 -3.692592605715 -5.319618918375 -3.468708289461 433.089
1873/05 2024 06 18 09 38 27.728 -2516.790 4582.312 -4352.193 -3.690202337636 -5.324853378155 -3.463191916865 433.097
1873/05 2024 06 18 09 38 28.728 -2520.479 4576.984 -4355.654 -3.687808192761 -5.330081470982 -3.457671164190 433.105
1873/05 2024 06 18 09 38 29.728 -2524.166 4571.652 -4359.109 -3.685410173173 -5.335303190907 -3.452146038411 433.113
1873/05 2024 06 18 09 38 30.728 -2527.850 4566.314 -4362.558 -3.683008280959 -5.340518531987 -3.446616546514 433.121
1873/05 2024 06 18 09 38 31.728 -2531.532 4560.971 -4366.002 -3.680602518210 -5.345727488288 -3.441082695484 433.129
1873/05 2024 06 18 09 38 32.728 -2535.211 4555.622 -4369.440 -3.678192887020 -5.350930053883 -3.435544492316 433.137
1873/05 2024 06 18 09 38 33.728 -2538.888 4550.269 -4372.873 -3.675779389487 -5.356126222855 -3.430001944008 433.145
1873/05 2024 06 18 09 38 34.728 -2542.563 4544.910 -4376.300 -3.673362027714 -5.361315989291 -3.424455057563 433.153
1873/05 2024 06 18 09 38 35.728 -2546.235 4539.546 -4379.722 -3.670940803807 -5.366499347288 -3.418903839992 433.161
1873/05 2024 06 18 09 38 36.728 -2549.905 4534.177 -4383.138 -3.668515719876 -5.371676290951 -3.413348298307 433.169
1873/05 2024 06 18 09 38 37.728 -2553.572 4528.803 -4386.549 -3.666086778033 -5.376846814392 -3.407788439530 433.177
1873/05 2024 06 18 09 38 38.728 -2557.237 4523.424 -4389.954 -3.663653980398 -5.382010911730 -3.402224270684 433.184
1873/05 2024 06 18 09 38 39.728 -2560.899 4518.039 -4393.353 -3.661217329091 -5.387168577093 -3.396655798799 433.192
1873/05 2024 06 18 09 38 40.728 -2564.559 4512.649 -4396.747 -3.658776826237 -5.392319804616 -3.391083030910 433.200
1873/05 2024 06 18 09 38 41.728 -2568.217 4507.254 -4400.135 -3.656332473966 -5.397464588442 -3.385505974059 433.208
1873/05 2024 06 18 09 38 42.728 -2571.872 4501.854 -4403.518 -3.653884274410 -5.402602922721 -3.379924635289 433.216
1873/05 2024 06 18 09 38 43.728 -2575.524 4496.449 -4406.895 -3.651432229706 -5.407734801612 -3.374339021653 433.223
1873/05 2024 06 18 09 38 44.728 -2579.175 4491.039 -4410.267 -3.648976341995 -5.412860219281 -3.368749140206 433.231
1873/05 2024 06 18 09 38 45.728 -2582.822 4485.623 -4413.633 -3.646516613420 -5.417979169903 -3.363154998009 433.239
1873/05 2024 06 18 09 38 46.728 -2586.468 4480.203 -4416.993 -3.644053046129 -5.423091647658 -3.357556602129 433.247
1873/05 2024 06 18 09 38 47.728 -2590.110 4474.777 -4420.348 -3.641585642276 -5.428197646736 -3.351953959636 433.254
1873/05 2024 06 18 09 38 48.728 -2593.751 4469.346 -4423.697 -3.639114404015 -5.433297161334 -3.346347077607 433.262
1873/05 2024 06 18 09 38 49.728 -2597.389 4463.911 -4427.040 -3.636639333506 -5.438390185658 -3.340735963125 433.270
1873/05 2024 06 18 09 38 50.728 -2601.024 4458.470 -4430.378 -3.634160432913 -5.443476713920 -3.335120623275 433.277
1873/05 2024 06 18 09 38 51.728 -2604.657 4453.024 -4433.711 -3.631677704402 -5.448556740341 -3.329501065149 433.285
1873/05 2024 06 18 09 38 52.728 -2608.287 4447.573 -4437.037 -3.629191150145 -5.453630259149 -3.323877295845 433.293
1873/05 2024 06 18 09 38 53.728 -2611.915 4442.116 -4440.358 -3.626700772316 -5.458697264580 -3.318249322465 433.300
1873/05 2024 06 18 09 38 54.728 -2615.541 4436.655 -4443.674 -3.624206573094 -5.463757750879 -3.312617152116 433.308
1873/05 2024 06 18 09 38 55.728 -2619.164 4431.189 -4446.984 -3.621708554662 -5.468811712296 -3.306980791910 433.315
1873/05 2024 06 18 09 38 56.728 -2622.784 4425.718 -4450.288 -3.619206719205 -5.473859143093 -3.301340248965 433.323
1873/05 2024 06 18 09 38 57.728 -2626.402 4420.241 -4453.586 -3.616701068913 -5.478900037535 -3.295695530402 433.330
1873/05 2024 06 18 09 38 58.728 -2630.018 4414.760 -4456.879 -3.614191605981 -5.483934389900 -3.290046643351 433.338
1873/05 2024 06 18 09 38 59.728 -2633.631 4409.273 -4460.166 -3.611678332606 -5.488962194468 -3.284393594942 433.345
1873/05 2024 06 18 09 39 00.728 -2637.241 4403.782 -4463.448 -3.609161250990 -5.493983445533 -3.278736392314 433.353
1873/05 2024 06 18 09 39 01.728 -2640.849 4398.285 -4466.724 -3.606640363337 -5.498998137391 -3.273075042610 433.360
1873/05 2024 06 18 09 39 02.728 -2644.454 4392.784 -4469.994 -3.604115671856 -5.504006264351 -3.267409552976 433.368
1873/05 2024 06 18 09 39 03.728 -2648.057 4387.277 -4473.259 -3.601587178761 -5.509007820726 -3.261739930566 433.375
1873/05 2024 06 18 09 39 04.728 -2651.657 4381.766 -4476.518 -3.599054886267 -5.514002800839 -3.256066182538 433.382
1873/05 2024 06 18 09 39 05.728 -2655.255 4376.249 -4479.771 -3.596518796596 -5.518991199021 -3.250388316054 433.390
1873/05 2024 06 18 09 39 06.728 -2658.851 4370.728 -4483.018 -3.593978911971 -5.523973009608 -3.244706338281 433.397
1873/05 2024 06 18 09 39 07.728 -2662.443 4365.201 -4486.260 -3.591435234621 -5.528948226949 -3.239020256394 433.404
1873/05 2024 06 18 09 39 08.728 -2666.033 4359.670 -4489.496 -3.588887766776 -5.533916845395 -3.233330077568 433.412
1873/05 2024 06 18 09 39 09.728 -2669.621 4354.134 -4492.727 -3.586336510673 -5.538878859309 -3.227635808987 433.419
1873/05 2024 06 18 09 39 10.728 -2673.206 4348.592 -4495.952 -3.583781468551 -5.543834263061 -3.221937457839 433.426
1873/05 2024 06 18 09 39 11.728 -2676.789 4343.046 -4499.171 -3.581222642652 -5.548783051029 -3.216235031316 433.433
1873/05 2024 06 18 09 39 12.728 -2680.369 4337.495 -4502.384 -3.578660035224 -5.553725217597 -3.210528536615 433.440
1873/05 2024 06 18 09 39 13.728 -2683.946 4331.938 -4505.592 -3.576093648517 -5.558660757159 -3.204817980939 433.448
1873/05 2024 06 18 09 39 14.728 -2687.521 4326.377 -4508.794 -3.573523484786 -5.563589664117 -3.199103371496 433.455
1873/05 2024 06 18 09 39 15.728 -2691.093 4320.811 -4511.990 -3.570949546288 -5.568511932880 -3.193384715498 433.462
1873/05 2024 06 18 09 39 16.728 -2694.663 4315.240 -4515.180 -3.568371835286 -5.573427557865 -3.187662020161 433.469
1873/05 2024 06 18 09 39 17.728 -2698.230 4309.664 -4518.365 -3.565790354045 -5.578336533497 -3.181935292708 433.476
1873/05 2024 06 18 09 39 18.728 -2701.794 4304.084 -4521.544 -3.563205104835 -5.583238854210 -3.176204540367 433.483
1873/05 2024 06 18 09 39 19.728 -2705.356 4298.498 -4524.718 -3.560616089928 -5.588134514443 -3.170469770368 433.490
1873/05 2024 06 18 09 39 20.728 -2708.915 4292.907 -4527.885 -3.558023311603 -5.593023508647 -3.164730989950 433.497
1873/05 2024 06 18 09 39 21.728 -2712.472 4287.312 -4531.047 -3.555426772139 -5.597905831278 -3.158988206353 433.504
1873/05 2024 06 18 09 39 22.728 -2716.026 4281.712 -4534.203 -3.552826473821 -5.602781476801 -3.153241426824 433.511
1873/05 2024 06 18 09 39 23.728 -2719.578 4276.106 -4537.354 -3.550222418937 -5.607650439690 -3.147490658614 433.518
1873/05 2024 06 18 09 39 24.728 -2723.127 4270.496 -4540.498 -3.547614609780 -5.612512714424 -3.141735908980 433.525
1873/05 2024 06 18 09 39 25.728 -2726.673 4264.881 -4543.637 -3.545003048645 -5.617368295492 -3.135977185183 433.532
1873/05 2024 06 18 09 39 26.728 -2730.217 4259.261 -4546.770 -3.542387737832 -5.622217177393 -3.130214494489 433.539
1873/05 2024 06 18 09 39 27.728 -2733.758 4253.637 -4549.898 -3.539768679643 -5.627059354629 -3.124447844168 433.546
1873/05 2024 06 18 09 39 28.728 -2737.296 4248.007 -4553.019 -3.537145876387 -5.631894821715 -3.118677241497 433.553
1873/05 2024 06 18 09 39 29.728 -2740.832 4242.373 -4556.135 -3.534519330373 -5.636723573170 -3.112902693755 433.560
1873/05 2024 06 18 09 39 30.728 -2744.365 4236.734 -4559.245 -3.531889043916 -5.641545603525 -3.107124208227 433.567
1873/05 2024 06 18 09 39 31.728 -2747.896 4231.090 -4562.349 -3.529255019335 -5.646360907315 -3.101341792204 433.574
1873/05 2024 06 18 09 39 32.728 -2751.424 4225.441 -4565.448 -3.526617258951 -5.651169479085 -3.095555452981 433.580
1873/05 2024 06 18 09 39 33.728 -2754.949 4219.788 -4568.540 -3.523975765091 -5.655971313389 -3.089765197856 433.587
1873/05 2024 06 18 09 39 34.728 -2758.472 4214.129 -4571.627 -3.521330540083 -5.660766404787 -3.083971034135 433.594
1873/05 2024 06 18 09 39 35.728 -2761.992 4208.466 -4574.708 -3.518681586261 -5.665554747849 -3.078172969126 433.601
1873/05 2024 06 18 09 39 36.728 -2765.509 4202.798 -4577.783 -3.516028905963 -5.670336337151 -3.072371010143 433.607
1873/05 2024 06 18 09 39 37.728 -2769.024 4197.125 -4580.853 -3.513372501527 -5.675111167278 -3.066565164505 433.614
1873/05 2024 06 18 09 39 38.728 -2772.536 4191.448 -4583.917 -3.510712375300 -5.679879232824 -3.060755439534 433.621
1873/05 2024 06 18 09 39 39.728 -2776.045 4185.766 -4586.974 -3.508048529629 -5.684640528390 -3.054941842560 433.627
1873/05 2024 06 18 09 39 40.728 -2779.552 4180.079 -4590.026 -3.505380966867 -5.689395048584 -3.049124380915 433.634
1873/05 2024 06 18 09 39 41.728 -2783.056 4174.387 -4593.073 -3.502709689368 -5.694142788025 -3.043303061935 433.641
1873/05 2024 06 18 09 39 42.728 -2786.557 4168.690 -4596.113 -3.500034699492 -5.698883741338 -3.037477892964 433.647
1873/05 2024 06 18 09 39 43.728 -2790.056 4162.989 -4599.148 -3.497355999602 -5.703617903156 -3.031648881348 433.654
1873/05 2024 06 18 09 39 44.728 -2793.552 4157.283 -4602.176 -3.494673592066 -5.708345268120 -3.025816034439 433.660
1873/05 2024 06 18 09 39 45.728 -2797.045 4151.572 -4605.199 -3.491987479253 -5.713065830881 -3.019979359593 433.667
1873/05 2024 06 18 09 39 46.728 -2800.536 4145.857 -4608.216 -3.489297663537 -5.717779586096 -3.014138864171 433.673
1873/05 2024 06 18 09 39 47.728 -2804.024 4140.137 -4611.228 -3.486604147298 -5.722486528432 -3.008294555538 433.680
1873/05 2024 06 18 09 39 48.728 -2807.509 4134.412 -4614.233 -3.483906932916 -5.727186652561 -3.002446441064 433.686
1873/05 2024 06 18 09 39 49.728 -2810.992 4128.682 -4617.232 -3.481206022777 -5.731879953167 -2.996594528125 433.693
1873/05 2024 06 18 09 39 50.728 -2814.472 4122.948 -4620.226 -3.478501419270 -5.736566424939 -2.990738824100 433.699
1873/05 2024 06 18 09 39 51.728 -2817.949 4117.209 -4623.214 -3.475793124788 -5.741246062576 -2.984879336372 433.705
1873/05 2024 06 18 09 39 52.728 -2821.423 4111.466 -4626.196 -3.473081141727 -5.745918860784 -2.979016072331 433.712
1873/05 2024 06 18 09 39 53.728 -2824.895 4105.718 -4629.172 -3.470365472488 -5.750584814279 -2.973149039370 433.718
1873/05 2024 06 18 09 39 54.728 -2828.364 4099.965 -4632.142 -3.467646119474 -5.755243917782 -2.967278244887 433.724
1873/05 2024 06 18 09 39 55.728 -2831.830 4094.207 -4635.107 -3.464923085094 -5.759896166025 -2.961403696285 433.731
1873/05 2024 06 18 09 39 56.728 -2835.294 4088.445 -4638.065 -3.462196371758 -5.764541553747 -2.955525400969 433.737
1873/05 2024 06 18 09 39 57.728 -2838.755 4082.678 -4641.018 -3.459465981882 -5.769180075694 -2.949643366353 433.743
1873/05 2024 06 18 09 39 58.728 -2842.213 4076.906 -4643.964 -3.456731917885 -5.773811726624 -2.943757599853 433.749
1873/05 2024 06 18 09 39 59.728 -2845.668 4071.130 -4646.905 -3.453994182188 -5.778436501298 -2.937868108888 433.756
1873/05 2024 06 18 09 40 00.728 -2849.121 4065.350 -4649.840 -3.451252777218 -5.783054394490 -2.931974900885 433.762
1873/05 2024 06 18 09 40 01.728 -2852.571 4059.564 -4652.769 -3.448507705406 -5.787665400979 -2.926077983274 433.768
1873/05 2024 06 18 09 40 02.728 -2856.018 4053.774 -4655.692 -3.445758969184 -5.792269515552 -2.920177363488 433.774
1873/05 2024 06 18 09 40 03.728 -2859.462 4047.980 -4658.609 -3.443006570989 -5.796866733008 -2.914273048967 433.780
1873/05 2024 06 18 09 40 04.728 -2862.904 4042.181 -4661.521 -3.440250513264 -5.801457048149 -2.908365047155 433.786
1873/05 2024 06 18 09 40 05.728 -2866.343 4036.377 -4664.426 -3.437490798451 -5.806040455789 -2.902453365498 433.792
1873/05 2024 06 18 09 40 06.728 -2869.779 4030.568 -4667.326 -3.434727429001 -5.810616950749 -2.896538011451 433.798
1873/05 2024 06 18 09 40 07.728 -2873.212 4024.756 -4670.219 -3.431960407363 -5.815186527858 -2.890618992469 433.805
1873/05 2024 06 18 09 40 08.728 -2876.643 4018.938 -4673.107 -3.429189735995 -5.819749181954 -2.884696316014 433.811
1873/05 2024 06 18 09 40 09.728 -2880.070 4013.116 -4675.989 -3.426415417356 -5.824304907882 -2.878769989553 433.816
1873/05 2024 06 18 09 40 10.728 -2883.495 4007.289 -4678.864 -3.423637453909 -5.828853700497 -2.872840020555 433.822
1873/05 2024 06 18 09 40 11.728 -2886.918 4001.458 -4681.734 -3.420855848119 -5.833395554659 -2.866906416495 433.828
1873/05 2024 06 18 09 40 12.728 -2890.337 3995.623 -4684.598 -3.418070602459 -5.837930465241 -2.860969184853 433.834
1873/05 2024 06 18 09 40 13.728 -2893.754 3989.782 -4687.456 -3.415281719401 -5.842458427119 -2.855028333112 433.840
1873/05 2024 06 18 09 40 14.728 -2897.168 3983.938 -4690.308 -3.412489201424 -5.846979435182 -2.849083868761 433.846
1873/05 2024 06 18 09 40 15.728 -2900.579 3978.089 -4693.154 -3.409693051009 -5.851493484325 -2.843135799292 433.852
1873/05 2024 06 18 09 40 16.728 -2903.987 3972.235 -4695.995 -3.406893270641 -5.856000569451 -2.837184132202 433.858
1873/05 2024 06 18 09 40 17.728 -2907.393 3966.377 -4698.829 -3.404089862809 -5.860500685471 -2.831228874993 433.864
1873/05 2024 06 18 09 40 18.728 -2910.795 3960.514 -4701.657 -3.401282830005 -5.864993827307 -2.825270035170 433.869
1873/05 2024 06 18 09 40 19.728 -2914.195 3954.647 -4704.479 -3.398472174725 -5.869479989885 -2.819307620243 433.875
1873/05 2024 06 18 09 40 20.728 -2917.592 3948.775 -4707.296 -3.395657899469 -5.873959168143 -2.813341637727 433.881
1873/05 2024 06 18 09 40 21.728 -2920.987 3942.899 -4710.106 -3.392840006740 -5.878431357026 -2.807372095142 433.886
1873/05 2024 06 18 09 40 22.728 -2924.378 3937.018 -4712.910 -3.390018499046 -5.882896551487 -2.801399000010 433.892
1873/05 2024 06 18 09 40 23.728 -2927.767 3931.133 -4715.709 -3.387193378897 -5.887354746487 -2.795422359858 433.898
1873/05 2024 06 18 09 40 24.728 -2931.152 3925.243 -4718.501 -3.384364648807 -5.891805936996 -2.789442182220 433.903
1873/05 2024 06 18 09 40 25.728 -2934.535 3919.349 -4721.288 -3.381532311295 -5.896250117993 -2.783458474631 433.909
1873/05 2024 06 18 09 40 26.728 -2937.915 3913.451 -4724.068 -3.378696368882 -5.900687284464 -2.777471244632 433.915
1873/05 2024 06 18 09 40 27.728 -2941.293 3907.548 -4726.843 -3.375856824093 -5.905117431404 -2.771480499768 433.920
1873/05 2024 06 18 09 40 28.728 -2944.667 3901.641 -4729.611 -3.373013679457 -5.909540553815 -2.765486247588 433.926
1873/05 2024 06 18 09 40 29.728 -2948.039 3895.729 -4732.374 -3.370166937508 -5.913956646710 -2.759488495646 433.931
1873/05 2024 06 18 09 40 30.728 -2951.407 3889.813 -4735.130 -3.367316600780 -5.918365705108 -2.753487251499 433.937
1873/05 2024 06 18 09 40 31.728 -2954.773 3883.892 -4737.881 -3.364462671815 -5.922767724038 -2.747482522710 433.942
1873/05 2024 06 18 09 40 32.728 -2958.136 3877.967 -4740.625 -3.361605153155 -5.927162698536 -2.741474316846 433.948
1873/05 2024 06 18 09 40 33.728 -2961.497 3872.038 -4743.363 -3.358744047348 -5.931550623647 -2.735462641476 433.953
1873/05 2024 06 18 09 40 34.728 -2964.854 3866.104 -4746.096 -3.355879356944 -5.935931494424 -2.729447504176 433.958
1873/05 2024 06 18 09 40 35.728 -2968.208 3860.166 -4748.822 -3.353011084498 -5.940305305930 -2.723428912525 433.964
1873/05 2024 06 18 09 40 36.728 -2971.560 3854.223 -4751.543 -3.350139232568 -5.944672053233 -2.717406874107 433.969
1873/05 2024 06 18 09 40 37.728 -2974.909 3848.277 -4754.257 -3.347263803715 -5.949031731414 -2.711381396509 433.974
1873/05 2024 06 18 09 40 38.728 -2978.254 3842.325 -4756.966 -3.344384800505 -5.953384335558 -2.705352487323 433.980
1873/05 2024 06 18 09 40 39.728 -2981.597 3836.370 -4759.668 -3.341502225508 -5.957729860761 -2.699320154145 433.985
1873/05 2024 06 18 09 40 40.728 -2984.937 3830.410 -4762.364 -3.338616081294 -5.962068302126 -2.693284404575 433.990
1873/05 2024 06 18 09 40 41.728 -2988.275 3824.446 -4765.054 -3.335726370441 -5.966399654766 -2.687245246218 433.995
1873/05 2024 06 18 09 40 42.728 -2991.609 3818.477 -4767.739 -3.332833095528 -5.970723913801 -2.681202686683 434.001
1873/05 2024 06 18 09 40 43.728 -2994.940 3812.504 -4770.417 -3.329936259139 -5.975041074360 -2.675156733582 434.006
1873/05 2024 06 18 09 40 44.728 -2998.269 3806.527 -4773.089 -3.327035863861 -5.979351131580 -2.669107394532 434.011
1873/05 2024 06 18 09 40 45.728 -3001.594 3800.545 -4775.755 -3.324131912283 -5.983654080608 -2.663054677155 434.016
1873/05 2024 06 18 09 40 46.728 -3004.917 3794.560 -4778.415 -3.321224407002 -5.987949916597 -2.656998589075 434.021
1873/05 2024 06 18 09 40 47.728 -3008.237 3788.570 -4781.069 -3.318313350614 -5.992238634711 -2.650939137923 434.026
1873/05 2024 06 18 09 40 48.728 -3011.554 3782.575 -4783.717 -3.315398745721 -5.996520230119 -2.644876331332 434.031
1873/05 2024 06 18 09 40 49.728 -3014.868 3776.577 -4786.359 -3.312480594927 -6.000794698003 -2.638810176939 434.036
1873/05 2024 06 18 09 40 50.728 -3018.179 3770.574 -4788.995 -3.309558900843 -6.005062033549 -2.632740682387 434.041
1873/05 2024 06 18 09 40 51.728 -3021.487 3764.566 -4791.624 -3.306633666079 -6.009322231955 -2.626667855320 434.046
1873/05 2024 06 18 09 40 52.728 -3024.792 3758.555 -4794.248 -3.303704893252 -6.013575288425 -2.620591703390 434.051
1873/05 2024 06 18 09 40 53.728 -3028.094 3752.539 -4796.865 -3.300772584981 -6.017821198173 -2.614512234251 434.056
1873/05 2024 06 18 09 40 54.728 -3031.393 3746.519 -4799.477 -3.297836743889 -6.022059956421 -2.608429455559 434.061
1873/05 2024 06 18 09 40 55.728 -3034.690 3740.495 -4802.082 -3.294897372603 -6.026291558398 -2.602343374978 434.066
1873/05 2024 06 18 09 40 56.728 -3037.983 3734.467 -4804.682 -3.291954473754 -6.030515999346 -2.596254000175 434.071
1873/05 2024 06 18 09 40 57.728 -3041.274 3728.434 -4807.275 -3.289008049974 -6.034733274509 -2.590161338818 434.076
1873/05 2024 06 18 09 40 58.728 -3044.561 3722.397 -4809.862 -3.286058103902 -6.038943379145 -2.584065398583 434.080
1873/05 2024 06 18 09 40 59.728 -3047.846 3716.356 -4812.443 -3.283104638178 -6.043146308518 -2.577966187148 434.085
1873/05 2024 06 18 09 41 00.728 -3051.127 3710.311 -4815.018 -3.280147655447 -6.047342057901 -2.571863712195 434.090
1873/05 2024 06 18 09 41 01.728 -3054.406 3704.262 -4817.587 -3.277187158357 -6.051530622576 -2.565757981412 434.095
1873/05 2024 06 18 09 41 02.728 -3057.682 3698.208 -4820.149 -3.274223149561 -6.055711997832 -2.559649002487 434.099
1873/05 2024 06 18 09 41 03.728 -3060.955 3692.150 -4822.706 -3.271255631712 -6.059886178967 -2.553536783116 434.104
1873/05 2024 06 18 09 41 04.728 -3064.224 3686.088 -4825.256 -3.268284607471 -6.064053161290 -2.547421330997 434.109
1873/05 2024 06 18 09 41 05.728 -3067.491 3680.022 -4827.801 -3.265310079499 -6.068212940115 -2.541302653832 434.113
1873/05 2024 06 18 09 41 06.728 -3070.755 3673.952 -4830.339 -3.262332050463 -6.072365510767 -2.535180759327 434.118
1873/05 2024 06 18 09 41 07.728 -3074.016 3667.877 -4832.871 -3.259350523032 -6.076510868578 -2.529055655194 434.122
1873/05 2024 06 18 09 41 08.728 -3077.274 3661.799 -4835.397 -3.256365499879 -6.080649008890 -2.522927349146 434.127
1873/05 2024 06 18 09 41 09.728 -3080.528 3655.716 -4837.917 -3.253376983682 -6.084779927052 -2.516795848901 434.132
1873/05 2024 06 18 09 41 10.728 -3083.780 3649.629 -4840.431 -3.250384977120 -6.088903618424 -2.510661162181 434.136
1873/05 2024 06 18 09 41 11.728 -3087.029 3643.538 -4842.938 -3.247389482877 -6.093020078371 -2.504523296713 434.141
1873/05 2024 06 18 09 41 12.728 -3090.275 3637.443 -4845.440 -3.244390503641 -6.097129302270 -2.498382260226 434.145
1873/05 2024 06 18 09 41 13.728 -3093.518 3631.344 -4847.935 -3.241388042103 -6.101231285504 -2.492238060453 434.149
1873/05 2024 06 18 09 41 14.728 -3096.758 3625.241 -4850.424 -3.238382100957 -6.105326023466 -2.486090705134 434.154
1873/05 2024 06 18 09 41 15.728 -3099.995 3619.133 -4852.907 -3.235372682901 -6.109413511558 -2.479940202008 434.158
1873/05 2024 06 18 09 41 16.728 -3103.229 3613.022 -4855.384 -3.232359790638 -6.113493745190 -2.473786558822 434.162
1873/05 2024 06 18 09 41 17.728 -3106.460 3606.906 -4857.855 -3.229343426871 -6.117566719779 -2.467629783326 434.167
1873/05 2024 06 18 09 41 18.728 -3109.687 3600.787 -4860.319 -3.226323594310 -6.121632430754 -2.461469883271 434.171
1873/05 2024 06 18 09 41 19.728 -3112.912 3594.663 -4862.778 -3.223300295668 -6.125690873549 -2.455306866415 434.175
1873/05 2024 06 18 09 41 20.728 -3116.134 3588.535 -4865.230 -3.220273533659 -6.129742043609 -2.449140740518 434.180
1873/05 2024 06 18 09 41 21.728 -3119.353 3582.404 -4867.676 -3.217243311004 -6.133785936388 -2.442971513347 434.184
1873/05 2024 06 18 09 41 22.728 -3122.568 3576.268 -4870.116 -3.214209630425 -6.137822547347 -2.436799192668 434.188
1873/05 2024 06 18 09 41 23.728 -3125.781 3570.128 -4872.550 -3.211172494648 -6.141851871955 -2.430623786254 434.192
1873/05 2024 06 18 09 41 24.728 -3128.991 3563.984 -4874.977 -3.208131906404 -6.145873905692 -2.424445301881 434.196
1873/05 2024 06 18 09 41 25.728 -3132.197 3557.836 -4877.399 -3.205087868426 -6.149888644046 -2.418263747328 434.200
1873/05 2024 06 18 09 41 26.728 -3135.401 3551.684 -4879.814 -3.202040383451 -6.153896082512 -2.412079130381 434.204
1873/05 2024 06 18 09 41 27.728 -3138.601 3545.528 -4882.223 -3.198989454219 -6.157896216596 -2.405891458825 434.208
1873/05 2024 06 18 09 41 28.728 -3141.799 3539.369 -4884.626 -3.195935083476 -6.161889041811 -2.399700740452 434.212
1873/05 2024 06 18 09 41 29.728 -3144.993 3533.205 -4887.022 -3.192877273967 -6.165874553678 -2.393506983056 434.216
1873/05 2024 06 18 09 41 30.728 -3148.185 3527.037 -4889.413 -3.189816028445 -6.169852747730 -2.387310194437 434.220
1873/05 2024 06 18 09 41 31.728 -3151.373 3520.865 -4891.797 -3.186751349663 -6.173823619505 -2.381110382396 434.224
1873/05 2024 06 18 09 41 32.728 -3154.558 3514.689 -4894.175 -3.183683240381 -6.177787164551 -2.374907554740 434.228
1873/05 2024 06 18 09 41 33.728 -3157.740 3508.509 -4896.547 -3.180611703360 -6.181743378426 -2.368701719277 434.232
1873/05 2024 06 18 09 41 34.728 -3160.919 3502.326 -4898.912 -3.177536741364 -6.185692256694 -2.362492883823 434.236
1873/05 2024 06 18 09 41 35.728 -3164.095 3496.138 -4901.272 -3.174458357163 -6.189633794931 -2.356281056193 434.240
1873/05 2024 06 18 09 41 36.728 -3167.268 3489.946 -4903.625 -3.171376553528 -6.193567988719 -2.350066244209 434.244
1873/05 2024 06 18 09 41 37.728 -3170.438 3483.751 -4905.972 -3.168291333236 -6.197494833650 -2.343848455694 434.248
1873/05 2024 06 18 09 41 38.728 -3173.605 3477.551 -4908.312 -3.165202699066 -6.201414325323 -2.337627698477 434.251
1873/05 2024 06 18 09 41 39.728 -3176.769 3471.348 -4910.647 -3.162110653800 -6.205326459349 -2.331403980390 434.255
1873/05 2024 06 18 09 41 40.728 -3179.929 3465.141 -4912.975 -3.159015200224 -6.209231231344 -2.325177309269 434.259
1873/05 2024 06 18 09 41 41.728 -3183.087 3458.930 -4915.297 -3.155916341128 -6.213128636937 -2.318947692951 434.262
1873/05 2024 06 18 09 41 42.728 -3186.241 3452.714 -4917.613 -3.152814079306 -6.217018671760 -2.312715139279 434.266
1873/05 2024 06 18 09 41 43.728 -3189.392 3446.496 -4919.923 -3.149708417553 -6.220901331459 -2.306479656101 434.270
1873/05 2024 06 18 09 41 44.728 -3192.540 3440.273 -4922.226 -3.146599358671 -6.224776611687 -2.300241251265 434.273
1873/05 2024 06 18 09 41 45.728 -3195.685 3434.046 -4924.523 -3.143486905462 -6.228644508104 -2.293999932625 434.277
1873/05 2024 06 18 09 41 46.728 -3198.827 3427.815 -4926.814 -3.140371060734 -6.232505016381 -2.287755708038 434.280
1873/05 2024 06 18 09 41 47.728 -3201.966 3421.581 -4929.099 -3.137251827298 -6.236358132197 -2.281508585365 434.284
1873/05 2024 06 18 09 41 48.728 -3205.102 3415.343 -4931.377 -3.134129207967 -6.240203851239 -2.275258572469 434.287
1873/05 2024 06 18 09 41 49.728 -3208.234 3409.101 -4933.649 -3.131003205559 -6.244042169204 -2.269005677218 434.291
1873/05 2024 06 18 09 41 50.728 -3211.364 3402.855 -4935.915 -3.127873822896 -6.247873081797 -2.262749907484 434.294
1873/05 2024 06 18 09 41 51.728 -3214.490 3396.605 -4938.175 -3.124741062801 -6.251696584733 -2.256491271141 434.298
1873/05 2024 06 18 09 41 52.728 -3217.613 3390.351 -4940.428 -3.121604928102 -6.255512673733 -2.250229776068 434.301
1873/05 2024 06 18 09 41 53.728 -3220.733 3384.094 -4942.675 -3.118465421632 -6.259321344530 -2.243965430145 434.304
1873/05 2024 06 18 09 41 54.728 -3223.850 3377.833 -4944.916 -3.115322546224 -6.263122592863 -2.237698241259 434.308
1873/05 2024 06 18 09 41 55.728 -3226.964 3371.568 -4947.151 -3.112176304718 -6.266916414482 -2.231428217298 434.311
1873/05 2024 06 18 09 41 56.728 -3230.075 3365.299 -4949.379 -3.109026699955 -6.270702805145 -2.225155366154 434.314
1873/05 2024 06 18 09 41 57.728 -3233.182 3359.026 -4951.601 -3.105873734781 -6.274481760618 -2.218879695723 434.318
1873/05 2024 06 18 09 41 58.728 -3236.286 3352.750 -4953.817 -3.102717412044 -6.278253276676 -2.212601213904 434.321
1873/05 2024 06 18 09 41 59.728 -3239.387 3346.470 -4956.026 -3.099557734596 -6.282017349105 -2.206319928599 434.324
1873/05 2024 06 18 09 42 00.728 -3242.485 3340.186 -4958.229 -3.096394705293 -6.285773973697 -2.200035847715 434.327
1873/05 2024 06 18 09 42 01.728 -3245.580 3333.898 -4960.426 -3.093228326995 -6.289523146254 -2.193748979161 434.330
1873/05 2024 06 18 09 42 02.728 -3248.672 3327.607 -4962.617 -3.090058602564 -6.293264862587 -2.187459330850 434.333
1873/05 2024 06 18 09 42 03.728 -3251.760 3321.312 -4964.801 -3.086885534865 -6.296999118516 -2.181166910698 434.336
1873/05 2024 06 18 09 42 04.728 -3254.846 3315.013 -4966.979 -3.083709126768 -6.300725909868 -2.174871726625 434.339
1873/05 2024 06 18 09 42 05.728 -3257.928 3308.710 -4969.151 -3.080529381147 -6.304445232481 -2.168573786554 434.342
1873/05 2024 06 18 09 42 06.728 -3261.007 3302.404 -4971.316 -3.077346300877 -6.308157082201 -2.162273098410 434.345
1873/05 2024 06 18 09 42 07.728 -3264.083 3296.094 -4973.475 -3.074159888839 -6.311861454882 -2.155969670125 434.348
1873/05 2024 06 18 09 42 08.728 -3267.155 3289.780 -4975.628 -3.070970147915 -6.315558346390 -2.149663509631 434.351
1873/05 2024 06 18 09 42 09.728 -3270.224 3283.463 -4977.775 -3.067777080992 -6.319247752595 -2.143354624865 434.354
1873/05 2024 06 18 09 42 10.728 -3273.291 3277.142 -4979.915 -3.064580690961 -6.322929669380 -2.137043023766 434.357
1873/05 2024 06 18 09 42 11.728 -3276.354 3270.817 -4982.049 -3.061380980714 -6.326604092635 -2.130728714278 434.360
1873/05 2024 06 18 09 42 12.728 -3279.413 3264.488 -4984.176 -3.058177953149 -6.330271018259 -2.124411704347 434.363
1873/05 2024 06 18 09 42 13.728 -3282.470 3258.156 -4986.298 -3.054971611166 -6.333930442159 -2.118092001923 434.366
1873/05 2024 06 18 09 42 14.728 -3285.523 3251.821 -4988.413 -3.051761957669 -6.337582360254 -2.111769614959 434.368
1873/05 2024 06 18 09 42 15.728 -3288.573 3245.481 -4990.521 -3.048548995564 -6.341226768468 -2.105444551412 434.371
1873/05 2024 06 18 09 42 16.728 -3291.620 3239.138 -4992.623 -3.045332727764 -6.344863662736 -2.099116819240 434.374
1873/05 2024 06 18 09 42 17.728 -3294.664 3232.791 -4994.719 -3.042113157181 -6.348493039002 -2.092786426407 434.376
1873/05 2024 06 18 09 42 18.728 -3297.705 3226.441 -4996.809 -3.038890286733 -6.352114893218 -2.086453380880 434.379
1873/05 2024 06 18 09 42 19.728 -3300.742 3220.087 -4998.892 -3.035664119341 -6.355729221345 -2.080117690627 434.382
1873/05 2024 06 18 09 42 20.728 -3303.776 3213.730 -5000.969 -3.032434657929 -6.359336019354 -2.073779363621 434.384
1873/05 2024 06 18 09 42 21.728 -3306.807 3207.369 -5003.040 -3.029201905425 -6.362935283223 -2.067438407838 434.387
1873/05 2024 06 18 09 42 22.728 -3309.834 3201.004 -5005.104 -3.025965864760 -6.366527008941 -2.061094831258 434.389
1873/05 2024 06 18 09 42 23.728 -3312.859 3194.635 -5007.162 -3.022726538868 -6.370111192504 -2.054748641862 434.392
1873/05 2024 06 18 09 42 24.728 -3315.880 3188.264 -5009.214 -3.019483930687 -6.373687829918 -2.048399847635 434.394
1873/05 2024 06 18 09 42 25.728 -3318.898 3181.888 -5011.259 -3.016238043159 -6.377256917198 -2.042048456568 434.397
1873/05 2024 06 18 09 42 26.728 -3321.912 3175.509 -5013.298 -3.012988879229 -6.380818450367 -2.035694476651 434.399
1873/05 2024 06 18 09 42 27.728 -3324.924 3169.126 -5015.330 -3.009736441843 -6.384372425459 -2.029337915880 434.402
1873/05 2024 06 18 09 42 28.728 -3327.932 3162.740 -5017.356 -3.006480733954 -6.387918838513 -2.022978782252 434.404
1873/05 2024 06 18 09 42 29.728 -3330.937 3156.351 -5019.376 -3.003221758517 -6.391457685582 -2.016617083769 434.406
1873/05 2024 06 18 09 42 30.728 -3333.938 3149.957 -5021.390 -2.999959518489 -6.394988962723 -2.010252828436 434.409
1873/05 2024 06 18 09 42 31.728 -3336.937 3143.561 -5023.397 -2.996694016832 -6.398512666006 -2.003886024260 434.411
1873/05 2024 06 18 09 42 32.728 -3339.932 3137.160 -5025.397 -2.993425256512 -6.402028791507 -1.997516679252 434.413
1873/05 2024 06 18 09 42 33.728 -3342.923 3130.757 -5027.392 -2.990153240496 -6.405537335313 -1.991144801425 434.416
1873/05 2024 06 18 09 42 34.728 -3345.912 3124.349 -5029.380 -2.986877971757 -6.409038293519 -1.984770398797 434.418
1873/05 2024 06 18 09 42 35.728 -3348.897 3117.939 -5031.361 -2.983599453269 -6.412531662228 -1.978393479388 434.420
1873/05 2024 06 18 09 42 36.728 -3351.879 3111.524 -5033.336 -2.980317688012 -6.416017437554 -1.972014051220 434.422
1873/05 2024 06 18 09 42 37.728 -3354.858 3105.106 -5035.305 -2.977032678965 -6.419495615618 -1.965632122320 434.424
1873/05 2024 06 18 09 42 38.728 -3357.833 3098.685 -5037.268 -2.973744429116 -6.422966192552 -1.959247700716 434.426
1873/05 2024 06 18 09 42 39.728 -3360.805 3092.261 -5039.224 -2.970452941453 -6.426429164496 -1.952860794442 434.428
1873/05 2024 06 18 09 42 40.728 -3363.774 3085.832 -5041.173 -2.967158218967 -6.429884527597 -1.946471411532 434.430
1873/05 2024 06 18 09 42 41.728 -3366.740 3079.401 -5043.117 -2.963860264653 -6.433332278015 -1.940079560025 434.432
1873/05 2024 06 18 09 42 42.728 -3369.702 3072.966 -5045.054 -2.960559081511 -6.436772411915 -1.933685247962 434.434
1873/05 2024 06 18 09 42 43.728 -3372.661 3066.527 -5046.984 -2.957254672543 -6.440204925474 -1.927288483387 434.436
1873/05 2024 06 18 09 42 44.728 -3375.616 3060.085 -5048.908 -2.953947040753 -6.443629814877 -1.920889274348 434.438
1873/05 2024 06 18 09 42 45.728 -3378.569 3053.640 -5050.826 -2.950636189151 -6.447047076316 -1.914487628894 434.440
1873/05 2024 06 18 09 42 46.728 -3381.518 3047.191 -5052.737 -2.947322120749 -6.450456705995 -1.908083555080 434.442
1873/05 2024 06 18 09 42 47.728 -3384.463 3040.739 -5054.642 -2.944004838561 -6.453858700125 -1.901677060961 434.444
1873/05 2024 06 18 09 42 48.728 -3387.406 3034.284 -5056.540 -2.940684345607 -6.457253054928 -1.895268154596 434.445
1873/05 2024 06 18 09 42 49.728 -3390.345 3027.825 -5058.433 -2.937360644909 -6.460639766632 -1.888856844048 434.447
1873/05 2024 06 18 09 42 50.728 -3393.280 3021.362 -5060.318 -2.934033739493 -6.464018831477 -1.882443137382 434.449
1873/05 2024 06 18 09 42 51.728 -3396.213 3014.897 -5062.197 -2.930703632386 -6.467390245711 -1.876027042665 434.451
1873/05 2024 06 18 09 42 52.728 -3399.142 3008.427 -5064.070 -2.927370326622 -6.470754005589 -1.869608567968 434.452
1873/05 2024 06 18 09 42 53.728 -3402.067 3001.955 -5065.937 -2.924033825235 -6.474110107378 -1.863187721366 434.454
1873/05 2024 06 18 09 42 54.728 -3404.990 2995.479 -5067.797 -2.920694131265 -6.477458547353 -1.856764510934 434.456
1873/05 2024 06 18 09 42 55.728 -3407.909 2989.000 -5069.650 -2.917351247753 -6.480799321797 -1.850338944753 434.457
1873/05 2024 06 18 09 42 56.728 -3410.824 2982.518 -5071.497 -2.914005177745 -6.484132427004 -1.843911030905 434.459
1873/05 2024 06 18 09 42 57.728 -3413.737 2976.032 -5073.338 -2.910655924289 -6.487457859274 -1.837480777475 434.460
1873/05 2024 06 18 09 42 58.728 -3416.646 2969.543 -5075.172 -2.907303490439 -6.490775614919 -1.831048192551 434.462
1873/05 2024 06 18 09 42 59.728 -3419.551 2963.050 -5077.000 -2.903947879248 -6.494085690260 -1.824613284224 434.463
1873/05 2024 06 18 09 43 00.728 -3422.454 2956.555 -5078.821 -2.900589093777 -6.497388081624 -1.818176060588 434.465
1873/05 2024 06 18 09 43 01.728 -3425.353 2950.056 -5080.636 -2.897227137086 -6.500682785349 -1.811736529740 434.466
1873/05 2024 06 18 09 43 02.728 -3428.248 2943.553 -5082.445 -2.893862012241 -6.503969797784 -1.805294699779 434.467
1873/05 2024 06 18 09 43 03.728 -3431.140 2937.048 -5084.247 -2.890493722311 -6.507249115283 -1.798850578807 434.469
1873/05 2024 06 18 09 43 04.728 -3434.029 2930.539 -5086.043 -2.887122270368 -6.510520734212 -1.792404174930 434.470
1873/05 2024 06 18 09 43 05.728 -3436.915 2924.027 -5087.832 -2.883747659487 -6.513784650946 -1.785955496254 434.471
1873/05 2024 06 18 09 43 06.728 -3439.797 2917.511 -5089.615 -2.880369892746 -6.517040861867 -1.779504550892 434.473
1873/05 2024 06 18 09 43 07.728 -3442.675 2910.992 -5091.391 -2.876988973228 -6.520289363368 -1.773051346955 434.474
1873/05 2024 06 18 09 43 08.728 -3445.551 2904.471 -5093.161 -2.873604904018 -6.523530151850 -1.766595892560 434.475
1873/05 2024 06 18 09 43 09.728 -3448.423 2897.945 -5094.924 -2.870217688203 -6.526763223723 -1.760138195826 434.476
1873/05 2024 06 18 09 43 10.728 -3451.291 2891.417 -5096.681 -2.866827328876 -6.529988575408 -1.753678264874 434.477
1873/05 2024 06 18 09 43 11.728 -3454.156 2884.885 -5098.431 -2.863433829132 -6.533206203332 -1.747216107829 434.478
1873/05 2024 06 18 09 43 12.728 -3457.018 2878.351 -5100.175 -2.860037192070 -6.536416103933 -1.740751732818 434.479
1873/05 2024 06 18 09 43 13.728 -3459.876 2871.813 -5101.913 -2.856637420790 -6.539618273659 -1.734285147970 434.480
1873/05 2024 06 18 09 43 14.728 -3462.731 2865.271 -5103.644 -2.853234518398 -6.542812708964 -1.727816361417 434.482
1873/05 2024 06 18 09 43 15.728 -3465.583 2858.727 -5105.369 -2.849828488001 -6.545999406315 -1.721345381295 434.482
1873/05 2024 06 18 09 43 16.728 -3468.431 2852.179 -5107.087 -2.846419332712 -6.549178362183 -1.714872215742 434.483
1873/05 2024 06 18 09 43 17.728 -3471.276 2845.629 -5108.798 -2.843007055645 -6.552349573054 -1.708396872897 434.484
1873/05 2024 06 18 09 43 18.728 -3474.117 2839.075 -5110.503 -2.839591659918 -6.555513035419 -1.701919360904 434.485
1873/05 2024 06 18 09 43 19.728 -3476.955 2832.518 -5112.202 -2.836173148653 -6.558668745779 -1.695439687908 434.486
1873/05 2024 06 18 09 43 20.728 -3479.789 2825.957 -5113.894 -2.832751524973 -6.561816700645 -1.688957862058 434.487
1873/05 2024 06 18 09 43 21.728 -3482.620 2819.394 -5115.580 -2.829326792007 -6.564956896536 -1.682473891504 434.488
1873/05 2024 06 18 09 43 22.728 -3485.448 2812.827 -5117.259 -2.825898952886 -6.568089329981 -1.675987784401 434.489
1873/05 2024 06 18 09 43 23.728 -3488.272 2806.258 -5118.932 -2.822468010745 -6.571213997517 -1.669499548903 434.489
1873/05 2024 06 18 09 43 24.728 -3491.093 2799.685 -5120.598 -2.819033968720 -6.574330895691 -1.663009193170 434.490
1873/05 2024 06 18 09 43 25.728 -3493.910 2793.109 -5122.258 -2.815596829953 -6.577440021060 -1.656516725364 434.491
1873/05 2024 06 18 09 43 26.728 -3496.724 2786.530 -5123.911 -2.812156597588 -6.580541370188 -1.650022153647 434.491
1873/05 2024 06 18 09 43 27.728 -3499.534 2779.948 -5125.558 -2.808713274772 -6.583634939649 -1.643525486186 434.492
1873/05 2024 06 18 09 43 28.728 -3502.341 2773.363 -5127.198 -2.805266864656 -6.586720726027 -1.637026731150 434.493
1873/05 2024 06 18 09 43 29.728 -3505.145 2766.775 -5128.832 -2.801817370394 -6.589798725914 -1.630525896711 434.493
1873/05 2024 06 18 09 43 30.728 -3507.945 2760.183 -5130.459 -2.798364795144 -6.592868935911 -1.624022991043 434.494
1873/05 2024 06 18 09 43 31.728 -3510.742 2753.589 -5132.080 -2.794909142064 -6.595931352630 -1.617518022322 434.494
1873/05 2024 06 18 09 43 32.728 -3513.535 2746.991 -5133.694 -2.791450414320 -6.598985972690 -1.611010998726 434.495
1873/05 2024 06 18 09 43 33.728 -3516.325 2740.391 -5135.302 -2.787988615077 -6.602032792720 -1.604501928439 434.495
1873/05 2024 06 18 09 43 34.728 -3519.111 2733.787 -5136.903 -2.784523747507 -6.605071809358 -1.597990819642 434.495
1873/05 2024 06 18 09 43 35.728 -3521.894 2727.181 -5138.498 -2.781055814782 -6.608103019251 -1.591477680524 434.496
1873/05 2024 06 18 09 43 36.728 -3524.673 2720.571 -5140.086 -2.777584820079 -6.611126419057 -1.584962519273 434.496
1873/05 2024 06 18 09 43 37.728 -3527.449 2713.959 -5141.668 -2.774110766579 -6.614142005439 -1.578445344080 434.497
1873/05 2024 06 18 09 43 38.728 -3530.221 2707.343 -5143.243 -2.770633657463 -6.617149775074 -1.571926163140 434.497
1873/05 2024 06 18 09 43 39.728 -3532.990 2700.724 -5144.812 -2.767153495918 -6.620149724644 -1.565404984648 434.497
1873/05 2024 06 18 09 43 40.728 -3535.755 2694.103 -5146.374 -2.763670285134 -6.623141850843 -1.558881816803 434.497
1873/05 2024 06 18 09 43 41.728 -3538.517 2687.478 -5147.930 -2.760184028304 -6.626126150373 -1.552356667806 434.497
1873/05 2024 06 18 09 43 42.728 -3541.276 2680.850 -5149.479 -2.756694728623 -6.629102619945 -1.545829545861 434.498
1873/05 2024 06 18 09 43 43.728 -3544.031 2674.220 -5151.021 -2.753202389291 -6.632071256280 -1.539300459174 434.498
1873/05 2024 06 18 09 43 44.728 -3546.782 2667.586 -5152.557 -2.749707013510 -6.635032056107 -1.532769415952 434.498
1873/05 2024 06 18 09 43 45.728 -3549.530 2660.950 -5154.087 -2.746208604486 -6.637985016166 -1.526236424408 434.498
1873/05 2024 06 18 09 43 46.728 -3552.275 2654.310 -5155.610 -2.742707165427 -6.640930133203 -1.519701492753 434.498
1873/05 2024 06 18 09 43 47.728 -3555.016 2647.668 -5157.126 -2.739202699546 -6.643867403977 -1.513164629203 434.498
1873/05 2024 06 18 09 43 48.728 -3557.753 2641.022 -5158.636 -2.735695210057 -6.646796825254 -1.506625841976 434.498
1873/05 2024 06 18 09 43 49.728 -3560.487 2634.374 -5160.140 -2.732184700180 -6.649718393809 -1.500085139292 434.498
1873/05 2024 06 18 09 43 50.728 -3563.217 2627.723 -5161.636 -2.728671173136 -6.652632106426 -1.493542529373 434.498
1873/05 2024 06 18 09 43 51.728 -3565.944 2621.069 -5163.127 -2.725154632150 -6.655537959901 -1.486998020444 434.498
1873/05 2024 06 18 09 43 52.728 -3568.668 2614.412 -5164.610 -2.721635080449 -6.658435951036 -1.480451620733 434.498
1873/05 2024 06 18 09 43 53.728 -3571.388 2607.752 -5166.088 -2.718112521266 -6.661326076642 -1.473903338467 434.497
1873/05 2024 06 18 09 43 54.728 -3574.104 2601.089 -5167.558 -2.714586957835 -6.664208333543 -1.467353181880 434.497
1873/05 2024 06 18 09 43 55.728 -3576.817 2594.424 -5169.022 -2.711058393392 -6.667082718567 -1.460801159205 434.497
1873/05 2024 06 18 09 43 56.728 -3579.526 2587.755 -5170.480 -2.707526831180 -6.669949228556 -1.454247278677 434.497
1873/05 2024 06 18 09 43 57.728 -3582.232 2581.084 -5171.931 -2.703992274442 -6.672807860358 -1.447691548536 434.496
1873/05 2024 06 18 09 43 58.728 -3584.934 2574.410 -5173.375 -2.700454726425 -6.675658610832 -1.441133977022 434.496
1873/05 2024 06 18 09 43 59.728 -3587.633 2567.732 -5174.813 -2.696914190380 -6.678501476844 -1.434574572378 434.496
1873/05 2024 06 18 09 44 00.728 -3590.328 2561.053 -5176.244 -2.693370669560 -6.681336455272 -1.428013342849 434.495
1873/05 2024 06 18 09 44 01.728 -3593.019 2554.370 -5177.669 -2.689824167222 -6.684163543002 -1.421450296683 434.495
1873/05 2024 06 18 09 44 02.728 -3595.708 2547.684 -5179.087 -2.686274686627 -6.686982736929 -1.414885442129 434.494
1873/05 2024 06 18 09 44 03.728 -3598.392 2540.996 -5180.499 -2.682722231036 -6.689794033956 -1.408318787438 434.494
1873/05 2024 06 18 09 44 04.728 -3601.073 2534.305 -5181.904 -2.679166803717 -6.692597430999 -1.401750340865 434.493
1873/05 2024 06 18 09 44 05.728 -3603.750 2527.611 -5183.302 -2.675608407938 -6.695392924978 -1.395180110665 434.493
1873/05 2024 06 18 09 44 06.728 -3606.424 2520.914 -5184.694 -2.672047046974 -6.698180512827 -1.388608105098 434.492
1873/05 2024 06 18 09 44 07.728 -3609.094 2514.214 -5186.080 -2.668482724098 -6.700960191486 -1.382034332423 434.492
1873/05 2024 06 18 09 44 08.728 -3611.761 2507.512 -5187.458 -2.664915442591 -6.703731957907 -1.375458800903 434.491
1873/05 2024 06 18 09 44 09.728 -3614.424 2500.807 -5188.830 -2.661345205733 -6.706495809048 -1.368881518802 434.490
1873/05 2024 06 18 09 44 10.728 -3617.084 2494.099 -5190.196 -2.657772016812 -6.709251741879 -1.362302494388 434.490
1873/05 2024 06 18 09 44 11.728 -3619.740 2487.388 -5191.555 -2.654195879114 -6.711999753378 -1.355721735930 434.489
1873/05 2024 06 18 09 44 12.728 -3622.392 2480.675 -5192.907 -2.650616795933 -6.714739840532 -1.349139251698 434.488
1873/05 2024 06 18 09 44 13.728 -3625.041 2473.959 -5194.253 -2.647034770561 -6.717472000337 -1.342555049966 434.487
1873/05 2024 06 18 09 44 14.728 -3627.686 2467.240 -5195.593 -2.643449806298 -6.720196229801 -1.335969139009 434.486
1873/05 2024 06 18 09 44 15.728 -3630.328 2460.518 -5196.925 -2.639861906444 -6.722912525937 -1.329381527104 434.486
1873/05 2024 06 18 09 44 16.728 -3632.966 2453.794 -5198.251 -2.636271074303 -6.725620885771 -1.322792222531 434.485
1873/05 2024 06 18 09 44 17.728 -3635.600 2447.067 -5199.571 -2.632677313183 -6.728321306335 -1.316201233571 434.484
1873/05 2024 06 18 09 44 18.728 -3638.231 2440.338 -5200.884 -2.629080626395 -6.731013784673 -1.309608568508 434.483
1873/05 2024 06 18 09 44 19.728 -3640.859 2433.605 -5202.190 -2.625481017251 -6.733698317837 -1.303014235627 434.482
1873/05 2024 06 18 09 44 20.728 -3643.482 2426.870 -5203.490 -2.621878489069 -6.736374902888 -1.296418243216 434.481
1873/05 2024 06 18 09 44 21.728 -3646.102 2420.132 -5204.783 -2.618273045168 -6.739043536898 -1.289820599564 434.480
1873/05 2024 06 18 09 44 22.728 -3648.719 2413.392 -5206.069 -2.614664688871 -6.741704216945 -1.283221312963 434.479
1873/05 2024 06 18 09 44 23.728 -3651.332 2406.649 -5207.349 -2.611053423505 -6.744356940119 -1.276620391707 434.478
1873/05 2024 06 18 09 44 24.728 -3653.941 2399.903 -5208.623 -2.607439252399 -6.747001703518 -1.270017844091 434.476
1873/05 2024 06 18 09 44 25.728 -3656.547 2393.155 -5209.889 -2.603822178886 -6.749638504251 -1.263413678413 434.475
1873/05 2024 06 18 09 44 26.728 -3659.149 2386.404 -5211.149 -2.600202206300 -6.752267339434 -1.256807902972 434.474
1873/05 2024 06 18 09 44 27.728 -3661.747 2379.651 -5212.403 -2.596579337980 -6.754888206193 -1.250200526070 434.473
1873/05 2024 06 18 09 44 28.728 -3664.342 2372.894 -5213.650 -2.592953577268 -6.757501101665 -1.243591556011 434.472
1873/05 2024 06 18 09 44 29.728 -3666.933 2366.136 -5214.890 -2.589324927509 -6.760106022993 -1.236981001099 434.470
1873/05 2024 06 18 09 44 30.728 -3669.520 2359.374 -5216.124 -2.585693392052 -6.762702967332 -1.230368869642 434.469
1873/05 2024 06 18 09 44 31.728 -3672.104 2352.610 -5217.351 -2.582058974246 -6.765291931846 -1.223755169949 434.467
1873/05 2024 06 18 09 44 32.728 -3674.685 2345.844 -5218.571 -2.578421677446 -6.767872913706 -1.217139910332 434.466
1873/05 2024 06 18 09 44 33.728 -3677.261 2339.074 -5219.785 -2.574781505010 -6.770445910096 -1.210523099104 434.465
1873/05 2024 06 18 09 44 34.728 -3679.834 2332.303 -5220.992 -2.571138460298 -6.773010918206 -1.203904744579 434.463
1873/05 2024 06 18 09 44 35.728 -3682.403 2325.528 -5222.193 -2.567492546674 -6.775567935236 -1.197284855075 434.462
1873/05 2024 06 18 09 44 36.728 -3684.969 2318.752 -5223.387 -2.563843767503 -6.778116958398 -1.190663438909 434.460
1873/05 2024 06 18 09 44 37.728 -3687.531 2311.972 -5224.574 -2.560192126156 -6.780657984909 -1.184040504404 434.459
1873/05 2024 06 18 09 44 38.728 -3690.089 2305.190 -5225.755 -2.556537626006 -6.783191011998 -1.177416059881 434.457
1873/05 2024 06 18 09 44 39.728 -3692.644 2298.406 -5226.929 -2.552880270428 -6.785716036904 -1.170790113664 434.455
1873/05 2024 06 18 09 44 40.728 -3695.195 2291.619 -5228.097 -2.549220062801 -6.788233056872 -1.164162674080 434.454
1873/05 2024 06 18 09 44 41.728 -3697.743 2284.829 -5229.257 -2.545557006508 -6.790742069160 -1.157533749456 434.452
1873/05 2024 06 18 09 44 42.728 -3700.286 2278.037 -5230.412 -2.541891104934 -6.793243071033 -1.150903348123 434.450
1873/05 2024 06 18 09 44 43.728 -3702.826 2271.243 -5231.559 -2.538222361467 -6.795736059766 -1.144271478411 434.449
1873/05 2024 06 18 09 44 44.728 -3705.363 2264.446 -5232.700 -2.534550779498 -6.798221032644 -1.137638148655 434.447
1873/05 2024 06 18 09 44 45.728 -3707.896 2257.646 -5233.835 -2.530876362421 -6.800697986959 -1.131003367190 434.445
1873/05 2024 06 18 09 44 46.728 -3710.425 2250.844 -5234.962 -2.527199113635 -6.803166920015 -1.124367142352 434.443
1873/05 2024 06 18 09 44 47.728 -3712.950 2244.040 -5236.083 -2.523519036539 -6.805627829125 -1.117729482480 434.441
1873/05 2024 06 18 09 44 48.728 -3715.472 2237.233 -5237.198 -2.519836134538 -6.808080711609 -1.111090395914 434.439
1873/05 2024 06 18 09 44 49.728 -3717.990 2230.424 -5238.305 -2.516150411037 -6.810525564800 -1.104449890997 434.437
1873/05 2024 06 18 09 44 50.728 -3720.504 2223.612 -5239.407 -2.512461869448 -6.812962386036 -1.097807976074 434.435
1873/05 2024 06 18 09 44 51.728 -3723.015 2216.798 -5240.501 -2.508770513182 -6.815391172667 -1.091164659488 434.433
1873/05 2024 06 18 09 44 52.728 -3725.521 2209.981 -5241.589 -2.505076345655 -6.817811922053 -1.084519949588 434.431
1873/05 2024 06 18 09 44 53.728 -3728.025 2203.162 -5242.670 -2.501379370287 -6.820224631561 -1.077873854724 434.429
1873/05 2024 06 18 09 44 54.728 -3730.524 2196.341 -5243.745 -2.497679590499 -6.822629298570 -1.071226383245 434.427
1873/05 2024 06 18 09 44 55.728 -3733.020 2189.517 -5244.813 -2.493977009717 -6.825025920466 -1.064577543504 434.425
1873/05 2024 06 18 09 44 56.728 -3735.512 2182.691 -5245.874 -2.490271631368 -6.827414494644 -1.057927343856 434.423
1873/05 2024 06 18 09 44 57.728 -3738.001 2175.862 -5246.928 -2.486563458884 -6.829795018512 -1.051275792656 434.421
1873/05 2024 06 18 09 44 58.728 -3740.485 2169.031 -5247.976 -2.482852495699 -6.832167489484 -1.044622898262 434.418
1873/05 2024 06 18 09 44 59.728 -3742.966 2162.198 -5249.018 -2.479138745251 -6.834531904984 -1.037968669033 434.416
1873/05 2024 06 18 09 45 00.728 -3745.444 2155.362 -5250.052 -2.475422210979 -6.836888262446 -1.031313113330 434.414
1873/05 2024 06 18 09 45 01.728 -3747.917 2148.524 -5251.080 -2.471702896326 -6.839236559312 -1.024656239515 434.411
1873/05 2024 06 18 09 45 02.728 -3750.387 2141.684 -5252.102 -2.467980804740 -6.841576793036 -1.017998055952 434.409
1873/05 2024 06 18 09 45 03.728 -3752.853 2134.841 -5253.116 -2.464255939670 -6.843908961078 -1.011338571008 434.407
1873/05 2024 06 18 09 45 04.728 -3755.315 2127.996 -5254.124 -2.460528304568 -6.846233060910 -1.004677793049 434.404
1873/05 2024 06 18 09 45 05.728 -3757.774 2121.149 -5255.126 -2.456797902890 -6.848549090013 -0.998015730444 434.402
1873/05 2024 06 18 09 45 06.728 -3760.229 2114.299 -5256.120 -2.453064738093 -6.850857045875 -0.991352391563 434.399
1873/05 2024 06 18 09 45 07.728 -3762.680 2107.447 -5257.108 -2.449328813641 -6.853156925997 -0.984687784780 434.397
1873/05 2024 06 18 09 45 08.728 -3765.128 2100.593 -5258.090 -2.445590132996 -6.855448727886 -0.978021918466 434.394
1873/05 2024 06 18 09 45 09.728 -3767.571 2093.736 -5259.064 -2.441848699628 -6.857732449061 -0.971354800999 434.392
1873/05 2024 06 18 09 45 10.728 -3770.011 2086.877 -5260.032 -2.438104517005 -6.860008087049 -0.964686440753 434.389
1873/05 2024 06 18 09 45 11.728 -3772.448 2080.016 -5260.994 -2.434357588603 -6.862275639387 -0.958016846108 434.386
1873/05 2024 06 18 09 45 12.728 -3774.880 2073.152 -5261.948 -2.430607917898 -6.864535103620 -0.951346025443 434.384
1873/05 2024 06 18 09 45 13.728 -3777.309 2066.287 -5262.896 -2.426855508369 -6.866786477304 -0.944673987140 434.381
1873/05 2024 06 18 09 45 14.728 -3779.734 2059.419 -5263.838 -2.423100363499 -6.869029758003 -0.938000739582 434.378
1873/05 2024 06 18 09 45 15.728 -3782.155 2052.549 -5264.772 -2.419342486773 -6.871264943293 -0.931326291152 434.375
1873/05 2024 06 18 09 45 16.728 -3784.573 2045.676 -5265.700 -2.415581881681 -6.873492030756 -0.924650650236 434.373
1873/05 2024 06 18 09 45 17.728 -3786.986 2038.802 -5266.622 -2.411818551714 -6.875711017985 -0.917973825222 434.370
1873/05 2024 06 18 09 45 18.728 -3789.396 2031.925 -5267.536 -2.408052500366 -6.877921902583 -0.911295824499 434.367
1873/05 2024 06 18 09 45 19.728 -3791.802 2025.046 -5268.444 -2.404283731136 -6.880124682161 -0.904616656457 434.364
1873/05 2024 06 18 09 45 20.728 -3794.205 2018.165 -5269.346 -2.400512247524 -6.882319354341 -0.897936329487 434.361
1873/05 2024 06 18 09 45 21.728 -3796.603 2011.281 -5270.240 -2.396738053033 -6.884505916753 -0.891254851983 434.358
1873/05 2024 06 18 09 45 22.728 -3798.998 2004.396 -5271.128 -2.392961151170 -6.886684367036 -0.884572232338 434.355
1873/05 2024 06 18 09 45 23.728 -3801.389 1997.508 -5272.009 -2.389181545446 -6.888854702841 -0.877888478950 434.352
1873/05 2024 06 18 09 45 24.728 -3803.777 1990.618 -5272.884 -2.385399239372 -6.891016921826 -0.871203600215 434.349
1873/05 2024 06 18 09 45 25.728 -3806.160 1983.726 -5273.752 -2.381614236464 -6.893171021659 -0.864517604533 434.346
1873/05 2024 06 18 09 45 26.728 -3808.540 1976.832 -5274.613 -2.377826540240 -6.895317000017 -0.857830500303 434.343
1873/05 2024 06 18 09 45 27.728 -3810.916 1969.935 -5275.467 -2.374036154223 -6.897454854588 -0.851142295926 434.339
1873/05 2024 06 18 09 45 28.728 -3813.288 1963.037 -5276.315 -2.370243081936 -6.899584583068 -0.844452999807 434.336
1873/05 2024 06 18 09 45 29.728 -3815.656 1956.136 -5277.156 -2.366447326908 -6.901706183162 -0.837762620349 434.333
1873/05 2024 06 18 09 45 30.728 -3818.021 1949.233 -5277.991 -2.362648892668 -6.903819652586 -0.831071165958 434.330
1873/05 2024 06 18 09 45 31.728 -3820.381 1942.328 -5278.819 -2.358847782751 -6.905924989065 -0.824378645041 434.326
1873/05 2024 06 18 09 45 32.728 -3822.738 1935.422 -5279.640 -2.355044000692 -6.908022190331 -0.817685066006 434.323
1873/05 2024 06 18 09 45 33.728 -3825.092 1928.512 -5280.454 -2.351237550030 -6.910111254130 -0.810990437263 434.320
1873/05 2024 06 18 09 45 34.728 -3827.441 1921.601 -5281.262 -2.347428434309 -6.912192178214 -0.804294767223 434.316
1873/05 2024 06 18 09 45 35.728 -3829.786 1914.688 -5282.062 -2.343616657073 -6.914264960344 -0.797598064298 434.313
1873/05 2024 06 18 09 45 36.728 -3832.128 1907.773 -5282.857 -2.339802221871 -6.916329598293 -0.790900336902 434.309
1873/05 2024 06 18 09 45 37.728 -3834.466 1900.855 -5283.644 -2.335985132254 -6.918386089842 -0.784201593449 434.306
1873/05 2024 06 18 09 45 38.728 -3836.800 1893.936 -5284.425 -2.332165391775 -6.920434432782 -0.777501842357 434.302
1873/05 2024 06 18 09 45 39.728 -3839.130 1887.015 -5285.199 -2.328343003992 -6.922474624912 -0.770801092041 434.299
1873/05 2024 06 18 09 45 40.728 -3841.457 1880.091 -5285.967 -2.324517972466 -6.924506664041 -0.764099350922 434.295
1873/05 2024 06 18 09 45 41.728 -3843.779 1873.166 -5286.727 -2.320690300758 -6.926530547990 -0.757396627419 434.292
1873/05 2024 06 18 09 45 42.728 -3846.098 1866.238 -5287.482 -2.316859992435 -6.928546274586 -0.750692929953 434.288
1873/05 2024 06 18 09 45 43.728 -3848.413 1859.308 -5288.229 -2.313027051065 -6.930553841667 -0.743988266947 434.284
1873/05 2024 06 18 09 45 44.728 -3850.724 1852.377 -5288.969 -2.309191480221 -6.932553247080 -0.737282646824 434.280
1873/05 2024 06 18 09 45 45.728 -3853.032 1845.443 -5289.703 -2.305353283477 -6.934544488683 -0.730576078009 434.277
1873/05 2024 06 18 09 45 46.728 -3855.335 1838.508 -5290.431 -2.301512464411 -6.936527564340 -0.723868568929 434.273
1873/05 2024 06 18 09 45 47.728 -3857.635 1831.570 -5291.151 -2.297669026602 -6.938502471928 -0.717160128010 434.269
1873/05 2024 06 18 09 45 48.728 -3859.930 1824.631 -5291.865 -2.293822973636 -6.940469209331 -0.710450763681 434.265
1873/05 2024 06 18 09 45 49.728 -3862.222 1817.689 -5292.572 -2.289974309097 -6.942427774445 -0.703740484372 434.261
1873/05 2024 06 18 09 45 50.728 -3864.510 1810.746 -5293.272 -2.286123036575 -6.944378165173 -0.697029298513 434.257
1873/05 2024 06 18 09 45 51.728 -3866.794 1803.801 -5293.966 -2.282269159663 -6.946320379428 -0.690317214536 434.253
1873/05 2024 06 18 09 45 52.728 -3869.075 1796.853 -5294.653 -2.278412681956 -6.948254415134 -0.683604240875 434.249
1873/05 2024 06 18 09 45 53.728 -3871.351 1789.904 -5295.333 -2.274553607051 -6.950180270223 -0.676890385964 434.245
1873/05 2024 06 18 09 45 54.728 -3873.624 1782.953 -5296.007 -2.270691938549 -6.952097942637 -0.670175658237 434.241
1873/05 2024 06 18 09 45 55.728 -3875.893 1776.000 -5296.674 -2.266827680055 -6.954007430326 -0.663460066133 434.237
1873/05 2024 06 18 09 45 56.728 -3878.158 1769.045 -5297.334 -2.262960835174 -6.955908731252 -0.656743618087 434.233
1873/05 2024 06 18 09 45 57.728 -3880.419 1762.088 -5297.987 -2.259091407518 -6.957801843385 -0.650026322539 434.229
1873/05 2024 06 18 09 45 58.728 -3882.676 1755.129 -5298.634 -2.255219400697 -6.959686764705 -0.643308187929 434.225
1873/05 2024 06 18 09 45 59.728 -3884.929 1748.169 -5299.274 -2.251344818328 -6.961563493201 -0.636589222698 434.221
1873/05 2024 06 18 09 46 00.728 -3887.178 1741.206 -5299.907 -2.247467664029 -6.963432026871 -0.629869435287 434.216
1873/05 2024 06 18 09 46 01.728 -3889.424 1734.242 -5300.534 -2.243587941421 -6.965292363724 -0.623148834139 434.212
1873/05 2024 06 18 09 46 02.728 -3891.666 1727.276 -5301.153 -2.239705654128 -6.967144501777 -0.616427427699 434.208
1873/05 2024 06 18 09 46 03.728 -3893.903 1720.308 -5301.766 -2.235820805777 -6.968988439058 -0.609705224412 434.203
1873/05 2024 06 18 09 46 04.728 -3896.137 1713.338 -5302.373 -2.231933399998 -6.970824173603 -0.602982232723 434.199
1873/05 2024 06 18 09 46 05.728 -3898.367 1706.366 -5302.972 -2.228043440423 -6.972651703458 -0.596258461080 434.195
1873/05 2024 06 18 09 46 06.728 -3900.593 1699.392 -5303.565 -2.224150930688 -6.974471026679 -0.589533917931 434.190
1873/05 2024 06 18 09 46 07.728 -3902.816 1692.417 -5304.151 -2.220255874432 -6.976282141331 -0.582808611726 434.186
1873/05 2024 06 18 09 46 08.728 -3905.034 1685.440 -5304.731 -2.216358275296 -6.978085045488 -0.576082550914 434.181
1873/05 2024 06 18 09 46 09.728 -3907.248 1678.461 -5305.304 -2.212458136923 -6.979879737235 -0.569355743946 434.177
1873/05 2024 06 18 09 46 10.728 -3909.459 1671.480 -5305.870 -2.208555462962 -6.981666214666 -0.562628199275 434.172
1873/05 2024 06 18 09 46 11.728 -3911.665 1664.497 -5306.429 -2.204650257061 -6.983444475882 -0.555899925354 434.167
1873/05 2024 06 18 09 46 12.728 -3913.868 1657.513 -5306.981 -2.200742522874 -6.985214518998 -0.549170930636 434.163
1873/05 2024 06 18 09 46 13.728 -3916.067 1650.527 -5307.527 -2.196832264056 -6.986976342134 -0.542441223577 434.158
1873/05 2024 06 18 09 46 14.728 -3918.262 1643.539 -5308.066 -2.192919484266 -6.988729943423 -0.535710812634 434.153
1873/05 2024 06 18 09 46 15.728 -3920.453 1636.550 -5308.599 -2.189004187164 -6.990475321006 -0.528979706261 434.149
1873/05 2024 06 18 09 46 16.728 -3922.640 1629.558 -5309.124 -2.185086376416 -6.992212473033 -0.522247912918 434.144
1873/05 2024 06 18 09 46 17.728 -3924.823 1622.565 -5309.643 -2.181166055687 -6.993941397665 -0.515515441063 434.139
1873/05 2024 06 18 09 46 18.728 -3927.002 1615.570 -5310.155 -2.177243228648 -6.995662093071 -0.508782299156 434.134
1873/05 2024 06 18 09 46 19.728 -3929.177 1608.574 -5310.661 -2.173317898972 -6.997374557431 -0.502048495656 434.129
1873/05 2024 06 18 09 46 20.728 -3931.349 1601.576 -5311.159 -2.169390070333 -6.999078788933 -0.495314039026 434.124
1873/05 2024 06 18 09 46 21.728 -3933.516 1594.576 -5311.651 -2.165459746410 -7.000774785775 -0.488578937728 434.119
1873/05 2024 06 18 09 46 22.728 -3935.680 1587.574 -5312.136 -2.161526930885 -7.002462546165 -0.481843200225 434.114
1873/05 2024 06 18 09 46 23.728 -3937.839 1580.571 -5312.615 -2.157591627441 -7.004142068321 -0.475106834980 434.109
1873/05 2024 06 18 09 46 24.728 -3939.995 1573.566 -5313.087 -2.153653839764 -7.005813350469 -0.468369850459 434.104
1873/05 2024 06 18 09 46 25.728 -3942.146 1566.559 -5313.552 -2.149713571546 -7.007476390846 -0.461632255126 434.099
1873/05 2024 06 18 09 46 26.728 -3944.294 1559.551 -5314.010 -2.145770826476 -7.009131187698 -0.454894057449 434.094
1873/05 2024 06 18 09 46 27.728 -3946.438 1552.541 -5314.461 -2.141825608253 -7.010777739279 -0.448155265895 434.089
1873/05 2024 06 18 09 46 28.728 -3948.578 1545.529 -5314.906 -2.137877920572 -7.012416043855 -0.441415888932 434.084
1873/05 2024 06 18 09 46 29.728 -3950.714 1538.516 -5315.344 -2.133927767135 -7.014046099701 -0.434675935028 434.079
1873/05 2024 06 18 09 46 30.728 -3952.846 1531.501 -5315.776 -2.129975151645 -7.015667905100 -0.427935412654 434.073
1873/05 2024 06 18 09 46 31.728 -3954.974 1524.485 -5316.200 -2.126020077809 -7.017281458347 -0.421194330279 434.068
1873/05 2024 06 18 09 46 32.728 -3957.098 1517.467 -5316.618 -2.122062549337 -7.018886757743 -0.414452696375 434.063
1873/05 2024 06 18 09 46 33.728 -3959.218 1510.447 -5317.029 -2.118102569939 -7.020483801602 -0.407710519413 434.057
1873/05 2024 06 18 09 46 34.728 -3961.334 1503.426 -5317.433 -2.114140143331 -7.022072588247 -0.400967807867 434.052
1873/05 2024 06 18 09 46 35.728 -3963.446 1496.403 -5317.831 -2.110175273231 -7.023653116008 -0.394224570210 434.047
1873/05 2024 06 18 09 46 36.728 -3965.554 1489.378 -5318.222 -2.106207963359 -7.025225383227 -0.387480814916 434.041
1873/05 2024 06 18 09 46 37.728 -3967.659 1482.352 -5318.606 -2.102238217437 -7.026789388256 -0.380736550459 434.036
1873/05 2024 06 18 09 46 38.728 -3969.759 1475.325 -5318.983 -2.098266039192 -7.028345129454 -0.373991785315 434.030
1873/05 2024 06 18 09 46 39.728 -3971.855 1468.296 -5319.354 -2.094291432353 -7.029892605191 -0.367246527961 434.025
1873/05 2024 06 18 09 46 40.728 -3973.947 1461.265 -5319.718 -2.090314400651 -7.031431813848 -0.360500786874 434.019
1873/05 2024 06 18 09 46 41.728 -3976.036 1454.233 -5320.075 -2.086334947820 -7.032962753812 -0.353754570530 434.014
1873/05 2024 06 18 09 46 42.728 -3978.120 1447.199 -5320.425 -2.082353077597 -7.034485423484 -0.347007887409 434.008
1873/05 2024 06 18 09 46 43.728 -3980.200 1440.164 -5320.769 -2.078368793722 -7.035999821270 -0.340260745989 434.002
1873/05 2024 06 18 09 46 44.728 -3982.277 1433.127 -5321.106 -2.074382099937 -7.037505945589 -0.333513154749 433.997
1873/05 2024 06 18 09 46 45.728 -3984.349 1426.089 -5321.436 -2.070392999989 -7.039003794869 -0.326765122171 433.991
1873/05 2024 06 18 09 46 46.728 -3986.418 1419.049 -5321.759 -2.066401497624 -7.040493367545 -0.320016656734 433.985
1873/05 2024 06 18 09 46 47.728 -3988.482 1412.008 -5322.076 -2.062407596593 -7.041974662066 -0.313267766921 433.979
1873/05 2024 06 18 09 46 48.728 -3990.542 1404.965 -5322.386 -2.058411300650 -7.043447676886 -0.306518461213 433.973
1873/05 2024 06 18 09 46 49.728 -3992.599 1397.921 -5322.689 -2.054412613552 -7.044912410471 -0.299768748093 433.968
1873/05 2024 06 18 09 46 50.728 -3994.651 1390.875 -5322.985 -2.050411539057 -7.046368861297 -0.293018636045 433.962
1873/05 2024 06 18 09 46 51.728 -3996.700 1383.828 -5323.275 -2.046408080927 -7.047817027849 -0.286268133552 433.956
1873/05 2024 06 18 09 46 52.728 -3998.744 1376.780 -5323.558 -2.042402242927 -7.049256908620 -0.279517249098 433.950
1873/05 2024 06 18 09 46 53.728 -4000.784 1369.730 -5323.834 -2.038394028823 -7.050688502116 -0.272765991169 433.944
1873/05 2024 06 18 09 46 54.728 -4002.821 1362.678 -5324.104 -2.034383442385 -7.052111806848 -0.266014368249 433.938
1873/05 2024 06 18 09 46 55.728 -4004.853 1355.626 -5324.366 -2.030370487387 -7.053526821342 -0.259262388826 433.932
1873/05 2024 06 18 09 46 56.728 -4006.882 1348.571 -5324.622 -2.026355167604 -7.054933544128 -0.252510061386 433.926
1873/05 2024 06 18 09 46 57.728 -4008.906 1341.516 -5324.871 -2.022337486813 -7.056331973751 -0.245757394416 433.919
1873/05 2024 06 18 09 46 58.728 -4010.926 1334.459 -5325.114 -2.018317448796 -7.057722108760 -0.239004396403 433.913
1873/05 2024 06 18 09 46 59.728 -4012.942 1327.400 -5325.349 -2.014295057336 -7.059103947719 -0.232251075836 433.907
1873/05 2024 06 18 09 47 00.728 -4014.955 1320.340 -5325.578 -2.010270316220 -7.060477489198 -0.225497441203 433.901
1873/05 2024 06 18 09 47 01.728 -4016.963 1313.279 -5325.800 -2.006243229235 -7.061842731778 -0.218743500993 433.895
1873/05 2024 06 18 09 47 02.728 -4018.967 1306.217 -5326.016 -2.002213800174 -7.063199674050 -0.211989263696 433.888
1873/05 2024 06 18 09 47 03.728 -4020.967 1299.153 -5326.224 -1.998182032832 -7.064548314612 -0.205234737803 433.882
1873/05 2024 06 18 09 47 04.728 -4022.964 1292.088 -5326.426 -1.994147931005 -7.065888652074 -0.198479931802 433.876
1873/05 2024 06 18 09 47 05.728 -4024.956 1285.021 -5326.621 -1.990111498493 -7.067220685057 -0.191724854187 433.869
1873/05 2024 06 18 09 47 06.728 -4026.944 1277.953 -5326.809 -1.986072739098 -7.068544412187 -0.184969513447 433.863
1873/05 2024 06 18 09 47 07.728 -4028.928 1270.884 -5326.991 -1.982031656625 -7.069859832105 -0.178213918074 433.856
1873/05 2024 06 18 09 47 08.728 -4030.908 1263.813 -5327.166 -1.977988254883 -7.071166943457 -0.171458076562 433.850
1873/05 2024 06 18 09 47 09.728 -4032.884 1256.742 -5327.334 -1.973942537682 -7.072465744901 -0.164701997402 433.843
1873/05 2024 06 18 09 47 10.728 -4034.856 1249.669 -5327.495 -1.969894508834 -7.073756235104 -0.157945689088 433.837
1873/05 2024 06 18 09 47 11.728 -4036.824 1242.594 -5327.650 -1.965844172157 -7.075038412743 -0.151189160112 433.830
1873/05 2024 06 18 09 47 12.728 -4038.787 1235.518 -5327.798 -1.961791531467 -7.076312276505 -0.144432418969 433.824
1873/05 2024 06 18 09 47 13.728 -4040.747 1228.442 -5327.939 -1.957736590587 -7.077577825084 -0.137675474153 433.817
1873/05 2024 06 18 09 47 14.728 -4042.703 1221.363 -5328.073 -1.953679353340 -7.078835057188 -0.130918334159 433.810
1873/05 2024 06 18 09 47 15.728 -4044.655 1214.284 -5328.201 -1.949619823552 -7.080083971530 -0.124161007480 433.804
1873/05 2024 06 18 09 47 16.728 -4046.602 1207.203 -5328.321 -1.945558005054 -7.081324566837 -0.117403502613 433.797
1873/05 2024 06 18 09 47 17.728 -4048.546 1200.121 -5328.435 -1.941493901676 -7.082556841842 -0.110645828053 433.790
1873/05 2024 06 18 09 47 18.728 -4050.485 1193.038 -5328.543 -1.937427517253 -7.083780795289 -0.103887992295 433.783
1873/05 2024 06 18 09 47 19.728 -4052.421 1185.954 -5328.643 -1.933358855622 -7.084996425932 -0.097130003836 433.776
1873/05 2024 06 18 09 47 20.728 -4054.352 1178.868 -5328.737 -1.929287920623 -7.086203732534 -0.090371871173 433.769
1873/05 2024 06 18 09 47 21.728 -4056.279 1171.781 -5328.824 -1.925214716098 -7.087402713869 -0.083613602801 433.763
1873/05 2024 06 18 09 47 22.728 -4058.202 1164.693 -5328.904 -1.921139245892 -7.088593368718 -0.076855207219 433.756
1873/05 2024 06 18 09 47 23.728 -4060.121 1157.604 -5328.978 -1.917061513854 -7.089775695875 -0.070096692922 433.749
1873/05 2024 06 18 09 47 24.728 -4062.036 1150.514 -5329.044 -1.912981523832 -7.090949694140 -0.063338068410 433.742
1873/05 2024 06 18 09 47 25.728 -4063.947 1143.422 -5329.104 -1.908899279681 -7.092115362325 -0.056579342178 433.735
1873/05 2024 06 18 09 47 26.728 -4065.854 1136.329 -5329.158 -1.904814785256 -7.093272699252 -0.049820522727 433.727
1873/05 2024 06 18 09 47 27.728 -4067.757 1129.236 -5329.204 -1.900728044414 -7.094421703751 -0.043061618553 433.720
1873/05 2024 06 18 09 47 28.728 -4069.656 1122.141 -5329.244 -1.896639061017 -7.095562374662 -0.036302638155 433.713
1873/05 2024 06 18 09 47 29.728 -4071.550 1115.045 -5329.277 -1.892547838928 -7.096694710835 -0.029543590032 433.706
1873/05 2024 06 18 09 47 30.728 -4073.441 1107.947 -5329.303 -1.888454382013 -7.097818711131 -0.022784482683 433.699
1873/05 2024 06 18 09 47 31.728 -4075.327 1100.849 -5329.322 -1.884358694141 -7.098934374417 -0.016025324606 433.692
1873/05 2024 06 18 09 47 32.728 -4077.210 1093.749 -5329.335 -1.880260779182 -7.100041699574 -0.009266124302 433.684
1873/05 2024 06 18 09 47 33.728 -4079.088 1086.649 -5329.341 -1.876160641011 -7.101140685489 -0.002506890269 433.677
1873/05 2024 06 18 09 47 34.728 -4080.962 1079.547 -5329.340 -1.872058283505 -7.102231331061 0.004252368994 433.670
1873/05 2024 06 18 09 47 35.728 -4082.832 1072.444 -5329.332 -1.867953710542 -7.103313635197 0.011011644986 433.662
1873/05 2024 06 18 09 47 36.728 -4084.698 1065.340 -5329.318 -1.863846926003 -7.104387596816 0.017770929207 433.655
1873/05 2024 06 18 09 47 37.728 -4086.560 1058.236 -5329.297 -1.859737933773 -7.105453214844 0.024530213158 433.647
1873/05 2024 06 18 09 47 38.728 -4088.417 1051.130 -5329.269 -1.855626737740 -7.106510488217 0.031289488339 433.640
1873/05 2024 06 18 09 47 39.728 -4090.271 1044.023 -5329.234 -1.851513341791 -7.107559415883 0.038048746249 433.632
1873/05 2024 06 18 09 47 40.728 -4092.120 1036.914 -5329.193 -1.847397749820 -7.108599996798 0.044807978388 433.625
1873/05 2024 06 18 09 47 41.728 -4093.966 1029.805 -5329.144 -1.843279965720 -7.109632229926 0.051567176255 433.617
1873/05 2024 06 18 09 47 42.728 -4095.807 1022.695 -5329.089 -1.839159993389 -7.110656114244 0.058326331351 433.610
1873/05 2024 06 18 09 47 43.728 -4097.644 1015.584 -5329.028 -1.835037836727 -7.111671648736 0.065085435175 433.602
1873/05 2024 06 18 09 47 44.728 -4099.477 1008.472 -5328.959 -1.830913499635 -7.112678832397 0.071844479226 433.594
1873/05 2024 06 18 09 47 45.728 -4101.306 1001.359 -5328.884 -1.826786986019 -7.113677664232 0.078603455003 433.587
1873/05 2024 06 18 09 47 46.728 -4103.130 994.245 -5328.802 -1.822658299786 -7.114668143253 0.085362354006 433.579
1873/05 2024 06 18 09 47 47.728 -4104.951 987.129 -5328.713 -1.818527444846 -7.115650268486 0.092121167734 433.571
1873/05 2024 06 18 09 47 48.728 -4106.768 980.013 -5328.618 -1.814394425111 -7.116624038963 0.098879887687 433.564
1873/05 2024 06 18 09 47 49.728 -4108.580 972.896 -5328.516 -1.810259244497 -7.117589453727 0.105638505363 433.556
1873/05 2024 06 18 09 47 50.728 -4110.388 965.778 -5328.407 -1.806121906920 -7.118546511831 0.112397012262 433.548
1873/05 2024 06 18 09 47 51.728 -4112.192 958.659 -5328.291 -1.801982416302 -7.119495212337 0.119155399883 433.540
1873/05 2024 06 18 09 47 52.728 -4113.992 951.539 -5328.168 -1.797840776565 -7.120435554316 0.125913659726 433.532
1873/05 2024 06 18 09 47 53.728 -4115.788 944.418 -5328.039 -1.793696991633 -7.121367536851 0.132671783290 433.524
1873/05 2024 06 18 09 47 54.728 -4117.579 937.296 -5327.903 -1.789551065436 -7.122291159033 0.139429762074 433.516
1873/05 2024 06 18 09 47 55.728 -4119.367 930.174 -5327.760 -1.785403001902 -7.123206419962 0.146187587577 433.508
1873/05 2024 06 18 09 47 56.728 -4121.150 923.050 -5327.611 -1.781252804965 -7.124113318749 0.152945251299 433.500
1873/05 2024 06 18 09 47 57.728 -4122.929 915.925 -5327.454 -1.777100478560 -7.125011854515 0.159702744741 433.492
1873/05 2024 06 18 09 47 58.728 -4124.704 908.800 -5327.291 -1.772946026626 -7.125902026389 0.166460059400 433.484
1873/05 2024 06 18 09 47 59.728 -4126.475 901.674 -5327.121 -1.768789453102 -7.126783833511 0.173217186777 433.476
1873/05 2024 06 18 09 48 00.728 -4128.242 894.546 -5326.945 -1.764630761931 -7.127657275030 0.179974118372 433.467
1873/05 2024 06 18 09 48 01.728 -4130.005 887.418 -5326.761 -1.760469957059 -7.128522350105 0.186730845685 433.459
1873/05 2024 06 18 09 48 02.728 -4131.763 880.289 -5326.571 -1.756307042434 -7.129379057904 0.193487360216 433.451
1873/05 2024 06 18 09 48 03.728 -4133.517 873.159 -5326.374 -1.752142022005 -7.130227397606 0.200243653464 433.443
1873/05 2024 06 18 09 48 04.728 -4135.267 866.029 -5326.171 -1.747974899727 -7.131067368399 0.206999716931 433.434
1873/05 2024 06 18 09 48 05.728 -4137.013 858.897 -5325.960 -1.743805679554 -7.131898969480 0.213755542117 433.426
1873/05 2024 06 18 09 48 06.728 -4138.755 851.765 -5325.743 -1.739634365444 -7.132722200056 0.220511120521 433.418
1873/05 2024 06 18 09 48 07.728 -4140.492 844.632 -5325.519 -1.735460961358 -7.133537059345 0.227266443646 433.409
1873/05 2024 06 18 09 48 08.728 -4142.226 837.498 -5325.289 -1.731285471259 -7.134343546573 0.234021502992 433.401
1873/05 2024 06 18 09 48 09.728 -4143.955 830.363 -5325.051 -1.727107899111 -7.135141660976 0.240776290061 433.392
1873/05 2024 06 18 09 48 10.728 -4145.680 823.228 -5324.807 -1.722928248884 -7.135931401800 0.247530796353 433.384
1873/05 2024 06 18 09 48 11.728 -4147.401 816.091 -5324.556 -1.718746524547 -7.136712768301 0.254285013370 433.375
1873/05 2024 06 18 09 48 12.728 -4149.117 808.954 -5324.299 -1.714562730073 -7.137485759744 0.261038932615 433.367
1873/05 2024 06 18 09 48 13.728 -4150.830 801.816 -5324.034 -1.710376869437 -7.138250375404 0.267792545588 433.358
1873/05 2024 06 18 09 48 14.728 -4152.538 794.678 -5323.763 -1.706188946617 -7.139006614567 0.274545843793 433.350
1873/05 2024 06 18 09 48 15.728 -4154.242 787.538 -5323.485 -1.701998965594 -7.139754476525 0.281298818731 433.341
1873/05 2024 06 18 09 48 16.728 -4155.942 780.398 -5323.200 -1.697806930350 -7.140493960583 0.288051461906 433.332
1873/05 2024 06 18 09 48 17.728 -4157.638 773.257 -5322.909 -1.693612844870 -7.141225066055 0.294803764821 433.323
1873/05 2024 06 18 09 48 18.728 -4159.329 766.116 -5322.611 -1.689416713142 -7.141947792264 0.301555718979 433.315
1873/05 2024 06 18 09 48 19.728 -4161.017 758.973 -5322.306 -1.685218539157 -7.142662138543 0.308307315883 433.306
1873/05 2024 06 18 09 48 20.728 -4162.700 751.830 -5321.994 -1.681018326905 -7.143368104236 0.315058547038 433.297
1873/05 2024 06 18 09 48 21.728 -4164.379 744.687 -5321.676 -1.676816080384 -7.144065688693 0.321809403947 433.288
1873/05 2024 06 18 09 48 22.728 -4166.053 737.542 -5321.351 -1.672611803589 -7.144754891278 0.328559878116 433.279
1873/05 2024 06 18 09 48 23.728 -4167.724 730.397 -5321.019 -1.668405500521 -7.145435711363 0.335309961049 433.270
1873/05 2024 06 18 09 48 24.728 -4169.390 723.251 -5320.680 -1.664197175182 -7.146108148327 0.342059644251 433.261
1873/05 2024 06 18 09 48 25.728 -4171.052 716.105 -5320.335 -1.659986831577 -7.146772201564 0.348808919228 433.252
1873/05 2024 06 18 09 48 26.728 -4172.710 708.958 -5319.982 -1.655774473713 -7.147427870473 0.355557777486 433.243
1873/05 2024 06 18 09 48 27.728 -4174.364 701.810 -5319.623 -1.651560105600 -7.148075154466 0.362306210532 433.234
1873/05 2024 06 18 09 48 28.728 -4176.013 694.662 -5319.258 -1.647343731250 -7.148714052962 0.369054209871 433.225
1873/05 2024 06 18 09 48 29.728 -4177.659 687.513 -5318.885 -1.643125354676 -7.149344565391 0.375801767010 433.216
1873/05 2024 06 18 09 48 30.728 -4179.300 680.363 -5318.506 -1.638904979897 -7.149966691192 0.382548873459 433.207
1873/05 2024 06 18 09 48 31.728 -4180.936 673.213 -5318.120 -1.634682610932 -7.150580429816 0.389295520723 433.198
1873/05 2024 06 18 09 48 32.728 -4182.569 666.062 -5317.728 -1.630458251801 -7.151185780721 0.396041700312 433.189
1873/05 2024 06 18 09 48 33.728 -4184.197 658.910 -5317.328 -1.626231906530 -7.151782743375 0.402787403734 433.179
1873/05 2024 06 18 09 48 34.728 -4185.821 651.758 -5316.922 -1.622003579144 -7.152371317257 0.409532622499 433.170
1873/05 2024 06 18 09 48 35.728 -4187.441 644.606 -5316.509 -1.617773273674 -7.152951501856 0.416277348115 433.161
1873/05 2024 06 18 09 48 36.728 -4189.057 637.452 -5316.089 -1.613540994149 -7.153523296667 0.423021572094 433.151
1873/05 2024 06 18 09 48 37.728 -4190.668 630.299 -5315.663 -1.609306744604 -7.154086701200 0.429765285945 433.142
1873/05 2024 06 18 09 48 38.728 -4192.276 623.144 -5315.230 -1.605070529076 -7.154641714970 0.436508481180 433.133
1873/05 2024 06 18 09 48 39.728 -4193.879 615.989 -5314.790 -1.600832351601 -7.155188337506 0.443251149310 433.123
1873/05 2024 06 18 09 48 40.728 -4195.477 608.834 -5314.343 -1.596592216223 -7.155726568342 0.449993281847 433.114
1873/05 2024 06 18 09 48 41.728 -4197.072 601.678 -5313.890 -1.592350126983 -7.156256407026 0.456734870304 433.104
1873/05 2024 06 18 09 48 42.728 -4198.662 594.521 -5313.430 -1.588106087927 -7.156777853113 0.463475906193 433.095
1873/05 2024 06 18 09 48 43.728 -4200.248 587.364 -5312.963 -1.583860103104 -7.157290906168 0.470216381029 433.085
1873/05 2024 06 18 09 48 44.728 -4201.830 580.207 -5312.489 -1.579612176564 -7.157795565767 0.476956286326 433.076
1873/05 2024 06 18 09 48 45.728 -4203.407 573.049 -5312.009 -1.575362312360 -7.158291831495 0.483695613597 433.066
1873/05 2024 06 18 09 48 46.728 -4204.980 565.890 -5311.522 -1.571110514547 -7.158779702946 0.490434354359 433.056
1873/05 2024 06 18 09 48 47.728 -4206.549 558.731 -5311.028 -1.566856787183 -7.159259179725 0.497172500127 433.047
1873/05 2024 06 18 09 48 48.728 -4208.114 551.572 -5310.528 -1.562601134327 -7.159730261445 0.503910042417 433.037
1873/05 2024 06 18 09 48 49.728 -4209.675 544.412 -5310.020 -1.558343560043 -7.160192947730 0.510646972747 433.027
1873/05 2024 06 18 09 48 50.728 -4211.231 537.251 -5309.506 -1.554084068393 -7.160647238214 0.517383282634 433.017
1873/05 2024 06 18 09 48 51.728 -4212.783 530.090 -5308.986 -1.549822663447 -7.161093132539 0.524118963596 433.008
1873/05 2024 06 18 09 48 52.728 -4214.330 522.929 -5308.458 -1.545559349272 -7.161530630358 0.530854007152 432.998
1873/05 2024 06 18 09 48 53.728 -4215.874 515.767 -5307.924 -1.541294129941 -7.161959731334 0.537588404821 432.988
1873/05 2024 06 18 09 48 54.728 -4217.413 508.605 -5307.383 -1.537027009528 -7.162380435139 0.544322148124 432.978
1873/05 2024 06 18 09 48 55.728 -4218.948 501.443 -5306.835 -1.532757992110 -7.162792741454 0.551055228582 432.968
1873/05 2024 06 18 09 48 56.728 -4220.479 494.280 -5306.281 -1.528487081764 -7.163196649970 0.557787637715 432.958
1873/05 2024 06 18 09 48 57.728 -4222.005 487.116 -5305.720 -1.524214282572 -7.163592160390 0.564519367045 432.948
1873/05 2024 06 18 09 48 58.728 -4223.527 479.953 -5305.152 -1.519939598618 -7.163979272424 0.571250408096 432.938
1873/05 2024 06 18 09 48 59.728 -4225.045 472.788 -5304.577 -1.515663033987 -7.164357985792 0.577980752391 432.928
1873/05 2024 06 18 09 49 00.728 -4226.558 465.624 -5303.996 -1.511384592768 -7.164728300225 0.584710391453 432.918
1873/05 2024 06 18 09 49 01.728 -4228.068 458.459 -5303.408 -1.507104279051 -7.165090215463 0.591439316809 432.908
1873/05 2024 06 18 09 49 02.728 -4229.573 451.294 -5302.813 -1.502822096928 -7.165443731254 0.598167519983 432.898
1873/05 2024 06 18 09 49 03.728 -4231.073 444.128 -5302.211 -1.498538050495 -7.165788847360 0.604894992501 432.887
1873/05 2024 06 18 09 49 04.728 -4232.570 436.962 -5301.603 -1.494252143849 -7.166125563547 0.611621725891 432.877
1873/05 2024 06 18 09 49 05.728 -4234.062 429.796 -5300.988 -1.489964381090 -7.166453879597 0.618347711680 432.867
1873/05 2024 06 18 09 49 06.728 -4235.550 422.629 -5300.367 -1.485674766320 -7.166773795295 0.625072941398 432.857
1873/05 2024 06 18 09 49 07.728 -4237.033 415.462 -5299.738 -1.481383303643 -7.167085310442 0.631797406572 432.846
1873/05 2024 06 18 09 49 08.728 -4238.512 408.295 -5299.103 -1.477089997166 -7.167388424844 0.638521098734 432.836
1873/05 2024 06 18 09 49 09.728 -4239.987 401.127 -5298.461 -1.472794850998 -7.167683138318 0.645244009415 432.826
1873/05 2024 06 18 09 49 10.728 -4241.458 393.960 -5297.812 -1.468497869251 -7.167969450693 0.651966130145 432.815
1873/05 2024 06 18 09 49 11.728 -4242.924 386.791 -5297.157 -1.464199056036 -7.168247361805 0.658687452457 432.805
1873/05 2024 06 18 09 49 12.728 -4244.386 379.623 -5296.495 -1.459898415472 -7.168516871500 0.665407967885 432.794
1873/05 2024 06 18 09 49 13.728 -4245.844 372.454 -5295.826 -1.455595951675 -7.168777979634 0.672127667963 432.784
1873/05 2024 06 18 09 49 14.728 -4247.297 365.286 -5295.151 -1.451291668766 -7.169030686074 0.678846544226 432.773
1873/05 2024 06 18 09 49 15.728 -4248.747 358.116 -5294.469 -1.446985570869 -7.169274990696 0.685564588210 432.763
1873/05 2024 06 18 09 49 16.728 -4250.191 350.947 -5293.780 -1.442677662107 -7.169510893383 0.692281791451 432.752
1873/05 2024 06 18 09 49 17.728 -4251.632 343.777 -5293.084 -1.438367946608 -7.169738394032 0.698998145487 432.742
1873/05 2024 06 18 09 49 18.728 -4253.068 336.608 -5292.382 -1.434056428503 -7.169957492547 0.705713641856 432.731
1873/05 2024 06 18 09 49 19.728 -4254.500 329.437 -5291.673 -1.429743111921 -7.170168188842 0.712428272098 432.720
1873/05 2024 06 18 09 49 20.728 -4255.928 322.267 -5290.957 -1.425428000999 -7.170370482842 0.719142027753 432.710
1873/05 2024 06 18 09 49 21.728 -4257.351 315.097 -5290.234 -1.421111099872 -7.170564374479 0.725854900362 432.699
1873/05 2024 06 18 09 49 22.728 -4258.770 307.926 -5289.505 -1.416792412679 -7.170749863698 0.732566881467 432.688
1873/05 2024 06 18 09 49 23.728 -4260.185 300.755 -5288.769 -1.412471943560 -7.170926950452 0.739277962611 432.677
1873/05 2024 06 18 09 49 24.728 -4261.595 293.584 -5288.027 -1.408149696660 -7.171095634703 0.745988135339 432.666
1873/05 2024 06 18 09 49 25.728 -4263.001 286.413 -5287.277 -1.403825676123 -7.171255916424 0.752697391194 432.655
1873/05 2024 06 18 09 49 26.728 -4264.402 279.242 -5286.521 -1.399499886097 -7.171407795598 0.759405721723 432.645
1873/05 2024 06 18 09 49 27.728 -4265.800 272.070 -5285.758 -1.395172330733 -7.171551272214 0.766113118473 432.634
1873/05 2024 06 18 09 49 28.728 -4267.193 264.899 -5284.989 -1.390843014182 -7.171686346277 0.772819572992 432.623
1873/05 2024 06 18 09 49 29.728 -4268.582 257.727 -5284.213 -1.386511940598 -7.171813017796 0.779525076827 432.612
1873/05 2024 06 18 09 49 30.728 -4269.966 250.555 -5283.430 -1.382179114140 -7.171931286792 0.786229621530 432.601
1873/05 2024 06 18 09 49 31.728 -4271.346 243.383 -5282.640 -1.377844538965 -7.172041153297 0.792933198651 432.590
1873/05 2024 06 18 09 49 32.728 -4272.722 236.211 -5281.844 -1.373508219234 -7.172142617350 0.799635799741 432.579
1873/05 2024 06 18 09 49 33.728 -4274.093 229.039 -5281.041 -1.369170159112 -7.172235679002 0.806337416354 432.567
1873/05 2024 06 18 09 49 34.728 -4275.460 221.866 -5280.231 -1.364830362764 -7.172320338311 0.813038040043 432.556
1873/05 2024 06 18 09 49 35.728 -4276.823 214.694 -5279.415 -1.360488834358 -7.172396595348 0.819737662364 432.545
1873/05 2024 06 18 09 49 36.728 -4278.181 207.522 -5278.592 -1.356145578063 -7.172464450192 0.826436274872 432.534
1873/05 2024 06 18 09 49 37.728 -4279.535 200.349 -5277.762 -1.351800598053 -7.172523902930 0.833133869125 432.523
1873/05 2024 06 18 09 49 38.728 -4280.884 193.177 -5276.926 -1.347453898502 -7.172574953662 0.839830436680 432.511
1873/05 2024 06 18 09 49 39.728 -4282.230 186.004 -5276.082 -1.343105483587 -7.172617602495 0.846525969097 432.500
1873/05 2024 06 18 09 49 40.728 -4283.571 178.831 -5275.233 -1.338755357486 -7.172651849548 0.853220457937 432.489
1873/05 2024 06 18 09 49 41.728 -4284.907 171.659 -5274.376 -1.334403524382 -7.172677694948 0.859913894760 432.477
1873/05 2024 06 18 09 49 42.728 -4286.239 164.486 -5273.513 -1.330049988457 -7.172695138831 0.866606271129 432.466
1873/05 2024 06 18 09 49 43.728 -4287.567 157.313 -5272.643 -1.325694753897 -7.172704181345 0.873297578609 432.455
1873/05 2024 06 18 09 49 44.728 -4288.891 150.141 -5271.766 -1.321337824891 -7.172704822647 0.879987808763 432.443
1873/05 2024 06 18 09 49 45.728 -4290.210 142.968 -5270.883 -1.316979205627 -7.172697062901 0.886676953158 432.432
1873/05 2024 06 18 09 49 46.728 -4291.525 135.795 -5269.993 -1.312618900300 -7.172680902285 0.893365003361 432.420
1873/05 2024 06 18 09 49 47.728 -4292.835 128.623 -5269.096 -1.308256913102 -7.172656340983 0.900051950941 432.409
1873/05 2024 06 18 09 49 48.728 -4294.141 121.450 -5268.193 -1.303893248231 -7.172623379192 0.906737787466 432.397
1873/05 2024 06 18 09 49 49.728 -4295.443 114.277 -5267.283 -1.299527909886 -7.172582017115 0.913422504508 432.386
1873/05 2024 06 18 09 49 50.728 -4296.740 107.105 -5266.366 -1.295160902267 -7.172532254968 0.920106093638 432.374
1873/05 2024 06 18 09 49 51.728 -4298.033 99.932 -5265.442 -1.290792229579 -7.172474092974 0.926788546430 432.362
1873/05 2024 06 18 09 49 52.728 -4299.322 92.760 -5264.512 -1.286421896026 -7.172407531367 0.933469854458 432.351
1873/05 2024 06 18 09 49 53.728 -4300.606 85.587 -5263.575 -1.282049905816 -7.172332570392 0.940150009298 432.339
1873/05 2024 06 18 09 49 54.728 -4301.886 78.415 -5262.632 -1.277676263159 -7.172249210301 0.946829002525 432.327
1873/05 2024 06 18 09 49 55.728 -4303.162 71.243 -5261.682 -1.273300972268 -7.172157451358 0.953506825719 432.315
1873/05 2024 06 18 09 49 56.728 -4304.433 64.071 -5260.725 -1.268924037355 -7.172057293834 0.960183470458 432.304
1873/05 2024 06 18 09 49 57.728 -4305.699 56.899 -5259.761 -1.264545462638 -7.171948738013 0.966858928324 432.292
1873/05 2024 06 18 09 49 58.728 -4306.962 49.727 -5258.791 -1.260165252336 -7.171831784186 0.973533190898 432.280
1873/05 2024 06 18 09 49 59.728 -4308.220 42.555 -5257.814 -1.255783410668 -7.171706432655 0.980206249763 432.268
1873/05 2024 06 18 09 50 00.728 -4309.473 35.384 -5256.831 -1.251399941858 -7.171572683731 0.986878096504 432.256
1873/05 2024 06 18 09 50 01.728 -4310.723 28.212 -5255.841 -1.247014850131 -7.171430537736 0.993548722706 432.244
1873/05 2024 06 18 09 50 02.728 -4311.967 21.041 -5254.844 -1.242628139714 -7.171279995000 1.000218119956 432.232
1873/05 2024 06 18 09 50 03.728 -4313.208 13.869 -5253.840 -1.238239814836 -7.171121055863 1.006886279844 432.220
1873/05 2024 06 18 09 50 04.728 -4314.444 6.698 -5252.830 -1.233849879730 -7.170953720675 1.013553193958 432.208
1873/05 2024 06 18 09 50 05.728 -4315.675 -0.472 -5251.813 -1.229458338628 -7.170777989796 1.020218853890 432.196
1873/05 2024 06 18 09 50 06.728 -4316.903 -7.643 -5250.790 -1.225065195767 -7.170593863596 1.026883251232 432.184
1873/05 2024 06 18 09 50 07.728 -4318.126 -14.814 -5249.759 -1.220670455384 -7.170401342453 1.033546377578 432.172
1873/05 2024 06 18 09 50 08.728 -4319.344 -21.984 -5248.722 -1.216274121719 -7.170200426757 1.040208224523 432.160
1873/05 2024 06 18 09 50 09.728 -4320.558 -29.154 -5247.679 -1.211876199016 -7.169991116905 1.046868783665 432.147
1873/05 2024 06 18 09 50 10.728 -4321.768 -36.324 -5246.629 -1.207476691518 -7.169773413305 1.053528046600 432.135
1873/05 2024 06 18 09 50 11.728 -4322.973 -43.494 -5245.572 -1.203075603472 -7.169547316376 1.060186004928 432.123
1873/05 2024 06 18 09 50 12.728 -4324.174 -50.663 -5244.508 -1.198672939126 -7.169312826545 1.066842650250 432.111
1873/05 2024 06 18 09 50 13.728 -4325.370 -57.832 -5243.438 -1.194268702732 -7.169069944249 1.073497974169 432.098
1873/05 2024 06 18 09 50 14.728 -4326.563 -65.001 -5242.361 -1.189862898542 -7.168818669934 1.080151968287 432.086
1873/05 2024 06 18 09 50 15.728 -4327.750 -72.170 -5241.278 -1.185455530812 -7.168559004058 1.086804624211 432.074
1873/05 2024 06 18 09 50 16.728 -4328.933 -79.338 -5240.188 -1.181046603798 -7.168290947085 1.093455933546 432.061
1873/05 2024 06 18 09 50 17.728 -4330.112 -86.506 -5239.091 -1.176636121761 -7.168014499492 1.100105887901 432.049
1873/05 2024 06 18 09 50 18.728 -4331.287 -93.674 -5237.988 -1.172224088961 -7.167729661764 1.106754478886 432.036
1873/05 2024 06 18 09 50 19.728 -4332.457 -100.842 -5236.877 -1.167810509662 -7.167436434397 1.113401698110 432.024
1873/05 2024 06 18 09 50 20.728 -4333.622 -108.009 -5235.761 -1.163395388130 -7.167134817894 1.120047537188 432.011
1873/05 2024 06 18 09 50 21.728 -4334.784 -115.176 -5234.637 -1.158978728632 -7.166824812771 1.126691987732 431.999
1873/05 2024 06 18 09 50 22.728 -4335.940 -122.343 -5233.507 -1.154560535439 -7.166506419552 1.133335041359 431.986
1873/05 2024 06 18 09 50 23.728 -4337.093 -129.509 -5232.371 -1.150140812823 -7.166179638769 1.139976689686 431.974
1873/05 2024 06 18 09 50 24.728 -4338.241 -136.675 -5231.227 -1.145719565057 -7.165844470968 1.146616924330 431.961
1873/05 2024 06 18 09 50 25.728 -4339.384 -143.841 -5230.077 -1.141296796418 -7.165500916700 1.153255736913 431.948
1873/05 2024 06 18 09 50 26.728 -4340.523 -151.006 -5228.921 -1.136872511185 -7.165148976528 1.159893119056 431.936
1873/05 2024 06 18 09 50 27.728 -4341.658 -158.171 -5227.758 -1.132446713637 -7.164788651025 1.166529062382 431.923
1873/05 2024 06 18 09 50 28.728 -4342.788 -165.336 -5226.588 -1.128019408058 -7.164419940772 1.173163558516 431.910
1873/05 2024 06 18 09 50 29.728 -4343.914 -172.500 -5225.411 -1.123590598732 -7.164042846362 1.179796599085 431.897
1873/05 2024 06 18 09 50 30.728 -4345.035 -179.664 -5224.228 -1.119160289945 -7.163657368396 1.186428175716 431.885
1873/05 2024 06 18 09 50 31.728 -4346.152 -186.827 -5223.038 -1.114728485987 -7.163263507485 1.193058280040 431.872
1873/05 2024 06 18 09 50 32.728 -4347.265 -193.990 -5221.842 -1.110295191148 -7.162861264249 1.199686903688 431.859
1873/05 2024 06 18 09 50 33.728 -4348.373 -201.153 -5220.639 -1.105860409721 -7.162450639320 1.206314038292 431.846
1873/05 2024 06 18 09 50 34.728 -4349.476 -208.315 -5219.429 -1.101424146002 -7.162031633335 1.212939675487 431.833
1873/05 2024 06 18 09 50 35.728 -4350.576 -215.477 -5218.213 -1.096986404287 -7.161604246947 1.219563806909 431.820
1873/05 2024 06 18 09 50 36.728 -4351.670 -222.638 -5216.990 -1.092547188876 -7.161168480813 1.226186424197 431.807
1873/05 2024 06 18 09 50 37.728 -4352.761 -229.799 -5215.761 -1.088106504070 -7.160724335603 1.232807518989 431.794
1873/05 2024 06 18 09 50 38.728 -4353.847 -236.960 -5214.525 -1.083664354173 -7.160271811996 1.239427082926 431.781
1873/05 2024 06 18 09 50 39.728 -4354.928 -244.120 -5213.282 -1.079220743489 -7.159810910679 1.246045107653 431.768
1873/05 2024 06 18 09 50 40.728 -4356.005 -251.279 -5212.033 -1.074775676327 -7.159341632350 1.252661584813 431.755
1873/05 2024 06 18 09 50 41.728 -4357.078 -258.439 -5210.777 -1.070329156996 -7.158863977718 1.259276506052 431.742
1873/05 2024 06 18 09 50 42.728 -4358.146 -265.597 -5209.514 -1.065881189807 -7.158377947499 1.265889863019 431.729
1873/05 2024 06 18 09 50 43.728 -4359.209 -272.755 -5208.245 -1.061431779074 -7.157883542420 1.272501647363 431.716
1873/05 2024 06 18 09 50 44.728 -4360.269 -279.913 -5206.969 -1.056980929113 -7.157380763218 1.279111850735 431.702
1873/05 2024 06 18 09 50 45.728 -4361.323 -287.070 -5205.687 -1.052528644242 -7.156869610640 1.285720464790 431.689
1873/05 2024 06 18 09 50 46.728 -4362.374 -294.227 -5204.398 -1.048074928780 -7.156350085440 1.292327481181 431.676
1873/05 2024 06 18 09 50 47.728 -4363.419 -301.383 -5203.102 -1.043619787050 -7.155822188384 1.298932891566 431.663
1873/05 2024 06 18 09 50 48.728 -4364.461 -308.538 -5201.800 -1.039163223375 -7.155285920248 1.305536687603 431.649
1873/05 2024 06 18 09 50 49.728 -4365.498 -315.693 -5200.491 -1.034705242081 -7.154741281816 1.312138860953 431.636
1873/05 2024 06 18 09 50 50.728 -4366.530 -322.848 -5199.175 -1.030245847497 -7.154188273883 1.318739403276 431.623
1873/05 2024 06 18 09 50 51.728 -4367.558 -330.002 -5197.853 -1.025785043952 -7.153626897253 1.325338306239 431.609
1873/05 2024 06 18 09 50 52.728 -4368.582 -337.155 -5196.525 -1.021322835778 -7.153057152739 1.331935561505 431.596
1873/05 2024 06 18 09 50 53.728 -4369.601 -344.308 -5195.190 -1.016859227310 -7.152479041165 1.338531160742 431.582
1873/05 2024 06 18 09 50 54.728 -4370.616 -351.460 -5193.848 -1.012394222883 -7.151892563364 1.345125095621 431.569
1873/05 2024 06 18 09 50 55.728 -4371.626 -358.612 -5192.499 -1.007927826836 -7.151297720178 1.351717357812 431.555
1873/05 2024 06 18 09 50 56.728 -4372.631 -365.763 -5191.144 -1.003460043509 -7.150694512461 1.358307938988 431.542
1873/05 2024 06 18 09 50 57.728 -4373.633 -372.913 -5189.783 -0.998990877244 -7.150082941074 1.364896830824 431.528
1873/05 2024 06 18 09 50 58.728 -4374.629 -380.063 -5188.415 -0.994520332386 -7.149463006888 1.371484024997 431.515
1873/05 2024 06 18 09 50 59.728 -4375.622 -387.212 -5187.040 -0.990048413280 -7.148834710784 1.378069513186 431.501
1873/05 2024 06 18 09 51 00.728 -4376.609 -394.360 -5185.658 -0.985575124275 -7.148198053655 1.384653287071 431.487
1873/05 2024 06 18 09 51 01.728 -4377.593 -401.508 -5184.270 -0.981100469721 -7.147553036400 1.391235338334 431.474
1873/05 2024 06 18 09 51 02.728 -4378.572 -408.656 -5182.876 -0.976624453971 -7.146899659929 1.397815658661 431.460
1873/05 2024 06 18 09 51 03.728 -4379.546 -415.802 -5181.475 -0.972147081378 -7.146237925162 1.404394239737 431.446
1873/05 2024 06 18 09 51 04.728 -4380.516 -422.948 -5180.067 -0.967668356299 -7.145567833029 1.410971073251 431.432
1873/05 2024 06 18 09 51 05.728 -4381.481 -430.093 -5178.653 -0.963188283093 -7.144889384469 1.417546150893 431.419
1873/05 2024 06 18 09 51 06.728 -4382.442 -437.238 -5177.232 -0.958706866119 -7.144202580430 1.424119464354 431.405
1873/05 2024 06 18 09 51 07.728 -4383.399 -444.382 -5175.805 -0.954224109739 -7.143507421872 1.430691005330 431.391
1873/05 2024 06 18 09 51 08.728 -4384.351 -451.525 -5174.371 -0.949740018319 -7.142803909761 1.437260765517 431.377
1873/05 2024 06 18 09 51 09.728 -4385.298 -458.667 -5172.930 -0.945254596224 -7.142092045076 1.443828736611 431.363
1873/05 2024 06 18 09 51 10.728 -4386.241 -465.809 -5171.483 -0.940767847822 -7.141371828803 1.450394910314 431.349
1873/05 2024 06 18 09 51 11.728 -4387.180 -472.950 -5170.029 -0.936279777484 -7.140643261941 1.456959278328 431.335
1873/05 2024 06 18 09 51 12.728 -4388.114 -480.090 -5168.569 -0.931790389582 -7.139906345495 1.463521832356 431.321
1873/05 2024 06 18 09 51 13.728 -4389.043 -487.230 -5167.102 -0.927299688490 -7.139161080481 1.470082564105 431.307
1873/05 2024 06 18 09 51 14.728 -4389.968 -494.369 -5165.629 -0.922807678584 -7.138407467926 1.476641465283 431.293
1873/05 2024 06 18 09 51 15.728 -4390.889 -501.507 -5164.149 -0.918314364243 -7.137645508865 1.483198527600 431.279
1873/05 2024 06 18 09 51 16.728 -4391.805 -508.644 -5162.663 -0.913819749846 -7.136875204343 1.489753742769 431.265
1873/05 2024 06 18 09 51 17.728 -4392.717 -515.780 -5161.169 -0.909323839775 -7.136096555415 1.496307102503 431.251
1873/05 2024 06 18 09 51 18.728 -4393.624 -522.916 -5159.670 -0.904826638415 -7.135309563144 1.502858598519 431.237
1873/05 2024 06 18 09 51 19.728 -4394.526 -530.051 -5158.164 -0.900328150152 -7.134514228606 1.509408222536 431.223
1873/05 2024 06 18 09 51 20.728 -4395.424 -537.185 -5156.651 -0.895828379373 -7.133710552884 1.515955966273 431.209
1873/05 2024 06 18 09 51 21.728 -4396.318 -544.318 -5155.132 -0.891327330468 -7.132898537071 1.522501821455 431.194
1873/05 2024 06 18 09 51 22.728 -4397.207 -551.451 -5153.606 -0.886825007829 -7.132078182269 1.529045779805 431.180
1873/05 2024 06 18 09 51 23.728 -4398.092 -558.583 -5152.074 -0.882321415850 -7.131249489592 1.535587833051 431.166
1873/05 2024 06 18 09 51 24.728 -4398.972 -565.713 -5150.535 -0.877816558927 -7.130412460162 1.542127972921 431.152
1873/05 2024 06 18 09 51 25.728 -4399.847 -572.843 -5148.990 -0.873310441457 -7.129567095110 1.548666191147 431.137
1873/05 2024 06 18 09 51 26.728 -4400.718 -579.973 -5147.438 -0.868803067840 -7.128713395578 1.555202479462 431.123
1873/05 2024 06 18 09 51 27.728 -4401.585 -587.101 -5145.879 -0.864294442478 -7.127851362716 1.561736829602 431.109
1873/05 2024 06 18 09 51 28.728 -4402.447 -594.228 -5144.314 -0.859784569774 -7.126980997687 1.568269233304 431.094
1873/05 2024 06 18 09 51 29.728 -4403.304 -601.355 -5142.743 -0.855273454133 -7.126102301659 1.574799682308 431.080
1873/05 2024 06 18 09 51 30.728 -4404.157 -608.480 -5141.165 -0.850761099963 -7.125215275812 1.581328168356 431.065
1873/05 2024 06 18 09 51 31.728 -4405.006 -615.605 -5139.580 -0.846247511673 -7.124319921337 1.587854683192 431.051
1873/05 2024 06 18 09 51 32.728 -4405.850 -622.729 -5137.989 -0.841732693675 -7.123416239432 1.594379218563 431.036
1873/05 2024 06 18 09 51 33.728 -4406.689 -629.852 -5136.391 -0.837216650381 -7.122504231307 1.600901766218 431.022
1873/05 2024 06 18 09 51 34.728 -4407.524 -636.974 -5134.787 -0.832699386206 -7.121583898179 1.607422317908 431.007
1873/05 2024 06 18 09 51 35.728 -4408.355 -644.095 -5133.176 -0.828180905568 -7.120655241276 1.613940865384 430.992
1873/05 2024 06 18 09 51 36.728 -4409.181 -651.215 -5131.559 -0.823661212886 -7.119718261837 1.620457400404 430.978
1873/05 2024 06 18 09 51 37.728 -4410.002 -658.335 -5129.935 -0.819140312579 -7.118772961108 1.626971914725 430.963
1873/05 2024 06 18 09 51 38.728 -4410.819 -665.453 -5128.305 -0.814618209071 -7.117819340347 1.633484400107 430.949
1873/05 2024 06 18 09 51 39.728 -4411.631 -672.570 -5126.668 -0.810094906787 -7.116857400820 1.639994848311 430.934
1873/05 2024 06 18 09 51 40.728 -4412.439 -679.687 -5125.025 -0.805570410152 -7.115887143802 1.646503251103 430.919
1873/05 2024 06 18 09 51 41.728 -4413.243 -686.802 -5123.375 -0.801044723596 -7.114908570581 1.653009600249 430.904
1873/05 2024 06 18 09 51 42.728 -4414.041 -693.916 -5121.719 -0.796517851548 -7.113921682451 1.659513887519 430.890
1873/05 2024 06 18 09 51 43.728 -4414.836 -701.030 -5120.056 -0.791989798442 -7.112926480716 1.666016104683 430.875
1873/05 2024 06 18 09 51 44.728 -4415.625 -708.142 -5118.387 -0.787460568709 -7.111922966693 1.672516243516 430.860
1873/05 2024 06 18 09 51 45.728 -4416.410 -715.254 -5116.711 -0.782930166788 -7.110911141704 1.679014295794 430.845
1873/05 2024 06 18 09 51 46.728 -4417.191 -722.364 -5115.029 -0.778398597115 -7.109891007084 1.685510253296 430.830
1873/05 2024 06 18 09 51 47.728 -4417.967 -729.474 -5113.340 -0.773865864130 -7.108862564176 1.692004107802 430.815
1873/05 2024 06 18 09 51 48.728 -4418.739 -736.582 -5111.645 -0.769331972275 -7.107825814334 1.698495851095 430.800
1873/05 2024 06 18 09 51 49.728 -4419.506 -743.689 -5109.943 -0.764796925994 -7.106780758919 1.704985474961 430.785
1873/05 2024 06 18 09 51 50.728 -4420.268 -750.795 -5108.235 -0.760260729731 -7.105727399305 1.711472971188 430.770
1873/05 2024 06 18 09 51 51.728 -4421.026 -757.901 -5106.520 -0.755723387933 -7.104665736872 1.717958331567 430.755
1873/05 2024 06 18 09 51 52.728 -4421.780 -765.005 -5104.799 -0.751184905051 -7.103595773013 1.724441547890 430.740
1873/05 2024 06 18 09 51 53.728 -4422.529 -772.108 -5103.072 -0.746645285534 -7.102517509129 1.730922611952 430.725
1873/05 2024 06 18 09 51 54.728 -4423.273 -779.210 -5101.337 -0.742104533836 -7.101430946630 1.737401515552 430.710
1873/05 2024 06 18 09 51 55.728 -4424.013 -786.311 -5099.597 -0.737562654410 -7.100336086937 1.743878250489 430.695
1873/05 2024 06 18 09 51 56.728 -4424.748 -793.410 -5097.850 -0.733019651714 -7.099232931479 1.750352808566 430.680
1873/05 2024 06 18 09 51 57.728 -4425.479 -800.509 -5096.096 -0.728475530206 -7.098121481696 1.756825181587 430.665
1873/05 2024 06 18 09 51 58.728 -4426.205 -807.607 -5094.336 -0.723930294346 -7.097001739038 1.763295361362 430.650
1873/05 2024 06 18 09 51 59.728 -4426.927 -814.703 -5092.569 -0.719383948596 -7.095873704963 1.769763339698 430.635
1873/05 2024 06 18 09 52 00.728 -4427.644 -821.798 -5090.796 -0.714836497420 -7.094737380939 1.776229108410 430.619
1873/05 2024 06 18 09 52 01.728 -4428.357 -828.893 -5089.017 -0.710287945283 -7.093592768444 1.782692659311 430.604
1873/05 2024 06 18 09 52 02.728 -4429.065 -835.986 -5087.231 -0.705738296653 -7.092439868966 1.789153984220 430.589
1873/05 2024 06 18 09 52 03.728 -4429.768 -843.077 -5085.439 -0.701187555999 -7.091278684002 1.795613074957 430.573
1873/05 2024 06 18 09 52 04.728 -4430.467 -850.168 -5083.640 -0.696635727792 -7.090109215059 1.802069923343 430.558
1873/05 2024 06 18 09 52 05.728 -4431.161 -857.258 -5081.835 -0.692082816506 -7.088931463653 1.808524521204 430.543
1873/05 2024 06 18 09 52 06.728 -4431.851 -864.346 -5080.023 -0.687528826615 -7.087745431310 1.814976860368 430.527
1873/05 2024 06 18 09 52 07.728 -4432.536 -871.433 -5078.205 -0.682973762595 -7.086551119566 1.821426932665 430.512
1873/05 2024 06 18 09 52 08.728 -4433.217 -878.519 -5076.380 -0.678417628925 -7.085348529965 1.827874729927 430.496
1873/05 2024 06 18 09 52 09.728 -4433.893 -885.604 -5074.549 -0.673860430086 -7.084137664063 1.834320243991 430.481
1873/05 2024 06 18 09 52 10.728 -4434.565 -892.687 -5072.711 -0.669302170559 -7.082918523424 1.840763466694 430.466
1873/05 2024 06 18 09 52 11.728 -4435.232 -899.770 -5070.867 -0.664742854828 -7.081691109621 1.847204389876 430.450
1873/05 2024 06 18 09 52 12.728 -4435.894 -906.851 -5069.017 -0.660182487378 -7.080455424239 1.853643005381 430.434
1873/05 2024 06 18 09 52 13.728 -4436.552 -913.931 -5067.160 -0.655621072697 -7.079211468870 1.860079305054 430.419
1873/05 2024 06 18 09 52 14.728 -4437.206 -921.009 -5065.297 -0.651058615275 -7.077959245118 1.866513280744 430.403
1873/05 2024 06 18 09 52 15.728 -4437.854 -928.087 -5063.427 -0.646495119602 -7.076698754594 1.872944924303 430.388
1873/05 2024 06 18 09 52 16.728 -4438.499 -935.163 -5061.551 -0.641930590170 -7.075429998920 1.879374227583 430.372
1873/05 2024 06 18 09 52 17.728 -4439.138 -942.237 -5059.668 -0.637365031475 -7.074152979729 1.885801182441 430.356
1873/05 2024 06 18 09 52 18.728 -4439.773 -949.311 -5057.779 -0.632798448012 -7.072867698660 1.892225780736 430.341
1873/05 2024 06 18 09 52 19.728 -4440.404 -956.383 -5055.884 -0.628230844280 -7.071574157365 1.898648014330 430.325
1873/05 2024 06 18 09 52 20.728 -4441.030 -963.454 -5053.982 -0.623662224779 -7.070272357504 1.905067875088 430.309
1873/05 2024 06 18 09 52 21.728 -4441.651 -970.524 -5052.074 -0.619092594010 -7.068962300746 1.911485354876 430.294
1873/05 2024 06 18 09 52 22.728 -4442.268 -977.592 -5050.159 -0.614521956476 -7.067643988772 1.917900445564 430.278
1873/05 2024 06 18 09 52 23.728 -4442.880 -984.659 -5048.238 -0.609950316683 -7.066317423270 1.924313139026 430.262
1873/05 2024 06 18 09 52 24.728 -4443.488 -991.725 -5046.310 -0.605377679137 -7.064982605939 1.930723427135 430.246
1873/05 2024 06 18 09 52 25.728 -4444.091 -998.789 -5044.376 -0.600804048347 -7.063639538487 1.937131301771 430.230
1873/05 2024 06 18 09 52 26.728 -4444.689 -1005.852 -5042.436 -0.596229428824 -7.062288222632 1.943536754814 430.214
1873/05 2024 06 18 09 52 27.728 -4445.283 -1012.913 -5040.489 -0.591653825079 -7.060928660101 1.949939778147 430.199
1873/05 2024 06 18 09 52 28.728 -4445.873 -1019.974 -5038.536 -0.587077241626 -7.059560852630 1.956340363657 430.183
1873/05 2024 06 18 09 52 29.728 -4446.458 -1027.033 -5036.577 -0.582499682982 -7.058184801968 1.962738503234 430.167
1873/05 2024 06 18 09 52 30.728 -4447.038 -1034.090 -5034.611 -0.577921153662 -7.056800509869 1.969134188768 430.151
1873/05 2024 06 18 09 52 31.728 -4447.613 -1041.146 -5032.638 -0.573341658187 -7.055407978099 1.975527412155 430.135
1873/05 2024 06 18 09 52 32.728 -4448.184 -1048.201 -5030.660 -0.568761201076 -7.054007208434 1.981918165292 430.119
1873/05 2024 06 18 09 52 33.728 -4448.751 -1055.254 -5028.675 -0.564179786854 -7.052598202658 1.988306440080 430.103
1873/05 2024 06 18 09 52 34.728 -4449.313 -1062.306 -5026.683 -0.559597420042 -7.051180962566 1.994692228421 430.087
1873/05 2024 06 18 09 52 35.728 -4449.870 -1069.357 -5024.685 -0.555014105168 -7.049755489962 2.001075522223 430.071
1873/05 2024 06 18 09 52 36.728 -4450.423 -1076.406 -5022.681 -0.550429846760 -7.048321786658 2.007456313393 430.054
1873/05 2024 06 18 09 52 37.728 -4450.971 -1083.453 -5020.670 -0.545844649345 -7.046879854480 2.013834593843 430.038
1873/05 2024 06 18 09 52 38.728 -4451.514 -1090.499 -5018.653 -0.541258517456 -7.045429695258 2.020210355488 430.022
1873/05 2024 06 18 09 52 39.728 -4452.053 -1097.544 -5016.630 -0.536671455626 -7.043971310835 2.026583590246 430.006
1873/05 2024 06 18 09 52 40.728 -4452.588 -1104.587 -5014.600 -0.532083468387 -7.042504703064 2.032954290037 429.990
1873/05 2024 06 18 09 52 41.728 -4453.118 -1111.629 -5012.564 -0.527494560277 -7.041029873805 2.039322446784 429.974
1873/05 2024 06 18 09 52 42.728 -4453.643 -1118.669 -5010.521 -0.522904735834 -7.039546824929 2.045688052413 429.957
1873/05 2024 06 18 09 52 43.728 -4454.163 -1125.708 -5008.473 -0.518313999596 -7.038055558318 2.052051098854 429.941
1873/05 2024 06 18 09 52 44.728 -4454.679 -1132.745 -5006.417 -0.513722356106 -7.036556075860 2.058411578038 429.925
1873/05 2024 06 18 09 52 45.728 -4455.191 -1139.781 -5004.356 -0.509129809905 -7.035048379456 2.064769481901 429.908
1873/05 2024 06 18 09 52 46.728 -4455.698 -1146.816 -5002.288 -0.504536365538 -7.033532471015 2.071124802381 429.892
1873/05 2024 06 18 09 52 47.728 -4456.200 -1153.848 -5000.213 -0.499942027551 -7.032008352455 2.077477531418 429.876
1873/05 2024 06 18 09 52 48.728 -4456.698 -1160.880 -4998.133 -0.495346800493 -7.030476025705 2.083827660956 429.859
1873/05 2024 06 18 09 52 49.728 -4457.191 -1167.909 -4996.046 -0.490750688912 -7.028935492703 2.090175182943 429.843
1873/05 2024 06 18 09 52 50.728 -4457.679 -1174.937 -4993.952 -0.486153697360 -7.027386755397 2.096520089328 429.826
1873/05 2024 06 18 09 52 51.728 -4458.163 -1181.964 -4991.853 -0.481555830389 -7.025829815742 2.102862372064 429.810
1873/05 2024 06 18 09 52 52.728 -4458.642 -1188.989 -4989.747 -0.476957092554 -7.024264675706 2.109202023106 429.793
1873/05 2024 06 18 09 52 53.728 -4459.117 -1196.013 -4987.634 -0.472357488411 -7.022691337265 2.115539034415 429.777
1873/05 2024 06 18 09 52 54.728 -4459.587 -1203.034 -4985.516 -0.467757022517 -7.021109802404 2.121873397952 429.760
1873/05 2024 06 18 09 52 55.728 -4460.052 -1210.055 -4983.391 -0.463155699433 -7.019520073119 2.128205105681 429.744
1873/05 2024 06 18 09 52 56.728 -4460.513 -1217.074 -4981.259 -0.458553523717 -7.017922151415 2.134534149571 429.727
1873/05 2024 06 18 09 52 57.728 -4460.969 -1224.091 -4979.122 -0.453950499935 -7.016316039305 2.140860521594 429.711
1873/05 2024 06 18 09 52 58.728 -4461.421 -1231.106 -4976.978 -0.449346632648 -7.014701738813 2.147184213722 429.694
1873/05 2024 06 18 09 52 59.728 -4461.868 -1238.120 -4974.827 -0.444741926424 -7.013079251974 2.153505217934 429.678
1873/05 2024 06 18 09 53 00.728 -4462.311 -1245.132 -4972.671 -0.440136385830 -7.011448580829 2.159823526209 429.661
1873/05 2024 06 18 09 53 01.728 -4462.748 -1252.143 -4970.508 -0.435530015434 -7.009809727432 2.166139130532 429.644
1873/05 2024 06 18 09 53 02.728 -4463.182 -1259.152 -4968.338 -0.430922819807 -7.008162693843 2.172452022889 429.627
1873/05 2024 06 18 09 53 03.728 -4463.610 -1266.159 -4966.163 -0.426314803522 -7.006507482136 2.178762195269 429.611
1873/05 2024 06 18 09 53 04.728 -4464.034 -1273.165 -4963.981 -0.421705971153 -7.004844094391 2.185069639666 429.594
1873/05 2024 06 18 09 53 05.728 -4464.454 -1280.169 -4961.793 -0.417096327274 -7.003172532698 2.191374348075 429.577
1873/05 2024 06 18 09 53 06.728 -4464.869 -1287.171 -4959.598 -0.412485876462 -7.001492799158 2.197676312496 429.560
1873/05 2024 06 18 09 53 07.728 -4465.279 -1294.172 -4957.397 -0.407874623297 -6.999804895880 2.203975524931 429.544
1873/05 2024 06 18 09 53 08.728 -4465.684 -1301.171 -4955.190 -0.403262572359 -6.998108824984 2.210271977385 429.527
1873/05 2024 06 18 09 53 09.728 -4466.085 -1308.168 -4952.977 -0.398649728228 -6.996404588599 2.216565661867 429.510
1873/05 2024 06 18 09 53 10.728 -4466.482 -1315.164 -4950.757 -0.394036095489 -6.994692188862 2.222856570388 429.493
1873/05 2024 06 18 09 53 11.728 -4466.873 -1322.158 -4948.531 -0.389421678727 -6.992971627921 2.229144694965 429.476
1873/05 2024 06 18 09 53 12.728 -4467.260 -1329.150 -4946.299 -0.384806482527 -6.991242907935 2.235430027615 429.459
1873/05 2024 06 18 09 53 13.728 -4467.643 -1336.140 -4944.060 -0.380190511477 -6.989506031069 2.241712560360 429.442
1873/05 2024 06 18 09 53 14.728 -4468.021 -1343.129 -4941.815 -0.375573770168 -6.987760999500 2.247992285224 429.425
1873/05 2024 06 18 09 53 15.728 -4468.394 -1350.116 -4939.564 -0.370956263190 -6.986007815415 2.254269194236 429.408
1873/05 2024 06 18 09 53 16.728 -4468.763 -1357.101 -4937.307 -0.366337995136 -6.984246481008 2.260543279426 429.391
1873/05 2024 06 18 09 53 17.728 -4469.127 -1364.084 -4935.043 -0.361718970600 -6.982476998484 2.266814532829 429.374
1873/05 2024 06 18 09 53 18.728 -4469.486 -1371.066 -4932.773 -0.357099194178 -6.980699370058 2.273082946484 429.357
1873/05 2024 06 18 09 53 19.728 -4469.841 -1378.045 -4930.497 -0.352478670466 -6.978913597954 2.279348512430 429.340
1873/05 2024 06 18 09 53 20.728 -4470.191 -1385.023 -4928.214 -0.347857404065 -6.977119684406 2.285611222713 429.323
1873/05 2024 06 18 09 53 21.728 -4470.537 -1392.000 -4925.926 -0.343235399573 -6.975317631656 2.291871069380 429.306
1873/05 2024 06 18 09 53 22.728 -4470.878 -1398.974 -4923.631 -0.338612661593 -6.973507441957 2.298128044482 429.289
1873/05 2024 06 18 09 53 23.728 -4471.214 -1405.947 -4921.329 -0.333989194728 -6.971689117571 2.304382140073 429.272
1873/05 2024 06 18 09 53 24.728 -4471.546 -1412.917 -4919.022 -0.329365003583 -6.969862660769 2.310633348211 429.254
1873/05 2024 06 18 09 53 25.728 -4471.873 -1419.886 -4916.708 -0.324740092764 -6.968028073834 2.316881660957 429.237
1873/05 2024 06 18 09 53 26.728 -4472.195 -1426.853 -4914.388 -0.320114466879 -6.966185359054 2.323127070375 429.220
1873/05 2024 06 18 09 53 27.728 -4472.513 -1433.819 -4912.062 -0.315488130537 -6.964334518731 2.329369568534 429.203
1873/05 2024 06 18 09 53 28.728 -4472.826 -1440.782 -4909.729 -0.310861088350 -6.962475555173 2.335609147503 429.186
1873/05 2024 06 18 09 53 29.728 -4473.135 -1447.744 -4907.391 -0.306233344928 -6.960608470700 2.341845799358 429.168
1873/05 2024 06 18 09 53 30.728 -4473.438 -1454.703 -4905.046 -0.301604904887 -6.958733267641 2.348079516176 429.151
1873/05 2024 06 18 09 53 31.728 -4473.738 -1461.661 -4902.694 -0.296975772841 -6.956849948334 2.354310290038 429.134
1873/05 2024 06 18 09 53 32.728 -4474.032 -1468.617 -4900.337 -0.292345953407 -6.954958515125 2.360538113030 429.116
1873/05 2024 06 18 09 53 33.728 -4474.322 -1475.571 -4897.973 -0.287715451204 -6.953058970372 2.366762977239 429.099
1873/05 2024 06 18 09 53 34.728 -4474.608 -1482.523 -4895.604 -0.283084270850 -6.951151316442 2.372984874758 429.082
1873/05 2024 06 18 09 53 35.728 -4474.889 -1489.473 -4893.227 -0.278452416967 -6.949235555711 2.379203797680 429.064
1873/05 2024 06 18 09 53 36.728 -4475.165 -1496.422 -4890.845 -0.273819894177 -6.947311690564 2.385419738104 429.047
1873/05 2024 06 18 09 53 37.728 -4475.436 -1503.368 -4888.457 -0.269186707106 -6.945379723396 2.391632688132 429.029
1873/05 2024 06 18 09 53 38.728 -4475.703 -1510.312 -4886.062 -0.264552860377 -6.943439656612 2.397842639870 429.012
1873/05 2024 06 18 09 53 39.728 -4475.965 -1517.255 -4883.661 -0.259918358617 -6.941491492626 2.404049585427 428.994
1873/05 2024 06 18 09 53 40.728 -4476.223 -1524.195 -4881.254 -0.255283206456 -6.939535233860 2.410253516914 428.977
1873/05 2024 06 18 09 53 41.728 -4476.476 -1531.134 -4878.840 -0.250647408523 -6.937570882749 2.416454426447 428.959
1873/05 2024 06 18 09 53 42.728 -4476.724 -1538.071 -4876.421 -0.246010969449 -6.935598441734 2.422652306147 428.942
1873/05 2024 06 18 09 53 43.728 -4476.968 -1545.005 -4873.995 -0.241373893867 -6.933617913267 2.428847148135 428.924
1873/05 2024 06 18 09 53 44.728 -4477.207 -1551.938 -4871.563 -0.236736186410 -6.931629299810 2.435038944539 428.907
1873/05 2024 06 18 09 53 45.728 -4477.441 -1558.868 -4869.125 -0.232097851714 -6.929632603834 2.441227687488 428.889
1873/05 2024 06 18 09 53 46.728 -4477.671 -1565.797 -4866.681 -0.227458894417 -6.927627827818 2.447413369116 428.871
1873/05 2024 06 18 09 53 47.728 -4477.896 -1572.724 -4864.230 -0.222819319155 -6.925614974252 2.453595981559 428.854
1873/05 2024 06 18 09 53 48.728 -4478.117 -1579.648 -4861.773 -0.218179130569 -6.923594045637 2.459775516959 428.836
1873/05 2024 06 18 09 53 49.728 -4478.333 -1586.571 -4859.311 -0.213538333301 -6.921565044479 2.465951967460 428.818
1873/05 2024 06 18 09 53 50.728 -4478.544 -1593.491 -4856.842 -0.208896931991 -6.919527973299 2.472125325209 428.801
1873/05 2024 06 18 09 53 51.728 -4478.750 -1600.410 -4854.366 -0.204254931285 -6.917482834622 2.478295582358 428.783
1873/05 2024 06 18 09 53 52.728 -4478.952 -1607.326 -4851.885 -0.199612335826 -6.915429630986 2.484462731062 428.765
1873/05 2024 06 18 09 53 53.728 -4479.150 -1614.241 -4849.397 -0.194969150263 -6.913368364938 2.490626763480 428.748
1873/05 2024 06 18 09 53 54.728 -4479.342 -1621.153 -4846.904 -0.190325379242 -6.911299039034 2.496787671774 428.730
1873/05 2024 06 18 09 53 55.728 -4479.530 -1628.063 -4844.404 -0.185681027413 -6.909221655839 2.502945448110 428.712
1873/05 2024 06 18 09 53 56.728 -4479.714 -1634.972 -4841.898 -0.181036099427 -6.907136217927 2.509100084657 428.694
1873/05 2024 06 18 09 53 57.728 -4479.892 -1641.878 -4839.386 -0.176390599936 -6.905042727884 2.515251573589 428.676
1873/05 2024 06 18 09 53 58.728 -4480.066 -1648.782 -4836.867 -0.171744533592 -6.902941188302 2.521399907083 428.658
1873/05 2024 06 18 09 53 59.728 -4480.236 -1655.683 -4834.343 -0.167097905052 -6.900831601786 2.527545077320 428.641
1873/05 2024 06 18 09 54 00.728 -4480.401 -1662.583 -4831.812 -0.162450718970 -6.898713970947 2.533687076483 428.623
1873/05 2024 06 18 09 54 01.728 -4480.561 -1669.481 -4829.276 -0.157802980004 -6.896588298408 2.539825896761 428.605
1873/05 2024 06 18 09 54 02.728 -4480.716 -1676.376 -4826.733 -0.153154692813 -6.894454586800 2.545961530345 428.587
1873/05 2024 06 18 09 54 03.728 -4480.867 -1683.270 -4824.184 -0.148505862057 -6.892312838765 2.552093969431 428.569
1873/05 2024 06 18 09 54 04.728 -4481.013 -1690.161 -4821.628 -0.143856492398 -6.890163056952 2.558223206218 428.551
1873/05 2024 06 18 09 54 05.728 -4481.155 -1697.050 -4819.067 -0.139206588497 -6.888005244021 2.564349232910 428.533
1873/05 2024 06 18 09 54 06.728 -4481.292 -1703.937 -4816.500 -0.134556155019 -6.885839402642 2.570472041712 428.515
1873/05 2024 06 18 09 54 07.728 -4481.424 -1710.822 -4813.926 -0.129905196630 -6.883665535492 2.576591624835 428.497
1873/05 2024 06 18 09 54 08.728 -4481.552 -1717.704 -4811.347 -0.125253717995 -6.881483645261 2.582707974493 428.479
1873/05 2024 06 18 09 54 09.728 -4481.674 -1724.585 -4808.761 -0.120601723783 -6.879293734646 2.588821082905 428.461
1873/05 2024 06 18 09 54 10.728 -4481.793 -1731.463 -4806.169 -0.115949218663 -6.877095806352 2.594930942292 428.443
1873/05 2024 06 18 09 54 11.728 -4481.906 -1738.339 -4803.571 -0.111296207306 -6.874889863098 2.601037544879 428.425
1873/05 2024 06 18 09 54 12.728 -4482.015 -1745.213 -4800.967 -0.106642694382 -6.872675907608 2.607140882897 428.406
1873/05 2024 06 18 09 54 13.728 -4482.120 -1752.084 -4798.357 -0.101988684566 -6.870453942618 2.613240948578 428.388
1873/05 2024 06 18 09 54 14.728 -4482.219 -1758.954 -4795.740 -0.097334182532 -6.868223970872 2.619337734159 428.370
1873/05 2024 06 18 09 54 15.728 -4482.314 -1765.821 -4793.118 -0.092679192955 -6.865985995123 2.625431231882 428.352
1873/05 2024 06 18 09 54 16.728 -4482.405 -1772.686 -4790.489 -0.088023720511 -6.863740018136 2.631521433991 428.334
1873/05 2024 06 18 09 54 17.728 -4482.490 -1779.548 -4787.855 -0.083367769880 -6.861486042684 2.637608332734 428.316
1873/05 2024 06 18 09 54 18.728 -4482.571 -1786.409 -4785.214 -0.078711345741 -6.859224071547 2.643691920364 428.297
1873/05 2024 06 18 09 54 19.728 -4482.648 -1793.267 -4782.568 -0.074054452773 -6.856954107518 2.649772189138 428.279
1873/05 2024 06 18 09 54 20.728 -4482.720 -1800.123 -4779.915 -0.069397095660 -6.854676153397 2.655849131315 428.261
1873/05 2024 06 18 09 54 21.728 -4482.787 -1806.976 -4777.256 -0.064739279084 -6.852390211995 2.661922739160 428.243
1873/05 2024 06 18 09 54 22.728 -4482.849 -1813.827 -4774.591 -0.060081007729 -6.850096286132 2.667993004941 428.224
1873/05 2024 06 18 09 54 23.728 -4482.907 -1820.676 -4771.920 -0.055422286281 -6.847794378636 2.674059920930 428.206
1873/05 2024 06 18 09 54 24.728 -4482.960 -1827.523 -4769.243 -0.050763119427 -6.845484492346 2.680123479402 428.188
1873/05 2024 06 18 09 54 25.728 -4483.008 -1834.367 -4766.560 -0.046103511855 -6.843166630110 2.686183672638 428.169
1873/05 2024 06 18 09 54 26.728 -4483.052 -1841.209 -4763.870 -0.041443468253 -6.840840794785 2.692240492921 428.151
1873/05 2024 06 18 09 54 27.728 -4483.091 -1848.049 -4761.175 -0.036782993314 -6.838506989237 2.698293932540 428.133
1873/05 2024 06 18 09 54 28.728 -4483.126 -1854.886 -4758.474 -0.032122091727 -6.836165216342 2.704343983785 428.114
1873/05 2024 06 18 09 54 29.728 -4483.155 -1861.721 -4755.766 -0.027460768187 -6.833815478987 2.710390638952 428.096
1873/05 2024 06 18 09 54 30.728 -4483.181 -1868.554 -4753.053 -0.022799027386 -6.831457780065 2.716433890342 428.077
1873/05 2024 06 18 09 54 31.728 -4483.201 -1875.384 -4750.334 -0.018136874021 -6.829092122480 2.722473730257 428.059
1873/05 2024 06 18 09 54 32.728 -4483.217 -1882.212 -4747.608 -0.013474312788 -6.826718509146 2.728510151006 428.040
1873/05 2024 06 18 09 54 33.728 -4483.228 -1889.038 -4744.877 -0.008811348384 -6.824336942985 2.734543144900 428.022
1873/05 2024 06 18 09 54 34.728 -4483.234 -1895.861 -4742.139 -0.004147985508 -6.821947426930 2.740572704255 428.003
1873/05 2024 06 18 09 54 35.728 -4483.236 -1902.681 -4739.395 0.000515771140 -6.819549963922 2.746598821391 427.985
1873/05 2024 06 18 09 54 36.728 -4483.233 -1909.500 -4736.646 0.005179916858 -6.817144556911 2.752621488630 427.966
1873/05 2024 06 18 09 54 37.728 -4483.226 -1916.316 -4733.890 0.009844446945 -6.814731208859 2.758640698303 427.948
1873/05 2024 06 18 09 54 38.728 -4483.214 -1923.129 -4731.129 0.014509356698 -6.812309922734 2.764656442739 427.929
1873/05 2024 06 18 09 54 39.728 -4483.197 -1929.940 -4728.361 0.019174641410 -6.809880701515 2.770668714276 427.911
1873/05 2024 06 18 09 54 40.728 -4483.175 -1936.749 -4725.587 0.023840296377 -6.807443548191 2.776677505253 427.892
1873/05 2024 06 18 09 54 41.728 -4483.149 -1943.555 -4722.808 0.028506316892 -6.804998465758 2.782682808014 427.873
1873/05 2024 06 18 09 54 42.728 -4483.118 -1950.359 -4720.022 0.033172698247 -6.802545457224 2.788684614908 427.855
1873/05 2024 06 18 09 54 43.728 -4483.083 -1957.160 -4717.230 0.037839435733 -6.800084525604 2.794682918287 427.836
1873/05 2024 06 18 09 54 44.728 -4483.043 -1963.959 -4714.432 0.042506524639 -6.797615673925 2.800677710508 427.818
1873/05 2024 06 18 09 54 45.728 -4482.998 -1970.756 -4711.629 0.047173960254 -6.795138905221 2.806668983931 427.799
1873/05 2024 06 18 09 54 46.728 -4482.948 -1977.549 -4708.819 0.051841737865 -6.792654222536 2.812656730922 427.780
1873/05 2024 06 18 09 54 47.728 -4482.894 -1984.341 -4706.003 0.056509852759 -6.790161628923 2.818640943848 427.761
1873/05 2024 06 18 09 54 48.728 -4482.835 -1991.130 -4703.182 0.061178300221 -6.787661127446 2.824621615084 427.743
1873/05 2024 06 18 09 54 49.728 -4482.772 -1997.916 -4700.354 0.065847075535 -6.785152721175 2.830598737006 427.724
1873/05 2024 06 18 09 54 50.728 -4482.704 -2004.700 -4697.521 0.070516173984 -6.782636413194 2.836572301996 427.705
1873/05 2024 06 18 09 54 51.728 -4482.631 -2011.481 -4694.681 0.075185590850 -6.780112206591 2.842542302439 427.686
1873/05 2024 06 18 09 54 52.728 -4482.553 -2018.260 -4691.836 0.079855321415 -6.777580104468 2.848508730726 427.668
1873/05 2024 06 18 09 54 53.728 -4482.471 -2025.037 -4688.984 0.084525360957 -6.775040109934 2.854471579250 427.649
1873/05 2024 06 18 09 54 54.728 -4482.384 -2031.810 -4686.127 0.089195704756 -6.772492226106 2.860430840410 427.630
1873/05 2024 06 18 09 54 55.728 -4482.293 -2038.582 -4683.263 0.093866348088 -6.769936456113 2.866386506609 427.611
1873/05 2024 06 18 09 54 56.728 -4482.196 -2045.350 -4680.394 0.098537286232 -6.767372803092 2.872338570252 427.592
1873/05 2024 06 18 09 54 57.728 -4482.096 -2052.116 -4677.519 0.103208514461 -6.764801270189 2.878287023752 427.573
1873/05 2024 06 18 09 54 58.728 -4481.990 -2058.880 -4674.637 0.107880028051 -6.762221860560 2.884231859522 427.555
1873/05 2024 06 18 09 54 59.728 -4481.880 -2065.641 -4671.750 0.112551822275 -6.759634577371 2.890173069984 427.536
1873/05 2024 06 18 09 55 00.728 -4481.765 -2072.399 -4668.857 0.117223892406 -6.757039423794 2.896110647560 427.517
1873/05 2024 06 18 09 55 01.728 -4481.645 -2079.155 -4665.958 0.121896233714 -6.754436403015 2.902044584679 427.498
1873/05 2024 06 18 09 55 02.728 -4481.521 -2085.908 -4663.053 0.126568841469 -6.751825518224 2.907974873773 427.479
1873/05 2024 06 18 09 55 03.728 -4481.392 -2092.658 -4660.142 0.131241710942 -6.749206772626 2.913901507279 427.460
1873/05 2024 06 18 09 55 04.728 -4481.259 -2099.406 -4657.225 0.135914837400 -6.746580169430 2.919824477638 427.441
1873/05 2024 06 18 09 55 05.728 -4481.120 -2106.152 -4654.302 0.140588216110 -6.743945711858 2.925743777295 427.422
1873/05 2024 06 18 09 55 06.728 -4480.977 -2112.894 -4651.374 0.145261842338 -6.741303403139 2.931659398700 427.403
1873/05 2024 06 18 09 55 07.728 -4480.830 -2119.634 -4648.439 0.149935711350 -6.738653246512 2.937571334307 427.384
1873/05 2024 06 18 09 55 08.728 -4480.678 -2126.372 -4645.498 0.154609818409 -6.735995245226 2.943479576574 427.365
1873/05 2024 06 18 09 55 09.728 -4480.521 -2133.106 -4642.552 0.159284158780 -6.733329402538 2.949384117964 427.346
1873/05 2024 06 18 09 55 10.728 -4480.359 -2139.838 -4639.600 0.163958727723 -6.730655721716 2.955284950945 427.327
1873/05 2024 06 18 09 55 11.728 -4480.193 -2146.568 -4636.641 0.168633520499 -6.727974206034 2.961182067987 427.308
1873/05 2024 06 18 09 55 12.728 -4480.022 -2153.294 -4633.677 0.173308532370 -6.725284858779 2.967075461566 427.289
1873/05 2024 06 18 09 55 13.728 -4479.846 -2160.018 -4630.707 0.177983758594 -6.722587683245 2.972965124164 427.269
1873/05 2024 06 18 09 55 14.728 -4479.666 -2166.739 -4627.731 0.182659194429 -6.719882682736 2.978851048263 427.250
1873/05 2024 06 18 09 55 15.728 -4479.481 -2173.458 -4624.750 0.187334835133 -6.717169860565 2.984733226355 427.231
1873/05 2024 06 18 09 55 16.728 -4479.291 -2180.174 -4621.762 0.192010675961 -6.714449220053 2.990611650932 427.212
1873/05 2024 06 18 09 55 17.728 -4479.097 -2186.887 -4618.768 0.196686712168 -6.711720764533 2.996486314492 427.193
1873/05 2024 06 18 09 55 18.728 -4478.898 -2193.597 -4615.769 0.201362939010 -6.708984497344 3.002357209538 427.174
1873/05 2024 06 18 09 55 19.728 -4478.694 -2200.305 -4612.764 0.206039351739 -6.706240421838 3.008224328576 427.154
1873/05 2024 06 18 09 55 20.728 -4478.486 -2207.010 -4609.752 0.210715945607 -6.703488541373 3.014087664119 427.135
1873/05 2024 06 18 09 55 21.728 -4478.273 -2213.712 -4606.735 0.215392715866 -6.700728859317 3.019947208681 427.116
1873/05 2024 06 18 09 55 22.728 -4478.055 -2220.411 -4603.713 0.220069657767 -6.697961379047 3.025802954784 427.097
1873/05 2024 06 18 09 55 23.728 -4477.832 -2227.108 -4600.684 0.224746766559 -6.695186103951 3.031654894951 427.078
1873/05 2024 06 18 09 55 24.728 -4477.605 -2233.801 -4597.649 0.229424037490 -6.692403037424 3.037503021713 427.058
1873/05 2024 06 18 09 55 25.728 -4477.374 -2240.492 -4594.609 0.234101465808 -6.689612182872 3.043347327604 427.039
1873/05 2024 06 18 09 55 26.728 -4477.137 -2247.181 -4591.563 0.238779046760 -6.686813543708 3.049187805161 427.020
1873/05 2024 06 18 09 55 27.728 -4476.896 -2253.866 -4588.510 0.243456775591 -6.684007123356 3.055024446928 427.000
1873/05 2024 06 18 09 55 28.728 -4476.650 -2260.549 -4585.453 0.248134647547 -6.681192925249 3.060857245451 426.981
1873/05 2024 06 18 09 55 29.728 -4476.400 -2267.228 -4582.389 0.252812657872 -6.678370952828 3.066686193284 426.962
1873/05 2024 06 18 09 55 30.728 -4476.145 -2273.905 -4579.319 0.257490801808 -6.675541209545 3.072511282983 426.942
1873/05 2024 06 18 09 55 31.728 -4475.885 -2280.580 -4576.244 0.262169074597 -6.672703698859 3.078332507109 426.923
1873/05 2024 06 18 09 55 32.728 -4475.620 -2287.251 -4573.162 0.266847471481 -6.669858424240 3.084149858227 426.904
1873/05 2024 06 18 09 55 33.728 -4475.351 -2293.919 -4570.075 0.271525987701 -6.667005389166 3.089963328909 426.884
1873/05 2024 06 18 09 55 34.728 -4475.077 -2300.585 -4566.983 0.276204618495 -6.664144597126 3.095772911729 426.865
1873/05 2024 06 18 09 55 35.728 -4474.799 -2307.248 -4563.884 0.280883359103 -6.661276051615 3.101578599266 426.846
1873/05 2024 06 18 09 55 36.728 -4474.515 -2313.907 -4560.779 0.285562204761 -6.658399756140 3.107380384105 426.826
1873/05 2024 06 18 09 55 37.728 -4474.228 -2320.564 -4557.669 0.290241150707 -6.655515714215 3.113178258834 426.807
1873/05 2024 06 18 09 55 38.728 -4473.935 -2327.218 -4554.553 0.294920192178 -6.652623929366 3.118972216048 426.787
1873/05 2024 06 18 09 55 39.728 -4473.638 -2333.870 -4551.431 0.299599324407 -6.649724405125 3.124762248344 426.768
1873/05 2024 06 18 09 55 40.728 -4473.336 -2340.518 -4548.304 0.304278542629 -6.646817145036 3.130548348324 426.748
1873/05 2024 06 18 09 55 41.728 -4473.029 -2347.163 -4545.170 0.308957842078 -6.643902152649 3.136330508597 426.729
1873/05 2024 06 18 09 55 42.728 -4472.718 -2353.806 -4542.031 0.313637217986 -6.640979431525 3.142108721775 426.709
1873/05 2024 06 18 09 55 43.728 -4472.402 -2360.445 -4538.886 0.318316665585 -6.638048985235 3.147882980474 426.690
1873/05 2024 06 18 09 55 44.728 -4472.081 -2367.082 -4535.735 0.322996180105 -6.635110817357 3.153653277316 426.670
1873/05 2024 06 18 09 55 45.728 -4471.756 -2373.715 -4532.579 0.327675756778 -6.632164931479 3.159419604927 426.651
1873/05 2024 06 18 09 55 46.728 -4471.426 -2380.346 -4529.416 0.332355390831 -6.629211331200 3.165181955937 426.631
1873/05 2024 06 18 09 55 47.728 -4471.091 -2386.974 -4526.248 0.337035077493 -6.626250020125 3.170940322984 426.612
1873/05 2024 06 18 09 55 48.728 -4470.752 -2393.599 -4523.074 0.341714811993 -6.623281001869 3.176694698706 426.592
1873/05 2024 06 18 09 55 49.728 -4470.408 -2400.220 -4519.895 0.346394589555 -6.620304280058 3.182445075750 426.572
1873/05 2024 06 18 09 55 50.728 -4470.059 -2406.839 -4516.710 0.351074405408 -6.617319858325 3.188191446764 426.553
1873/05 2024 06 18 09 55 51.728 -4469.706 -2413.455 -4513.518 0.355754254775 -6.614327740312 3.193933804404 426.533
1873/05 2024 06 18 09 55 52.728 -4469.348 -2420.068 -4510.322 0.360434132881 -6.611327929673 3.199672141330 426.514
1873/05 2024 06 18 09 55 53.728 -4468.985 -2426.678 -4507.119 0.365114034949 -6.608320430067 3.205406450204 426.494
1873/05 2024 06 18 09 55 54.728 -4468.617 -2433.284 -4503.911 0.369793956202 -6.605305245165 3.211136723697 426.474
1873/05 2024 06 18 09 55 55.728 -4468.245 -2439.888 -4500.697 0.374473891863 -6.602282378645 3.216862954482 426.455
1873/05 2024 06 18 09 55 56.728 -4467.868 -2446.489 -4497.477 0.379153837152 -6.599251834197 3.222585135238 426.435
1873/05 2024 06 18 09 55 57.728 -4467.487 -2453.087 -4494.252 0.383833787289 -6.596213615518 3.228303258648 426.415
1873/05 2024 06 18 09 55 58.728 -4467.101 -2459.681 -4491.020 0.388513737494 -6.593167726313 3.234017317400 426.396
1873/05 2024 06 18 09 55 59.728 -4466.710 -2466.273 -4487.784 0.393193682987 -6.590114170299 3.239727304188 426.376
1873/05 2024 06 18 09 56 00.728 -4466.314 -2472.862 -4484.541 0.397873618984 -6.587052951200 3.245433211709 426.356
1873/05 2024 06 18 09 56 01.728 -4465.914 -2479.447 -4481.293 0.402553540704 -6.583984072749 3.251135032667 426.337
1873/05 2024 06 18 09 56 02.728 -4465.509 -2486.030 -4478.039 0.407233443363 -6.580907538689 3.256832759768 426.317
1873/05 2024 06 18 09 56 03.728 -4465.100 -2492.609 -4474.779 0.411913322176 -6.577823352771 3.262526385726 426.297
1873/05 2024 06 18 09 56 04.728 -4464.685 -2499.185 -4471.514 0.416593172359 -6.574731518757 3.268215903257 426.277
1873/05 2024 06 18 09 56 05.728 -4464.266 -2505.758 -4468.243 0.421272989126 -6.571632040417 3.273901305085 426.258
1873/05 2024 06 18 09 56 06.728 -4463.843 -2512.329 -4464.966 0.425952767690 -6.568524921528 3.279582583937 426.238
1873/05 2024 06 18 09 56 07.728 -4463.415 -2518.896 -4461.683 0.430632503265 -6.565410165879 3.285259732544 426.218
1873/05 2024 06 18 09 56 08.728 -4462.982 -2525.459 -4458.395 0.435312191063 -6.562287777267 3.290932743643 426.198
1873/05 2024 06 18 09 56 09.728 -4462.544 -2532.020 -4455.102 0.439991826294 -6.559157759497 3.296601609978 426.178
1873/05 2024 06 18 09 56 10.728 -4462.102 -2538.578 -4451.802 0.444671404169 -6.556020116385 3.302266324293 426.159
1873/05 2024 06 18 09 56 11.728 -4461.655 -2545.132 -4448.497 0.449350919899 -6.552874851755 3.307926879343 426.139
1873/05 2024 06 18 09 56 12.728 -4461.203 -2551.683 -4445.186 0.454030368693 -6.549721969439 3.313583267883 426.119
1873/05 2024 06 18 09 56 13.728 -4460.747 -2558.232 -4441.870 0.458709745759 -6.546561473279 3.319235482674 426.099
1873/05 2024 06 18 09 56 14.728 -4460.285 -2564.777 -4438.548 0.463389046304 -6.543393367127 3.324883516485 426.079
1873/05 2024 06 18 09 56 15.728 -4459.820 -2571.318 -4435.220 0.468068265537 -6.540217654842 3.330527362087 426.059
1873/05 2024 06 18 09 56 16.728 -4459.349 -2577.857 -4431.887 0.472747398664 -6.537034340293 3.336167012256 426.039
1873/05 2024 06 18 09 56 17.728 -4458.874 -2584.392 -4428.548 0.477426440889 -6.533843427359 3.341802459775 426.020
1873/05 2024 06 18 09 56 18.728 -4458.394 -2590.925 -4425.203 0.482105387419 -6.530644919926 3.347433697430 426.000
1873/05 2024 06 18 09 56 19.728 -4457.910 -2597.454 -4421.853 0.486784233457 -6.527438821890 3.353060718013 425.980
1873/05 2024 06 18 09 56 20.728 -4457.421 -2603.980 -4418.497 0.491462974208 -6.524225137157 3.358683514321 425.960
1873/05 2024 06 18 09 56 21.728 -4456.927 -2610.502 -4415.136 0.496141604874 -6.521003869640 3.364302079156 425.940
1873/05 2024 06 18 09 56 22.728 -4456.429 -2617.022 -4411.768 0.500820120658 -6.517775023262 3.369916405324 425.920
1873/05 2024 06 18 09 56 23.728 -4455.925 -2623.538 -4408.396 0.505498516762 -6.514538601954 3.375526485639 425.900
1873/05 2024 06 18 09 56 24.728 -4455.418 -2630.051 -4405.017 0.510176788386 -6.511294609659 3.381132312916 425.880
1873/05 2024 06 18 09 56 25.728 -4454.905 -2636.560 -4401.634 0.514854930731 -6.508043050325 3.386733879979 425.860
1873/05 2024 06 18 09 56 26.728 -4454.388 -2643.067 -4398.244 0.519532938996 -6.504783927911 3.392331179654 425.840
1873/05 2024 06 18 09 56 27.728 -4453.866 -2649.570 -4394.849 0.524210808381 -6.501517246385 3.397924204774 425.820
1873/05 2024 06 18 09 56 28.728 -4453.339 -2656.070 -4391.448 0.528888534085 -6.498243009724 3.403512948177 425.800
1873/05 2024 06 18 09 56 29.728 -4452.808 -2662.566 -4388.042 0.533566111304 -6.494961221914 3.409097402705 425.780
1873/05 2024 06 18 09 56 30.728 -4452.272 -2669.060 -4384.630 0.538243535237 -6.491671886948 3.414677561205 425.760
1873/05 2024 06 18 09 56 31.728 -4451.732 -2675.550 -4381.212 0.542920801080 -6.488375008830 3.420253416531 425.740
1873/05 2024 06 18 09 56 32.728 -4451.187 -2682.036 -4377.789 0.547597904029 -6.485070591574 3.425824961541 425.720
1873/05 2024 06 18 09 56 33.728 -4450.637 -2688.520 -4374.361 0.552274839278 -6.481758639199 3.431392189098 425.700
1873/05 2024 06 18 09 56 34.728 -4450.082 -2695.000 -4370.927 0.556951602024 -6.478439155737 3.436955092070 425.680
1873/05 2024 06 18 09 56 35.728 -4449.523 -2701.477 -4367.487 0.561628187459 -6.475112145226 3.442513663332 425.660
1873/05 2024 06 18 09 56 36.728 -4448.959 -2707.950 -4364.042 0.566304590779 -6.471777611716 3.448067895760 425.640
1873/05 2024 06 18 09 56 37.728 -4448.390 -2714.420 -4360.591 0.570980807174 -6.468435559262 3.453617782240 425.620
1873/05 2024 06 18 09 56 38.728 -4447.817 -2720.887 -4357.134 0.575656831839 -6.465085991930 3.459163315661 425.600
1873/05 2024 06 18 09 56 39.728 -4447.239 -2727.350 -4353.672 0.580332659964 -6.461728913797 3.464704488917 425.579
1873/05 2024 06 18 09 56 40.728 -4446.656 -2733.810 -4350.205 0.585008286741 -6.458364328944 3.470241294908 425.559
1873/05 2024 06 18 09 56 41.728 -4446.069 -2740.267 -4346.732 0.589683707360 -6.454992241466 3.475773726538 425.539
1873/05 2024 06 18 09 56 42.728 -4445.477 -2746.720 -4343.253 0.594358917011 -6.451612655463 3.481301776717 425.519
1873/05 2024 06 18 09 56 43.728 -4444.880 -2753.170 -4339.769 0.599033910884 -6.448225575046 3.486825438361 425.499
1873/05 2024 06 18 09 56 44.728 -4444.279 -2759.617 -4336.280 0.603708684168 -6.444831004334 3.492344704391 425.479
1873/05 2024 06 18 09 56 45.728 -4443.673 -2766.060 -4332.785 0.608383232050 -6.441428947456 3.497859567731 425.459
1873/05 2024 06 18 09 56 46.728 -4443.062 -2772.500 -4329.284 0.613057549720 -6.438019408549 3.503370021314 425.439
1873/05 2024 06 18 09 56 47.728 -4442.446 -2778.936 -4325.778 0.617731632363 -6.434602391757 3.508876058076 425.418
1873/05 2024 06 18 09 56 48.728 -4441.826 -2785.369 -4322.266 0.622405475167 -6.431177901237 3.514377670957 425.398
1873/05 2024 06 18 09 56 49.728 -4441.202 -2791.798 -4318.749 0.627079073317 -6.427745941152 3.519874852906 425.378
1873/05 2024 06 18 09 56 50.728 -4440.572 -2798.224 -4315.227 0.631752421999 -6.424306515674 3.525367596875 425.358
1873/05 2024 06 18 09 56 51.728 -4439.938 -2804.647 -4311.698 0.636425516399 -6.420859628986 3.530855895821 425.338
1873/05 2024 06 18 09 56 52.728 -4439.299 -2811.066 -4308.165 0.641098351701 -6.417405285276 3.536339742707 425.317
1873/05 2024 06 18 09 56 53.728 -4438.656 -2817.482 -4304.626 0.645770923088 -6.413943488744 3.541819130502 425.297
1873/05 2024 06 18 09 56 54.728 -4438.008 -2823.894 -4301.081 0.650443225744 -6.410474243598 3.547294052179 425.277
1873/05 2024 06 18 09 56 55.728 -4437.355 -2830.303 -4297.531 0.655115254853 -6.406997554055 3.552764500718 425.257
1873/05 2024 06 18 09 56 56.728 -4436.698 -2836.708 -4293.976 0.659787005595 -6.403513424341 3.558230469102 425.237
1873/05 2024 06 18 09 56 57.728 -4436.036 -2843.110 -4290.415 0.664458473155 -6.400021858689 3.563691950322 425.216
1873/05 2024 06 18 09 56 58.728 -4435.369 -2849.508 -4286.848 0.669129652712 -6.396522861343 3.569148937372 425.196
1873/05 2024 06 18 09 56 59.728 -4434.697 -2855.903 -4283.276 0.673800539448 -6.393016436555 3.574601423254 425.176
1873/05 2024 06 18 09 57 00.728 -4434.021 -2862.294 -4279.699 0.678471128543 -6.389502588587 3.580049400973 425.156
1873/05 2024 06 18 09 57 01.728 -4433.340 -2868.682 -4276.116 0.683141415177 -6.385981321706 3.585492863541 425.135
1873/05 2024 06 18 09 57 02.728 -4432.655 -2875.066 -4272.528 0.687811394530 -6.382452640193 3.590931803975 425.115
1873/05 2024 06 18 09 57 03.728 -4431.965 -2881.447 -4268.934 0.692481061780 -6.378916548334 3.596366215296 425.095
1873/05 2024 06 18 09 57 04.728 -4431.270 -2887.824 -4265.335 0.697150412106 -6.375373050425 3.601796090533 425.074
1873/05 2024 06 18 09 57 05.728 -4430.570 -2894.197 -4261.731 0.701819440686 -6.371822150772 3.607221422719 425.054
1873/05 2024 06 18 09 57 06.728 -4429.866 -2900.568 -4258.121 0.706488142698 -6.368263853688 3.612642204893 425.034
1873/05 2024 06 18 09 57 07.728 -4429.157 -2906.934 -4254.506 0.711156513318 -6.364698163495 3.618058430098 425.014
1873/05 2024 06 18 09 57 08.728 -4428.444 -2913.297 -4250.885 0.715824547723 -6.361125084524 3.623470091384 424.993
1873/05 2024 06 18 09 57 09.728 -4427.726 -2919.656 -4247.259 0.720492241090 -6.357544621116 3.628877181806 424.973
1873/05 2024 06 18 09 57 10.728 -4427.003 -2926.012 -4243.627 0.725159588594 -6.353956777620 3.634279694426 424.953
1873/05 2024 06 18 09 57 11.728 -4426.275 -2932.364 -4239.990 0.729826585410 -6.350361558392 3.639677622309 424.932
1873/05 2024 06 18 09 57 12.728 -4425.543 -2938.713 -4236.348 0.734493226713 -6.346758967799 3.645070958526 424.912
1873/05 2024 06 18 09 57 13.728 -4424.806 -2945.058 -4232.700 0.739159507678 -6.343149010217 3.650459696155 424.892
1873/05 2024 06 18 09 57 14.728 -4424.065 -2951.399 -4229.047 0.743825423479 -6.339531690029 3.655843828280 424.871
1873/05 2024 06 18 09 57 15.728 -4423.319 -2957.737 -4225.388 0.748490969288 -6.335907011627 3.661223347987 424.851
1873/05 2024 06 18 09 57 16.728 -4422.568 -2964.071 -4221.724 0.753156140280 -6.332274979413 3.666598248371 424.831
1873/05 2024 06 18 09 57 17.728 -4421.812 -2970.401 -4218.055 0.757820931627 -6.328635597796 3.671968522531 424.810
1873/05 2024 06 18 09 57 18.728 -4421.052 -2976.728 -4214.380 0.762485338500 -6.324988871197 3.677334163572 424.790
1873/05 2024 06 18 09 57 19.728 -4420.288 -2983.051 -4210.700 0.767149356073 -6.321334804041 3.682695164605 424.769
1873/05 2024 06 18 09 57 20.728 -4419.518 -2989.371 -4207.015 0.771812979516 -6.317673400766 3.688051518746 424.749
1873/05 2024 06 18 09 57 21.728 -4418.744 -2995.687 -4203.324 0.776476204001 -6.314004665815 3.693403219117 424.729
1873/05 2024 06 18 09 57 22.728 -4417.965 -3001.999 -4199.628 0.781139024697 -6.310328603644 3.698750258845 424.708
1873/05 2024 06 18 09 57 23.728 -4417.182 -3008.307 -4195.927 0.785801436777 -6.306645218714 3.704092631063 424.688
1873/05 2024 06 18 09 57 24.728 -4416.393 -3014.612 -4192.220 0.790463435408 -6.302954515496 3.709430328910 424.667
1873/05 2024 06 18 09 57 25.728 -4415.601 -3020.913 -4188.508 0.795125015762 -6.299256498470 3.714763345530 424.647
1873/05 2024 06 18 09 57 26.728 -4414.803 -3027.211 -4184.791 0.799786173006 -6.295551172125 3.720091674073 424.627
1873/05 2024 06 18 09 57 27.728 -4414.001 -3033.504 -4181.068 0.804446902310 -6.291838540957 3.725415307694 424.606
1873/05 2024 06 18 09 57 28.728 -4413.194 -3039.794 -4177.340 0.809107198842 -6.288118609473 3.730734239556 424.586
1873/05 2024 06 18 09 57 29.728 -4412.383 -3046.081 -4173.606 0.813767057770 -6.284391382187 3.736048462825 424.565
1873/05 2024 06 18 09 57 30.728 -4411.567 -3052.363 -4169.868 0.818426474262 -6.280656863621 3.741357970673 424.545
1873/05 2024 06 18 09 57 31.728 -4410.746 -3058.642 -4166.124 0.823085443484 -6.276915058309 3.746662756279 424.524
1873/05 2024 06 18 09 57 32.728 -4409.921 -3064.917 -4162.374 0.827743960605 -6.273165970791 3.751962812827 424.504
1873/05 2024 06 18 09 57 33.728 -4409.091 -3071.188 -4158.620 0.832402020790 -6.269409605615 3.757258133507 424.484
1873/05 2024 06 18 09 57 34.728 -4408.256 -3077.456 -4154.860 0.837059619206 -6.265645967340 3.762548711514 424.463
1873/05 2024 06 18 09 57 35.728 -4407.416 -3083.719 -4151.095 0.841716751019 -6.261875060532 3.767834540050 424.443
1873/05 2024 06 18 09 57 36.728 -4406.572 -3089.979 -4147.324 0.846373411394 -6.258096889767 3.773115612322 424.422
1873/05 2024 06 18 09 57 37.728 -4405.724 -3096.236 -4143.548 0.851029595497 -6.254311459627 3.778391921541 424.402
1873/05 2024 06 18 09 57 38.728 -4404.870 -3102.488 -4139.767 0.855685298492 -6.250518774707 3.783663460928 424.381
1873/05 2024 06 18 09 57 39.728 -4404.012 -3108.737 -4135.981 0.860340515544 -6.246718839605 3.788930223706 424.361
1873/05 2024 06 18 09 57 40.728 -4403.150 -3114.981 -4132.189 0.864995241818 -6.242911658934 3.794192203105 424.340
1873/05 2024 06 18 09 57 41.728 -4402.282 -3121.222 -4128.393 0.869649472477 -6.239097237310 3.799449392361 424.320
1873/05 2024 06 18 09 57 42.728 -4401.410 -3127.460 -4124.591 0.874303202685 -6.235275579360 3.804701784715 424.299
1873/05 2024 06 18 09 57 43.728 -4400.534 -3133.693 -4120.783 0.878956427606 -6.231446689721 3.809949373417 424.279
1873/05 2024 06 18 09 57 44.728 -4399.652 -3139.923 -4116.971 0.883609142402 -6.227610573037 3.815192151717 424.258
1873/05 2024 06 18 09 57 45.728 -4398.767 -3146.148 -4113.153 0.888261342236 -6.223767233960 3.820430112876 424.238
1873/05 2024 06 18 09 57 46.728 -4397.876 -3152.370 -4109.330 0.892913022271 -6.219916677151 3.825663250159 424.217
1873/05 2024 06 18 09 57 47.728 -4396.981 -3158.588 -4105.502 0.897564177669 -6.216058907281 3.830891556837 424.197
1873/05 2024 06 18 09 57 48.728 -4396.081 -3164.802 -4101.668 0.902214803593 -6.212193929029 3.836115026185 424.176
1873/05 2024 06 18 09 57 49.728 -4395.176 -3171.012 -4097.829 0.906864895202 -6.208321747081 3.841333651488 424.156
1873/05 2024 06 18 09 57 50.728 -4394.267 -3177.219 -4093.985 0.911514447660 -6.204442366132 3.846547426032 424.135
1873/05 2024 06 18 09 57 51.728 -4393.353 -3183.421 -4090.136 0.916163456127 -6.200555790889 3.851756343113 424.115
1873/05 2024 06 18 09 57 52.728 -4392.435 -3189.620 -4086.282 0.920811915764 -6.196662026063 3.856960396031 424.094
1873/05 2024 06 18 09 57 53.728 -4391.512 -3195.815 -4082.422 0.925459821732 -6.192761076376 3.862159578091 424.074
1873/05 2024 06 18 09 57 54.728 -4390.584 -3202.005 -4078.558 0.930107169190 -6.188852946558 3.867353882606 424.053
1873/05 2024 06 18 09 57 55.728 -4389.651 -3208.192 -4074.688 0.934753953300 -6.184937641347 3.872543302894 424.033
1873/05 2024 06 18 09 57 56.728 -4388.714 -3214.375 -4070.812 0.939400169221 -6.181015165491 3.877727832279 424.012
1873/05 2024 06 18 09 57 57.728 -4387.773 -3220.554 -4066.932 0.944045812112 -6.177085523745 3.882907464090 423.991
1873/05 2024 06 18 09 57 58.728 -4386.826 -3226.730 -4063.047 0.948690877134 -6.173148720874 3.888082191664 423.971
1873/05 2024 06 18 09 57 59.728 -4385.875 -3232.901 -4059.156 0.953335359444 -6.169204761651 3.893252008341 423.950
1873/05 2024 06 18 09 58 00.728 -4384.920 -3239.068 -4055.260 0.957979254203 -6.165253650856 3.898416907470 423.930
1873/05 2024 06 18 09 58 01.728 -4383.959 -3245.231 -4051.359 0.962622556569 -6.161295393280 3.903576882405 423.909
1873/05 2024 06 18 09 58 02.728 -4382.994 -3251.391 -4047.453 0.967265261700 -6.157329993720 3.908731926505 423.889
1873/05 2024 06 18 09 58 03.728 -4382.025 -3257.546 -4043.542 0.971907364755 -6.153357456984 3.913882033135 423.868
1873/05 2024 06 18 09 58 04.728 -4381.051 -3263.697 -4039.625 0.976548860892 -6.149377787888 3.919027195668 423.848
1873/05 2024 06 18 09 58 05.728 -4380.072 -3269.845 -4035.704 0.981189745268 -6.145390991254 3.924167407481 423.827
1873/05 2024 06 18 09 58 06.728 -4379.088 -3275.988 -4031.777 0.985830013042 -6.141397071916 3.929302661958 423.806
1873/05 2024 06 18 09 58 07.728 -4378.100 -3282.127 -4027.845 0.990469659371 -6.137396034715 3.934432952488 423.786
1873/05 2024 06 18 09 58 08.728 -4377.107 -3288.263 -4023.908 0.995108679413 -6.133387884499 3.939558272468 423.765
1873/05 2024 06 18 09 58 09.728 -4376.110 -3294.394 -4019.966 0.999747068323 -6.129372626126 3.944678615299 423.745
1873/05 2024 06 18 09 58 10.728 -4375.108 -3300.522 -4016.019 1.004384821261 -6.125350264464 3.949793974389 423.724
1873/05 2024 06 18 09 58 11.728 -4374.101 -3306.645 -4012.066 1.009021933382 -6.121320804386 3.954904343153 423.704
1873/05 2024 06 18 09 58 12.728 -4373.090 -3312.764 -4008.109 1.013658399842 -6.117284250777 3.960009715010 423.683
1873/05 2024 06 18 09 58 13.728 -4372.074 -3318.879 -4004.146 1.018294215799 -6.113240608527 3.965110083386 423.662
1873/05 2024 06 18 09 58 14.728 -4371.053 -3324.991 -4000.179 1.022929376409 -6.109189882538 3.970205441714 423.642
1873/05 2024 06 18 09 58 15.728 -4370.028 -3331.098 -3996.206 1.027563876828 -6.105132077717 3.975295783432 423.621
1873/05 2024 06 18 09 58 16.728 -4368.998 -3337.201 -3992.228 1.032197712211 -6.101067198982 3.980381101984 423.601
1873/05 2024 06 18 09 58 17.728 -4367.963 -3343.300 -3988.245 1.036830877716 -6.096995251259 3.985461390821 423.580
1873/05 2024 06 18 09 58 18.728 -4366.924 -3349.395 -3984.257 1.041463368497 -6.092916239481 3.990536643401 423.560
1873/05 2024 06 18 09 58 19.728 -4365.880 -3355.486 -3980.264 1.046095179710 -6.088830168591 3.995606853185 423.539
1873/05 2024 06 18 09 58 20.728 -4364.832 -3361.573 -3976.266 1.050726306511 -6.084737043541 4.000672013643 423.518
1873/05 2024 06 18 09 58 21.728 -4363.779 -3367.655 -3972.263 1.055356744054 -6.080636869288 4.005732118250 423.498
1873/05 2024 06 18 09 58 22.728 -4362.721 -3373.734 -3968.254 1.059986487496 -6.076529650801 4.010787160487 423.477
1873/05 2024 06 18 09 58 23.728 -4361.659 -3379.808 -3964.241 1.064615531992 -6.072415393057 4.015837133843 423.457
1873/05 2024 06 18 09 58 24.728 -4360.592 -3385.879 -3960.223 1.069243872695 -6.068294101039 4.020882031810 423.436
1873/05 2024 06 18 09 58 25.728 -4359.521 -3391.945 -3956.199 1.073871504762 -6.064165779741 4.025921847889 423.415
1873/05 2024 06 18 09 58 26.728 -4358.444 -3398.007 -3952.171 1.078498423347 -6.060030434164 4.030956575586 423.395
1873/05 2024 06 18 09 58 27.728 -4357.364 -3404.065 -3948.137 1.083124623605 -6.055888069317 4.035986208413 423.374
1873/05 2024 06 18 09 58 28.728 -4356.278 -3410.119 -3944.099 1.087750100690 -6.051738690220 4.041010739889 423.354
1873/05 2024 06 18 09 58 29.728 -4355.188 -3416.168 -3940.055 1.092374849757 -6.047582301898 4.046030163538 423.333
1873/05 2024 06 18 09 58 30.728 -4354.093 -3422.214 -3936.007 1.096998865961 -6.043418909386 4.051044472893 423.312
1873/05 2024 06 18 09 58 31.728 -4352.994 -3428.255 -3931.953 1.101622144455 -6.039248517728 4.056053661489 423.292
1873/05 2024 06 18 09 58 32.728 -4351.890 -3434.292 -3927.895 1.106244680394 -6.035071131975 4.061057722872 423.271
1873/05 2024 06 18 09 58 33.728 -4350.782 -3440.325 -3923.831 1.110866468933 -6.030886757187 4.066056650590 423.251
1873/05 2024 06 18 09 58 34.728 -4349.668 -3446.354 -3919.763 1.115487505225 -6.026695398433 4.071050438200 423.230
1873/05 2024 06 18 09 58 35.728 -4348.551 -3452.379 -3915.689 1.120107784424 -6.022497060789 4.076039079265 423.209
1873/05 2024 06 18 09 58 36.728 -4347.428 -3458.399 -3911.611 1.124727301686 -6.018291749341 4.081022567353 423.189
1873/05 2024 06 18 09 58 37.728 -4346.301 -3464.415 -3907.527 1.129346052163 -6.014079469181 4.086000896038 423.168
1873/05 2024 06 18 09 58 38.728 -4345.170 -3470.427 -3903.439 1.133964031009 -6.009860225412 4.090974058904 423.148
1873/05 2024 06 18 09 58 39.728 -4344.033 -3476.435 -3899.345 1.138581233380 -6.005634023144 4.095942049537 423.127
1873/05 2024 06 18 09 58 40.728 -4342.892 -3482.439 -3895.247 1.143197654427 -6.001400867494 4.100904861531 423.106
1873/05 2024 06 18 09 58 41.728 -4341.747 -3488.438 -3891.143 1.147813289307 -5.997160763590 4.105862488487 423.086
1873/05 2024 06 18 09 58 42.728 -4340.597 -3494.433 -3887.035 1.152428133171 -5.992913716566 4.110814924012 423.065
1873/05 2024 06 18 09 58 43.728 -4339.442 -3500.424 -3882.922 1.157042181175 -5.988659731567 4.115762161718 423.045
1873/05 2024 06 18 09 58 44.728 -4338.283 -3506.410 -3878.803 1.161655428471 -5.984398813743 4.120704195226 423.024
1873/05 2024 06 18 09 58 45.728 -4337.119 -3512.393 -3874.680 1.166267870215 -5.980130968254 4.125641018161 423.003
1873/05 2024 06 18 09 58 46.728 -4335.950 -3518.371 -3870.552 1.170879501559 -5.975856200269 4.130572624155 422.983
1873/05 2024 06 18 09 58 47.728 -4334.777 -3524.344 -3866.419 1.175490317657 -5.971574514964 4.135499006848 422.962
1873/05 2024 06 18 09 58 48.728 -4333.599 -3530.314 -3862.281 1.180100313664 -5.967285917524 4.140420159883 422.942
1873/05 2024 06 18 09 58 49.728 -4332.417 -3536.279 -3858.138 1.184709484732 -5.962990413141 4.145336076914 422.921
1873/05 2024 06 18 09 58 50.728 -4331.230 -3542.240 -3853.991 1.189317826017 -5.958688007018 4.150246751597 422.901
1873/05 2024 06 18 09 58 51.728 -4330.038 -3548.196 -3849.838 1.193925332672 -5.954378704364 4.155152177597 422.880
1873/05 2024 06 18 09 58 52.728 -4328.842 -3554.148 -3845.680 1.198531999850 -5.950062510396 4.160052348585 422.859
1873/05 2024 06 18 09 58 53.728 -4327.641 -3560.096 -3841.518 1.203137822706 -5.945739430341 4.164947258238 422.839
1873/05 2024 06 18 09 58 54.728 -4326.436 -3566.040 -3837.350 1.207742796394 -5.941409469433 4.169836900240 422.818
1873/05 2024 06 18 09 58 55.728 -4325.226 -3571.979 -3833.178 1.212346916068 -5.937072632914 4.174721268281 422.798
1873/05 2024 06 18 09 58 56.728 -4324.011 -3577.914 -3829.001 1.216950176881 -5.932728926035 4.179600356058 422.777
1873/05 2024 06 18 09 58 57.728 -4322.792 -3583.845 -3824.819 1.221552573988 -5.928378354056 4.184474157275 422.756
1873/05 2024 06 18 09 58 58.728 -4321.568 -3589.771 -3820.632 1.226154102544 -5.924020922243 4.189342665640 422.736
1873/05 2024 06 18 09 58 59.728 -4320.339 -3595.693 -3816.440 1.230754757701 -5.919656635872 4.194205874869 422.715
1873/05 2024 06 18 09 59 00.728 -4319.106 -3601.610 -3812.244 1.235354534616 -5.915285500227 4.199063778687 422.695
1873/05 2024 06 18 09 59 01.728 -4317.869 -3607.523 -3808.042 1.239953428441 -5.910907520598 4.203916370821 422.674
1873/05 2024 06 18 09 59 02.728 -4316.626 -3613.432 -3803.836 1.244551434333 -5.906522702288 4.208763645008 422.654
1873/05 2024 06 18 09 59 03.728 -4315.380 -3619.336 -3799.625 1.249148547444 -5.902131050603 4.213605594991 422.633
1873/05 2024 06 18 09 59 04.728 -4314.128 -3625.236 -3795.409 1.253744762930 -5.897732570860 4.218442214517 422.612
1873/05 2024 06 18 09 59 05.728 -4312.872 -3631.132 -3791.188 1.258340075945 -5.893327268384 4.223273497342 422.592
1873/05 2024 06 18 09 59 06.728 -4311.611 -3637.023 -3786.962 1.262934481645 -5.888915148507 4.228099437229 422.571
1873/05 2024 06 18 09 59 07.728 -4310.346 -3642.910 -3782.731 1.267527975184 -5.884496216571 4.232920027946 422.551
1873/05 2024 06 18 09 59 08.728 -4309.076 -3648.792 -3778.496 1.272120551717 -5.880070477924 4.237735263268 422.530
1873/05 2024 06 18 09 59 09.728 -4307.802 -3654.670 -3774.256 1.276712206399 -5.875637937925 4.242545136977 422.510
1873/05 2024 06 18 09 59 10.728 -4306.523 -3660.543 -3770.011 1.281302934387 -5.871198601937 4.247349642862 422.489
1873/05 2024 06 18 09 59 11.728 -4305.239 -3666.412 -3765.761 1.285892730834 -5.866752475336 4.252148774716 422.468
1873/05 2024 06 18 09 59 12.728 -4303.951 -3672.277 -3761.507 1.290481590897 -5.862299563501 4.256942526343 422.448
1873/05 2024 06 18 09 59 13.728 -4302.658 -3678.137 -3757.247 1.295069509731 -5.857839871825 4.261730891550 422.427
1873/05 2024 06 18 09 59 14.728 -4301.361 -3683.992 -3752.983 1.299656482493 -5.853373405703 4.266513864152 422.407
1873/05 2024 06 18 09 59 15.728 -4300.059 -3689.843 -3748.714 1.304242504337 -5.848900170543 4.271291437971 422.386
1873/05 2024 06 18 09 59 16.728 -4298.752 -3695.690 -3744.441 1.308827570420 -5.844420171759 4.276063606835 422.366
1873/05 2024 06 18 09 59 17.728 -4297.441 -3701.532 -3740.162 1.313411675899 -5.839933414773 4.280830364579 422.345
1873/05 2024 06 18 09 59 18.728 -4296.126 -3707.370 -3735.879 1.317994815930 -5.835439905015 4.285591705045 422.325
1873/05 2024 06 18 09 59 19.728 -4294.805 -3713.203 -3731.591 1.322576985669 -5.830939647924 4.290347622080 422.304
1873/05 2024 06 18 09 59 20.728 -4293.481 -3719.032 -3727.298 1.327158180273 -5.826432648946 4.295098109539 422.284
1873/05 2024 06 18 09 59 21.728 -4292.151 -3724.856 -3723.001 1.331738394899 -5.821918913537 4.299843161286 422.263
1873/05 2024 06 18 09 59 22.728 -4290.817 -3730.676 -3718.699 1.336317624704 -5.817398447158 4.304582771186 422.243
1873/05 2024 06 18 09 59 23.728 -4289.478 -3736.491 -3714.392 1.340895864846 -5.812871255282 4.309316933117 422.222
1873/05 2024 06 18 09 59 24.728 -4288.135 -3742.301 -3710.080 1.345473110482 -5.808337343386 4.314045640959 422.202
1873/05 2024 06 18 09 59 25.728 -4286.787 -3748.107 -3705.764 1.350049356769 -5.803796716957 4.318768888601 422.181
1873/05 2024 06 18 09 59 26.728 -4285.435 -3753.909 -3701.442 1.354624598865 -5.799249381491 4.323486669939 422.161
1873/05 2024 06 18 09 59 27.728 -4284.078 -3759.706 -3697.117 1.359198831929 -5.794695342492 4.328198978874 422.140
1873/05 2024 06 18 09 59 28.728 -4282.717 -3765.498 -3692.786 1.363772051119 -5.790134605468 4.332905809316 422.120
1873/05 2024 06 18 09 59 29.728 -4281.351 -3771.286 -3688.451 1.368344251594 -5.785567175941 4.337607155179 422.099
1873/05 2024 06 18 09 59 30.728 -4279.980 -3777.069 -3684.111 1.372915428511 -5.780993059437 4.342303010387 422.079
1873/05 2024 06 18 09 59 31.728 -4278.605 -3782.848 -3679.766 1.377485577030 -5.776412261492 4.346993368868 422.058
1873/05 2024 06 18 09 59 32.728 -4277.225 -3788.622 -3675.417 1.382054692311 -5.771824787648 4.351678224559 422.038
1873/05 2024 06 18 09 59 33.728 -4275.841 -3794.392 -3671.063 1.386622769512 -5.767230643457 4.356357571402 422.017
1873/05 2024 06 18 09 59 34.728 -4274.452 -3800.157 -3666.704 1.391189803794 -5.762629834478 4.361031403347 421.997
1873/05 2024 06 18 09 59 35.728 -4273.058 -3805.917 -3662.341 1.395755790316 -5.758022366278 4.365699714351 421.976
1873/05 2024 06 18 09 59 36.728 -4271.660 -3811.673 -3657.973 1.400320724238 -5.753408244433 4.370362498376 421.956
1873/05 2024 06 18 09 59 37.728 -4270.258 -3817.424 -3653.600 1.404884600722 -5.748787474525 4.375019749392 421.935
1873/05 2024 06 18 09 59 38.728 -4268.851 -3823.170 -3649.223 1.409447414927 -5.744160062146 4.379671461377 421.915
1873/05 2024 06 18 09 59 39.728 -4267.439 -3828.912 -3644.841 1.414009162014 -5.739526012896 4.384317628315 421.894
1873/05 2024 06 18 09 59 40.728 -4266.023 -3834.649 -3640.454 1.418569837146 -5.734885332380 4.388958244195 421.874
1873/05 2024 06 18 09 59 41.728 -4264.602 -3840.382 -3636.063 1.423129435483 -5.730238026215 4.393593303017 421.853
1873/05 2024 06 18 09 59 42.728 -4263.176 -3846.110 -3631.667 1.427687952187 -5.725584100023 4.398222798783 421.833
1873/05 2024 06 18 09 59 43.728 -4261.746 -3851.833 -3627.266 1.432245382420 -5.720923559435 4.402846725506 421.813
1873/05 2024 06 18 09 59 44.728 -4260.312 -3857.552 -3622.861 1.436801721346 -5.716256410091 4.407465077203 421.792
1873/05 2024 06 18 09 59 45.728 -4258.873 -3863.266 -3618.451 1.441356964125 -5.711582657637 4.412077847901 421.772
1873/05 2024 06 18 09 59 46.728 -4257.429 -3868.975 -3614.037 1.445911105922 -5.706902307727 4.416685031630 421.751
1873/05 2024 06 18 09 59 47.728 -4255.981 -3874.679 -3609.618 1.450464141900 -5.702215366025 4.421286622430 421.731
1873/05 2024 06 18 09 59 48.728 -4254.528 -3880.379 -3605.195 1.455016067223 -5.697521838202 4.425882614347 421.711
1873/05 2024 06 18 09 59 49.728 -4253.071 -3886.075 -3600.766 1.459566877053 -5.692821729935 4.430473001433 421.690
1873/05 2024 06 18 09 59 50.728 -4251.609 -3891.765 -3596.334 1.464116566557 -5.688115046911 4.435057777749 421.670
1873/05 2024 06 18 09 59 51.728 -4250.143 -3897.451 -3591.896 1.468665130898 -5.683401794825 4.439636937362 421.649
1873/05 2024 06 18 09 59 52.728 -4248.672 -3903.132 -3587.454 1.473212565241 -5.678681979379 4.444210474344 421.629
1873/05 2024 06 18 09 59 53.728 -4247.196 -3908.808 -3583.008 1.477758864752 -5.673955606282 4.448778382777 421.609
1873/05 2024 06 18 09 59 54.728 -4245.716 -3914.480 -3578.557 1.482304024597 -5.669222681254 4.453340656749 421.588
1873/05 2024 06 18 09 59 55.728 -4244.232 -3920.147 -3574.101 1.486848039940 -5.664483210019 4.457897290354 421.568
1873/05 2024 06 18 09 59 56.728 -4242.742 -3925.809 -3569.641 1.491390905950 -5.659737198311 4.462448277694 421.547
1873/05 2024 06 18 09 59 57.728 -4241.249 -3931.466 -3565.176 1.495932617792 -5.654984651873 4.466993612877 421.527
1873/05 2024 06 18 09 59 58.728 -4239.751 -3937.119 -3560.707 1.500473170634 -5.650225576453 4.471533290020 421.507
1873/05 2024 06 18 09 59 59.728 -4238.248 -3942.766 -3556.233 1.505012559643 -5.645459977809 4.476067303245 421.486
1873/05 2024 06 18 10 00 00.728 -4236.741 -3948.410 -3551.755 1.509550779987 -5.640687861705 4.480595646682 421.466
1873/05 2024 06 18 10 00 01.728 -4235.229 -3954.048 -3547.272 1.514087826834 -5.635909233915 4.485118314468 421.446
1873/05 2024 06 18 10 00 02.728 -4233.712 -3959.681 -3542.785 1.518623695353 -5.631124100220 4.489635300747 421.425
1873/05 2024 06 18 10 00 03.728 -4232.192 -3965.310 -3538.293 1.523158380713 -5.626332466408 4.494146599669 421.405
1873/05 2024 06 18 10 00 04.728 -4230.666 -3970.934 -3533.796 1.527691878084 -5.621534338276 4.498652205394 421.385
1873/05 2024 06 18 10 00 05.728 -4229.136 -3976.553 -3529.295 1.532224182636 -5.616729721627 4.503152112085 421.365
1873/05 2024 06 18 10 00 06.728 -4227.602 -3982.167 -3524.790 1.536755289538 -5.611918622273 4.507646313915 421.344
1873/05 2024 06 18 10 00 07.728 -4226.063 -3987.777 -3520.280 1.541285193961 -5.607101046035 4.512134805064 421.324
1873/05 2024 06 18 10 00 08.728 -4224.519 -3993.382 -3515.766 1.545813891077 -5.602276998741 4.516617579718 421.304
1873/05 2024 06 18 10 00 09.728 -4222.971 -3998.982 -3511.247 1.550341376058 -5.597446486224 4.521094632069 421.283
1873/05 2024 06 18 10 00 10.728 -4221.418 -4004.577 -3506.724 1.554867644074 -5.592609514329 4.525565956320 421.263
1873/05 2024 06 18 10 00 11.728 -4219.861 -4010.167 -3502.196 1.559392690299 -5.587766088906 4.530031546678 421.243
1873/05 2024 06 18 10 00 12.728 -4218.300 -4015.752 -3497.663 1.563916509906 -5.582916215815 4.534491397357 421.223
1873/05 2024 06 18 10 00 13.728 -4216.733 -4021.333 -3493.127 1.568439098067 -5.578059900920 4.538945502580 421.202
1873/05 2024 06 18 10 00 14.728 -4215.163 -4026.908 -3488.586 1.572960449958 -5.573197150098 4.543393856575 421.182
1873/05 2024 06 18 10 00 15.728 -4213.588 -4032.479 -3484.040 1.577480560751 -5.568327969228 4.547836453580 421.162
1873/05 2024 06 18 10 00 16.728 -4212.008 -4038.045 -3479.490 1.581999425622 -5.563452364201 4.552273287837 421.142
1873/05 2024 06 18 10 00 17.728 -4210.424 -4043.606 -3474.935 1.586517039746 -5.558570340915 4.556704353598 421.121
1873/05 2024 06 18 10 00 18.728 -4208.835 -4049.162 -3470.377 1.591033398298 -5.553681905274 4.561129645119 421.101
1873/05 2024 06 18 10 00 19.728 -4207.241 -4054.713 -3465.813 1.595548496456 -5.548787063191 4.565549156667 421.081
1873/05 2024 06 18 10 00 20.728 -4205.644 -4060.260 -3461.245 1.600062329395 -5.543885820586 4.569962882514 421.061
1873/05 2024 06 18 10 00 21.728 -4204.041 -4065.801 -3456.673 1.604574892293 -5.538978183388 4.574370816938 421.041
1873/05 2024 06 18 10 00 22.728 -4202.435 -4071.338 -3452.097 1.609086180327 -5.534064157533 4.578772954228 421.020
1873/05 2024 06 18 10 00 23.728 -4200.823 -4076.869 -3447.516 1.613596188676 -5.529143748963 4.583169288675 421.000
1873/05 2024 06 18 10 00 24.728 -4199.207 -4082.396 -3442.930 1.618104912518 -5.524216963630 4.587559814583 420.980
1873/05 2024 06 18 10 00 25.728 -4197.587 -4087.918 -3438.341 1.622612347032 -5.519283807494 4.591944526258 420.960
1873/05 2024 06 18 10 00 26.728 -4195.962 -4093.434 -3433.746 1.627118487399 -5.514344286520 4.596323418017 420.940
1873/05 2024 06 18 10 00 27.728 -4194.333 -4098.946 -3429.148 1.631623328798 -5.509398406682 4.600696484183 420.920
1873/05 2024 06 18 10 00 28.728 -4192.699 -4104.453 -3424.545 1.636126866411 -5.504446173963 4.605063719085 420.900
1873/05 2024 06 18 10 00 29.728 -4191.060 -4109.955 -3419.938 1.640629095418 -5.499487594352 4.609425117061 420.879
1873/05 2024 06 18 10 00 30.728 -4189.418 -4115.452 -3415.326 1.645130011002 -5.494522673846 4.613780672456 420.859
1873/05 2024 06 18 10 00 31.728 -4187.770 -4120.944 -3410.710 1.649629608345 -5.489551418450 4.618130379622 420.839
1873/05 2024 06 18 10 00 32.728 -4186.118 -4126.431 -3406.090 1.654127882630 -5.484573834175 4.622474232918 420.819
1873/05 2024 06 18 10 00 33.728 -4184.462 -4131.913 -3401.465 1.658624829041 -5.479589927043 4.626812226710 420.799
1873/05 2024 06 18 10 00 34.728 -4182.801 -4137.390 -3396.836 1.663120442761 -5.474599703080 4.631144355372 420.779
1873/05 2024 06 18 10 00 35.728 -4181.136 -4142.863 -3392.203 1.667614718976 -5.469603168322 4.635470613287 420.759
1873/05 2024 06 18 10 00 36.728 -4179.466 -4148.330 -3387.565 1.672107652870 -5.464600328811 4.639790994841 420.739
1873/05 2024 06 18 10 00 37.728 -4177.791 -4153.792 -3382.923 1.676599239630 -5.459591190599 4.644105494431 420.719
1873/05 2024 06 18 10 00 38.728 -4176.113 -4159.249 -3378.277 1.681089474442 -5.454575759741 4.648414106461 420.699
1873/05 2024 06 18 10 00 39.728 -4174.429 -4164.701 -3373.627 1.685578352494 -5.449554042305 4.652716825340 420.679
1873/05 2024 06 18 10 00 40.728 -4172.741 -4170.148 -3368.972 1.690065868971 -5.444526044363 4.657013645487 420.659
1873/05 2024 06 18 10 00 41.728 -4171.049 -4175.590 -3364.313 1.694552019064 -5.439491771996 4.661304561326 420.639
1873/05 2024 06 18 10 00 42.728 -4169.352 -4181.027 -3359.649 1.699036797961 -5.434451231292 4.665589567291 420.619
1873/05 2024 06 18 10 00 43.728 -4167.651 -4186.459 -3354.981 1.703520200851 -5.429404428347 4.669868657822 420.599
1873/05 2024 06 18 10 00 44.728 -4165.945 -4191.886 -3350.309 1.708002222925 -5.424351369263 4.674141827365 420.579
1873/05 2024 06 18 10 00 45.728 -4164.235 -4197.308 -3345.633 1.712482859373 -5.419292060152 4.678409070376 420.559
1873/05 2024 06 18 10 00 46.728 -4162.520 -4202.724 -3340.953 1.716962105386 -5.414226507131 4.682670381317 420.539
1873/05 2024 06 18 10 00 47.728 -4160.801 -4208.136 -3336.268 1.721439956157 -5.409154716328 4.686925754658 420.519
1873/05 2024 06 18 10 00 48.728 -4159.078 -4213.543 -3331.579 1.725916406879 -5.404076693874 4.691175184875 420.499
1873/05 2024 06 18 10 00 49.728 -4157.349 -4218.944 -3326.885 1.730391452744 -5.398992445911 4.695418666453 420.479
1873/05 2024 06 18 10 00 50.728 -4155.617 -4224.341 -3322.188 1.734865088946 -5.393901978587 4.699656193883 420.459
1873/05 2024 06 18 10 00 51.728 -4153.880 -4229.732 -3317.486 1.739337310681 -5.388805298058 4.703887761666 420.439
1873/05 2024 06 18 10 00 52.728 -4152.138 -4235.118 -3312.780 1.743808113143 -5.383702410487 4.708113364308 420.419
1873/05 2024 06 18 10 00 53.728 -4150.392 -4240.499 -3308.070 1.748277491528 -5.378593322044 4.712332996323 420.399
1873/05 2024 06 18 10 00 54.728 -4148.641 -4245.875 -3303.355 1.752745441033 -5.373478038908 4.716546652233 420.379
1873/05 2024 06 18 10 00 55.728 -4146.887 -4251.246 -3298.637 1.757211956856 -5.368356567265 4.720754326567 420.359
1873/05 2024 06 18 10 00 56.728 -4145.127 -4256.612 -3293.914 1.761677034194 -5.363228913308 4.724956013861 420.339
1873/05 2024 06 18 10 00 57.728 -4143.363 -4261.973 -3289.187 1.766140668246 -5.358095083237 4.729151708661 420.320
1873/05 2024 06 18 10 00 58.728 -4141.595 -4267.328 -3284.456 1.770602854212 -5.352955083259 4.733341405516 420.300
1873/05 2024 06 18 10 00 59.728 -4139.822 -4272.679 -3279.720 1.775063587291 -5.347808919592 4.737525098988 420.280
1873/05 2024 06 18 10 01 00.728 -4138.045 -4278.024 -3274.981 1.779522862685 -5.342656598457 4.741702783641 420.260
1873/05 2024 06 18 10 01 01.728 -4136.263 -4283.364 -3270.237 1.783980675595 -5.337498126084 4.745874454051 420.240
1873/05 2024 06 18 10 01 02.728 -4134.477 -4288.699 -3265.489 1.788437021222 -5.332333508711 4.750040104798 420.220
1873/05 2024 06 18 10 01 03.728 -4132.686 -4294.029 -3260.737 1.792891894771 -5.327162752584 4.754199730473 420.201
1873/05 2024 06 18 10 01 04.728 -4130.891 -4299.353 -3255.980 1.797345291445 -5.321985863954 4.758353325672 420.181
1873/05 2024 06 18 10 01 05.728 -4129.091 -4304.673 -3251.220 1.801797206448 -5.316802849082 4.762500884999 420.161
1873/05 2024 06 18 10 01 06.728 -4127.287 -4309.987 -3246.455 1.806247634985 -5.311613714235 4.766642403066 420.141
1873/05 2024 06 18 10 01 07.728 -4125.479 -4315.296 -3241.687 1.810696572263 -5.306418465686 4.770777874492 420.122
1873/05 2024 06 18 10 01 08.728 -4123.666 -4320.600 -3236.914 1.815144013488 -5.301217109719 4.774907293905 420.102
1873/05 2024 06 18 10 01 09.728 -4121.849 -4325.898 -3232.137 1.819589953868 -5.296009652622 4.779030655939 420.082
1873/05 2024 06 18 10 01 10.728 -4120.027 -4331.192 -3227.356 1.824034388611 -5.290796100692 4.783147955235 420.062
1873/05 2024 06 18 10 01 11.728 -4118.200 -4336.480 -3222.571 1.828477312925 -5.285576460234 4.787259186445 420.043
1873/05 2024 06 18 10 01 12.728 -4116.370 -4341.763 -3217.781 1.832918722021 -5.280350737557 4.791364344225 420.023
1873/05 2024 06 18 10 01 13.728 -4114.535 -4347.041 -3212.988 1.837358611109 -5.275118938981 4.795463423239 420.003
1873/05 2024 06 18 10 01 14.728 -4112.695 -4352.313 -3208.190 1.841796975400 -5.269881070832 4.799556418162 419.984
1873/05 2024 06 18 10 01 15.728 -4110.851 -4357.580 -3203.389 1.846233810107 -5.264637139444 4.803643323671 419.964
1873/05 2024 06 18 10 01 16.728 -4109.003 -4362.842 -3198.583 1.850669110442 -5.259387151155 4.807724134457 419.944
1873/05 2024 06 18 10 01 17.728 -4107.150 -4368.099 -3193.773 1.855102871620 -5.254131112316 4.811798845213 419.925
1873/05 2024 06 18 10 01 18.728 -4105.292 -4373.351 -3188.960 1.859535088854 -5.248869029280 4.815867450643 419.905
1873/05 2024 06 18 10 01 19.728 -4103.431 -4378.597 -3184.142 1.863965757361 -5.243600908410 4.819929945458 419.885
1873/05 2024 06 18 10 01 20.728 -4101.564 -4383.838 -3179.320 1.868394872356 -5.238326756075 4.823986324376 419.866
1873/05 2024 06 18 10 01 21.728 -4099.694 -4389.073 -3174.494 1.872822429055 -5.233046578654 4.828036582123 419.846
1873/05 2024 06 18 10 01 22.728 -4097.819 -4394.304 -3169.664 1.877248422678 -5.227760382529 4.832080713432 419.827
1873/05 2024 06 18 10 01 23.728 -4095.939 -4399.529 -3164.830 1.881672848443 -5.222468174093 4.836118713046 419.807
1873/05 2024 06 18 10 01 24.728 -4094.055 -4404.749 -3159.991 1.886095701569 -5.217169959744 4.840150575713 419.788
1873/05 2024 06 18 10 01 25.728 -4092.167 -4409.963 -3155.149 1.890516977277 -5.211865745888 4.844176296189 419.768
1873/05 2024 06 18 10 01 26.728 -4090.274 -4415.173 -3150.303 1.894936670787 -5.206555538939 4.848195869240 419.748
1873/05 2024 06 18 10 01 27.728 -4088.377 -4420.376 -3145.453 1.899354777322 -5.201239345316 4.852209289638 419.729
1873/05 2024 06 18 10 01 28.728 -4086.476 -4425.575 -3140.599 1.903771292105 -5.195917171448 4.856216552161 419.709
1873/05 2024 06 18 10 01 29.728 -4084.570 -4430.768 -3135.740 1.908186210359 -5.190589023768 4.860217651599 419.690
1873/05 2024 06 18 10 01 30.728 -4082.659 -4435.956 -3130.878 1.912599527310 -5.185254908720 4.864212582746 419.670
1873/05 2024 06 18 10 01 31.728 -4080.745 -4441.139 -3126.012 1.917011238182 -5.179914832753 4.868201340405 419.651
1873/05 2024 06 18 10 01 32.728 -4078.825 -4446.316 -3121.142 1.921421338202 -5.174568802322 4.872183919388 419.632
1873/05 2024 06 18 10 01 33.728 -4076.902 -4451.488 -3116.268 1.925829822598 -5.169216823892 4.876160314511 419.612
1873/05 2024 06 18 10 01 34.728 -4074.974 -4456.654 -3111.389 1.930236686598 -5.163858903933 4.880130520603 419.593
1873/05 2024 06 18 10 01 35.728 -4073.041 -4461.816 -3106.507 1.934641925430 -5.158495048923 4.884094532497 419.573
1873/05 2024 06 18 10 01 36.728 -4071.104 -4466.971 -3101.621 1.939045534325 -5.153125265348 4.888052345035 419.554
1873/05 2024 06 18 10 01 37.728 -4069.163 -4472.122 -3096.731 1.943447508514 -5.147749559699 4.892003953066 419.535
1873/05 2024 06 18 10 01 38.728 -4067.218 -4477.267 -3091.837 1.947847843228 -5.142367938476 4.895949351447 419.515
1873/05 2024 06 18 10 01 39.728 -4065.267 -4482.407 -3086.939 1.952246533701 -5.136980408185 4.899888535045 419.496
1873/05 2024 06 18 10 01 40.728 -4063.313 -4487.541 -3082.037 1.956643575165 -5.131586975340 4.903821498732 419.476
1873/05 2024 06 18 10 01 41.728 -4061.354 -4492.670 -3077.132 1.961038962857 -5.126187646463 4.907748237389 419.457
1873/05 2024 06 18 10 01 42.728 -4059.391 -4497.793 -3072.222 1.965432692010 -5.120782428080 4.911668745904 419.438
1873/05 2024 06 18 10 01 43.728 -4057.423 -4502.911 -3067.308 1.969824757863 -5.115371326726 4.915583019173 419.418
1873/05 2024 06 18 10 01 44.728 -4055.451 -4508.024 -3062.391 1.974215155651 -5.109954348945 4.919491052102 419.399
1873/05 2024 06 18 10 01 45.728 -4053.475 -4513.131 -3057.469 1.978603880614 -5.104531501284 4.923392839602 419.380
1873/05 2024 06 18 10 01 46.728 -4051.494 -4518.233 -3052.544 1.982990927992 -5.099102790300 4.927288376593 419.361
1873/05 2024 06 18 10 01 47.728 -4049.509 -4523.329 -3047.615 1.987376293023 -5.093668222557 4.931177658003 419.341
1873/05 2024 06 18 10 01 48.728 -4047.519 -4528.420 -3042.682 1.991759970950 -5.088227804625 4.935060678768 419.322
1873/05 2024 06 18 10 01 49.728 -4045.525 -4533.506 -3037.745 1.996141957015 -5.082781543080 4.938937433830 419.303
1873/05 2024 06 18 10 01 50.728 -4043.527 -4538.586 -3032.804 2.000522246462 -5.077329444509 4.942807918142 419.284
1873/05 2024 06 18 10 01 51.728 -4041.524 -4543.661 -3027.859 2.004900834534 -5.071871515502 4.946672126662 419.265
1873/05 2024 06 18 10 01 52.728 -4039.517 -4548.730 -3022.910 2.009277716476 -5.066407762658 4.950530054358 419.245
1873/05 2024 06 18 10 01 53.728 -4037.506 -4553.793 -3017.958 2.013652887536 -5.060938192582 4.954381696205 419.226
1873/05 2024 06 18 10 01 54.728 -4035.490 -4558.852 -3013.002 2.018026342960 -5.055462811887 4.958227047185 419.207
1873/05 2024 06 18 10 01 55.728 -4033.470 -4563.904 -3008.042 2.022398077996 -5.049981627194 4.962066102290 419.188
1873/05 2024 06 18 10 01 56.728 -4031.445 -4568.952 -3003.078 2.026768087895 -5.044494645127 4.965898856518 419.169
1873/05 2024 06 18 10 01 57.728 -4029.416 -4573.993 -2998.110 2.031136367905 -5.039001872321 4.969725304875 419.150
1873/05 2024 06 18 10 01 58.728 -4027.383 -4579.030 -2993.138 2.035502913279 -5.033503315417 4.973545442377 419.131
1873/05 2024 06 18 10 01 59.728 -4025.345 -4584.060 -2988.163 2.039867719268 -5.027998981063 4.977359264046 419.112
1873/05 2024 06 18 10 02 00.728 -4023.303 -4589.086 -2983.183 2.044230781127 -5.022488875912 4.981166764912 419.092
1873/05 2024 06 18 10 02 01.728 -4021.257 -4594.105 -2978.200 2.048592094110 -5.016973006626 4.984967940014 419.073
1873/05 2024 06 18 10 02 02.728 -4019.206 -4599.119 -2973.213 2.052951653471 -5.011451379875 4.988762784398 419.054
1873/05 2024 06 18 10 02 03.728 -4017.151 -4604.128 -2968.223 2.057309454469 -5.005924002333 4.992551293119 419.035
1873/05 2024 06 18 10 02 04.728 -4015.091 -4609.131 -2963.228 2.061665492359 -5.000390880682 4.996333461237 419.016
1873/05 2024 06 18 10 02 05.728 -4013.027 -4614.129 -2958.230 2.066019762401 -4.994852021613 5.000109283825 418.997
1873/05 2024 06 18 10 02 06.728 -4010.959 -4619.121 -2953.228 2.070372259855 -4.989307431821 5.003878755960 418.978
1873/05 2024 06 18 10 02 07.728 -4008.887 -4624.108 -2948.222 2.074722979982 -4.983757118010 5.007641872728 418.959
1873/05 2024 06 18 10 02 08.728 -4006.810 -4629.089 -2943.213 2.079071918043 -4.978201086890 5.011398629223 418.940
1873/05 2024 06 18 10 02 09.728 -4004.729 -4634.064 -2938.200 2.083419069301 -4.972639345177 5.015149020548 418.922
1873/05 2024 06 18 10 02 10.728 -4002.643 -4639.034 -2933.183 2.087764429020 -4.967071899596 5.018893041813 418.903
1873/05 2024 06 18 10 02 11.728 -4000.553 -4643.998 -2928.162 2.092107992466 -4.961498756878 5.022630688136 418.884
1873/05 2024 06 18 10 02 12.728 -3998.459 -4648.957 -2923.137 2.096449754904 -4.955919923760 5.026361954643 418.865
1873/05 2024 06 18 10 02 13.728 -3996.360 -4653.910 -2918.109 2.100789711603 -4.950335406987 5.030086836468 418.846
1873/05 2024 06 18 10 02 14.728 -3994.257 -4658.857 -2913.077 2.105127857830 -4.944745213310 5.033805328755 418.827
1873/05 2024 06 18 10 02 15.728 -3992.150 -4663.799 -2908.042 2.109464188856 -4.939149349487 5.037517426652 418.808
1873/05 2024 06 18 10 02 16.728 -3990.038 -4668.736 -2903.002 2.113798699950 -4.933547822285 5.041223125319 418.790
1873/05 2024 06 18 10 02 17.728 -3987.922 -4673.667 -2897.959 2.118131386385 -4.927940638474 5.044922419922 418.771
1873/05 2024 06 18 10 02 18.728 -3985.802 -4678.592 -2892.912 2.122462243433 -4.922327804834 5.048615305636 418.752
1873/05 2024 06 18 10 02 19.728 -3983.677 -4683.511 -2887.862 2.126791266369 -4.916709328150 5.052301777643 418.733
1873/05 2024 06 18 10 02 20.728 -3981.548 -4688.425 -2882.808 2.131118450468 -4.911085215215 5.055981831133 418.714
1873/05 2024 06 18 10 02 21.728 -3979.415 -4693.333 -2877.750 2.135443791007 -4.905455472828 5.059655461306 418.696
1873/05 2024 06 18 10 02 22.728 -3977.278 -4698.236 -2872.688 2.139767283263 -4.899820107795 5.063322663368 418.677
1873/05 2024 06 18 10 02 23.728 -3975.136 -4703.133 -2867.623 2.144088922514 -4.894179126929 5.066983432535 418.658
1873/05 2024 06 18 10 02 24.728 -3972.989 -4708.024 -2862.554 2.148408704041 -4.888532537051 5.070637764028 418.640
1873/05 2024 06 18 10 02 25.728 -3970.839 -4712.910 -2857.482 2.152726623124 -4.882880344986 5.074285653080 418.621
1873/05 2024 06 18 10 02 26.728 -3968.684 -4717.790 -2852.406 2.157042675046 -4.877222557567 5.077927094930 418.602
1873/05 2024 06 18 10 02 27.728 -3966.525 -4722.664 -2847.326 2.161356855090 -4.871559181635 5.081562084824 418.584
1873/05 2024 06 18 10 02 28.728 -3964.361 -4727.533 -2842.243 2.165669158541 -4.865890224037 5.085190618019 418.565
1873/05 2024 06 18 10 02 29.728 -3962.193 -4732.396 -2837.156 2.169979580685 -4.860215691626 5.088812689778 418.546
1873/05 2024 06 18 10 02 30.728 -3960.021 -4737.254 -2832.065 2.174288116809 -4.854535591263 5.092428295373 418.528
1873/05 2024 06 18 10 02 31.728 -3957.845 -4742.105 -2826.971 2.178594762200 -4.848849929814 5.096037430084 418.509
1873/05 2024 06 18 10 02 32.728 -3955.664 -4746.951 -2821.873 2.182899512148 -4.843158714153 5.099640089198 418.491
1873/05 2024 06 18 10 02 33.728 -3953.479 -4751.792 -2816.772 2.187202361944 -4.837461951161 5.103236268013 418.472
1873/05 2024 06 18 10 02 34.728 -3951.290 -4756.626 -2811.667 2.191503306879 -4.831759647725 5.106825961832 418.454
1873/05 2024 06 18 10 02 35.728 -3949.096 -4761.455 -2806.558 2.195802342248 -4.826051810739 5.110409165968 418.435
1873/05 2024 06 18 10 02 36.728 -3946.898 -4766.278 -2801.446 2.200099463343 -4.820338447104 5.113985875742 418.417
1873/05 2024 06 18 10 02 37.728 -3944.696 -4771.096 -2796.330 2.204394665460 -4.814619563726 5.117556086483 418.398
1873/05 2024 06 18 10 02 38.728 -3942.489 -4775.908 -2791.211 2.208687943897 -4.808895167520 5.121119793528 418.380
1873/05 2024 06 18 10 02 39.728 -3940.278 -4780.714 -2786.088 2.212979293951 -4.803165265407 5.124676992223 418.361
1873/05 2024 06 18 10 02 40.728 -3938.063 -4785.514 -2780.961 2.217268710922 -4.797429864314 5.128227677920 418.343
1873/05 2024 06 18 10 02 41.728 -3935.844 -4790.308 -2775.831 2.221556190109 -4.791688971175 5.131771845982 418.325
1873/05 2024 06 18 10 02 42.728 -3933.620 -4795.097 -2770.698 2.225841726815 -4.785942592930 5.135309491779 418.306
1873/05 2024 06 18 10 02 43.728 -3931.392 -4799.880 -2765.561 2.230125316343 -4.780190736528 5.138840610689 418.288
1873/05 2024 06 18 10 02 44.728 -3929.160 -4804.658 -2760.420 2.234406953997 -4.774433408921 5.142365198098 418.269
1873/05 2024 06 18 10 02 45.728 -3926.923 -4809.429 -2755.276 2.238686635083 -4.768670617070 5.145883249402 418.251
1873/05 2024 06 18 10 02 46.728 -3924.683 -4814.195 -2750.128 2.242964354907 -4.762902367944 5.149394760002 418.233
1873/05 2024 06 18 10 02 47.728 -3922.437 -4818.955 -2744.977 2.247240108778 -4.757128668514 5.152899725312 418.215
1873/05 2024 06 18 10 02 48.728 -3920.188 -4823.709 -2739.823 2.251513892005 -4.751349525763 5.156398140749 418.196
1873/05 2024 06 18 10 02 49.728 -3917.934 -4828.458 -2734.664 2.255785699899 -4.745564946676 5.159890001741 418.178
1873/05 2024 06 18 10 02 50.728 -3915.677 -4833.200 -2729.503 2.260055527772 -4.739774938248 5.163375303726 418.160
1873/05 2024 06 18 10 02 51.728 -3913.414 -4837.937 -2724.338 2.264323370938 -4.733979507478 5.166854042146 418.142
1873/05 2024 06 18 10 02 52.728 -3911.148 -4842.668 -2719.169 2.268589224710 -4.728178661374 5.170326212455 418.123
1873/05 2024 06 18 10 02 53.728 -3908.877 -4847.394 -2713.997 2.272853084405 -4.722372406949 5.173791810114 418.105
1873/05 2024 06 18 10 02 54.728 -3906.602 -4852.113 -2708.821 2.277114945341 -4.716560751222 5.177250830592 418.087
1873/05 2024 06 18 10 02 55.728 -3904.323 -4856.827 -2703.642 2.281374802836 -4.710743701220 5.180703269365 418.069
1873/05 2024 06 18 10 02 56.728 -3902.039 -4861.535 -2698.460 2.285632652210 -4.704921263977 5.184149121921 418.051
1873/05 2024 06 18 10 02 57.728 -3899.752 -4866.237 -2693.274 2.289888488784 -4.699093446531 5.187588383754 418.033
1873/05 2024 06 18 10 02 58.728 -3897.460 -4870.933 -2688.085 2.294142307882 -4.693260255928 5.191021050365 418.015
1873/05 2024 06 18 10 02 59.728 -3895.163 -4875.623 -2682.892 2.298394104826 -4.687421699222 5.194447117266 417.997
1873/05 2024 06 18 10 03 00.728 -3892.863 -4880.308 -2677.696 2.302643874943 -4.681577783471 5.197866579976 417.978
1873/05 2024 06 18 10 03 01.728 -3890.558 -4884.986 -2672.496 2.306891613560 -4.675728515741 5.201279434022 417.960
1873/05 2024 06 18 10 03 02.728 -3888.249 -4889.659 -2667.293 2.311137316004 -4.669873903103 5.204685674940 417.942
1873/05 2024 06 18 10 03 03.728 -3885.936 -4894.326 -2662.087 2.315380977605 -4.664013952638 5.208085298275 417.924
1873/05 2024 06 18 10 03 04.728 -3883.618 -4898.987 -2656.877 2.319622593693 -4.658148671428 5.211478299579 417.906
1873/05 2024 06 18 10 03 05.728 -3881.297 -4903.642 -2651.664 2.323862159602 -4.652278066567 5.214864674413 417.889
1873/05 2024 06 18 10 03 06.728 -3878.971 -4908.292 -2646.448 2.328099670665 -4.646402145152 5.218244418347 417.871
1873/05 2024 06 18 10 03 07.728 -3876.640 -4912.935 -2641.228 2.332335122217 -4.640520914287 5.221617526957 417.853
1873/05 2024 06 18 10 03 08.728 -3874.306 -4917.573 -2636.004 2.336568509594 -4.634634381083 5.224983995832 417.835
1873/05 2024 06 18 10 03 09.728 -3871.967 -4922.204 -2630.778 2.340799828134 -4.628742552658 5.228343820564 417.817
1873/05 2024 06 18 10 03 10.728 -3869.624 -4926.830 -2625.548 2.345029073177 -4.622845436135 5.231696996757 417.799
1873/05 2024 06 18 10 03 11.728 -3867.277 -4931.450 -2620.314 2.349256240063 -4.616943038645 5.235043520023 417.781
1873/05 2024 06 18 10 03 12.728 -3864.926 -4936.064 -2615.078 2.353481324134 -4.611035367324 5.238383385981 417.763
1873/05 2024 06 18 10 03 13.728 -3862.570 -4940.672 -2609.837 2.357704320734 -4.605122429316 5.241716590259 417.746
1873/05 2024 06 18 10 03 14.728 -3860.210 -4945.274 -2604.594 2.361925225209 -4.599204231768 5.245043128495 417.728
1873/05 2024 06 18 10 03 15.728 -3857.846 -4949.871 -2599.347 2.366144032903 -4.593280781838 5.248362996332 417.710
1873/05 2024 06 18 10 03 16.728 -3855.478 -4954.461 -2594.097 2.370360739166 -4.587352086688 5.251676189426 417.692
1873/05 2024 06 18 10 03 17.728 -3853.106 -4959.045 -2588.844 2.374575339347 -4.581418153486 5.254982703437 417.675
1873/05 2024 06 18 10 03 18.728 -3850.729 -4963.624 -2583.587 2.378787828796 -4.575478989406 5.258282534037 417.657
1873/05 2024 06 18 10 03 19.728 -3848.348 -4968.196 -2578.327 2.382998202866 -4.569534601631 5.261575676904 417.639
1873/05 2024 06 18 10 03 20.728 -3845.963 -4972.763 -2573.064 2.387206456909 -4.563584997348 5.264862127726 417.622
1873/05 2024 06 18 10 03 21.728 -3843.574 -4977.323 -2567.798 2.391412586283 -4.557630183750 5.268141882198 417.604
1873/05 2024 06 18 10 03 22.728 -3841.180 -4981.878 -2562.528 2.395616586343 -4.551670168039 5.271414936026 417.586
1873/05 2024 06 18 10 03 23.728 -3838.782 -4986.427 -2557.255 2.399818452447 -4.545704957420 5.274681284921 417.569
1873/05 2024 06 18 10 03 24.728 -3836.381 -4990.969 -2551.979 2.404018179955 -4.539734559107 5.277940924606 417.551
1873/05 2024 06 18 10 03 25.728 -3833.974 -4995.506 -2546.699 2.408215764228 -4.533758980320 5.281193850810 417.534
1873/05 2024 06 18 10 03 26.728 -3831.564 -5000.037 -2541.416 2.412411200630 -4.527778228282 5.284440059272 417.516
1873/05 2024 06 18 10 03 27.728 -3829.150 -5004.562 -2536.130 2.416604484523 -4.521792310227 5.287679545739 417.499
1873/05 2024 06 18 10 03 28.728 -3826.731 -5009.081 -2530.841 2.420795611273 -4.515801233393 5.290912305965 417.481
1873/05 2024 06 18 10 03 29.728 -3824.308 -5013.593 -2525.548 2.424984576249 -4.509805005024 5.294138335716 417.464
1873/05 2024 06 18 10 03 30.728 -3821.881 -5018.100 -2520.253 2.429171374818 -4.503803632370 5.297357630764 417.446
1873/05 2024 06 18 10 03 31.728 -3819.450 -5022.601 -2514.954 2.433356002350 -4.497797122689 5.300570186890 417.429
1873/05 2024 06 18 10 03 32.728 -3817.014 -5027.096 -2509.651 2.437538454218 -4.491785483244 5.303775999883 417.411
1873/05 2024 06 18 10 03 33.728 -3814.575 -5031.585 -2504.346 2.441718725795 -4.485768721304 5.306975065541 417.394
1873/05 2024 06 18 10 03 34.728 -3812.131 -5036.067 -2499.037 2.445896812455 -4.479746844146 5.310167379673 417.377
1873/05 2024 06 18 10 03 35.728 -3809.683 -5040.544 -2493.726 2.450072709575 -4.473719859050 5.313352938092 417.359
1873/05 2024 06 18 10 03 36.728 -3807.231 -5045.015 -2488.411 2.454246412533 -4.467687773305 5.316531736623 417.342
1873/05 2024 06 18 10 03 37.728 -3804.774 -5049.479 -2483.093 2.458417916709 -4.461650594206 5.319703771098 417.325
1873/05 2024 06 18 10 03 38.728 -3802.314 -5053.938 -2477.771 2.462587217483 -4.455608329052 5.322869037359 417.307
1873/05 2024 06 18 10 03 39.728 -3799.849 -5058.391 -2472.447 2.466754310238 -4.449560985151 5.326027531254 417.290
1873/05 2024 06 18 10 03 40.728 -3797.380 -5062.837 -2467.119 2.470919190358 -4.443508569816 5.329179248644 417.273
1873/05 2024 06 18 10 03 41.728 -3794.907 -5067.278 -2461.789 2.475081853229 -4.437451090366 5.332324185394 417.256
1873/05 2024 06 18 10 03 42.728 -3792.430 -5071.712 -2456.455 2.479242294239 -4.431388554126 5.335462337380 417.238
1873/05 2024 06 18 10 03 43.728 -3789.949 -5076.140 -2451.118 2.483400508776 -4.425320968427 5.338593700486 417.221
1873/05 2024 06 18 10 03 44.728 -3787.463 -5080.563 -2445.778 2.487556492232 -4.419248340607 5.341718270605 417.204
1873/05 2024 06 18 10 03 45.728 -3784.974 -5084.979 -2440.434 2.491710239997 -4.413170678011 5.344836043639 417.187
1873/05 2024 06 18 10 03 46.728 -3782.480 -5089.389 -2435.088 2.495861747466 -4.407087987987 5.347947015498 417.170
1873/05 2024 06 18 10 03 47.728 -3779.982 -5093.793 -2429.738 2.500011010035 -4.401000277892 5.351051182099 417.153
1873/05 2024 06 18 10 03 48.728 -3777.480 -5098.191 -2424.386 2.504158023100 -4.394907555088 5.354148539372 417.136
1873/05 2024 06 18 10 03 49.728 -3774.974 -5102.583 -2419.030 2.508302782061 -4.388809826943 5.357239083252 417.119
1873/05 2024 06 18 10 03 50.728 -3772.463 -5106.969 -2413.671 2.512445282316 -4.382707100831 5.360322809683 417.102
1873/05 2024 06 18 10 03 51.728 -3769.949 -5111.348 -2408.309 2.516585519269 -4.376599384134 5.363399714619 417.085
1873/05 2024 06 18 10 03 52.728 -3767.430 -5115.722 -2402.944 2.520723488323 -4.370486684237 5.366469794023 417.068
1873/05 2024 06 18 10 03 53.728 -3764.907 -5120.089 -2397.576 2.524859184882 -4.364369008533 5.369533043865 417.051
1873/05 2024 06 18 10 03 54.728 -3762.380 -5124.451 -2392.205 2.528992604355 -4.358246364421 5.372589460124 417.034
1873/05 2024 06 18 10 03 55.728 -3759.849 -5128.806 -2386.831 2.533123742149 -4.352118759306 5.375639038789 417.017
1873/05 2024 06 18 10 03 56.728 -3757.314 -5133.155 -2381.454 2.537252593675 -4.345986200598 5.378681775857 417.000
1873/05 2024 06 18 10 03 57.728 -3754.775 -5137.498 -2376.074 2.541379154344 -4.339848695714 5.381717667333 416.983
1873/05 2024 06 18 10 03 58.728 -3752.231 -5141.834 -2370.691 2.545503419570 -4.333706252078 5.384746709232 416.966
1873/05 2024 06 18 10 03 59.728 -3749.684 -5146.165 -2365.304 2.549625384769 -4.327558877117 5.387768897577 416.949
1873/05 2024 06 18 10 04 00.728 -3747.132 -5150.490 -2359.915 2.553745045357 -4.321406578267 5.390784228400 416.933
1873/05 2024 06 18 10 04 01.728 -3744.576 -5154.808 -2354.523 2.557862396752 -4.315249362970 5.393792697741 416.916
1873/05 2024 06 18 10 04 02.728 -3742.016 -5159.120 -2349.128 2.561977434376 -4.309087238671 5.396794301649 416.899
1873/05 2024 06 18 10 04 03.728 -3739.452 -5163.426 -2343.729 2.566090153650 -4.302920212824 5.399789036183 416.882
1873/05 2024 06 18 10 04 04.728 -3736.884 -5167.726 -2338.328 2.570200549997 -4.296748292887 5.402776897410 416.866
1873/05 2024 06 18 10 04 05.728 -3734.312 -5172.020 -2332.924 2.574308618844 -4.290571486326 5.405757881405 416.849
1873/05 2024 06 18 10 04 06.728 -3731.736 -5176.307 -2327.516 2.578414355618 -4.284389800612 5.408731984253 416.832
1873/05 2024 06 18 10 04 07.728 -3729.155 -5180.588 -2322.106 2.582517755746 -4.278203243221 5.411699202046 416.816
1873/05 2024 06 18 10 04 08.728 -3726.571 -5184.863 -2316.693 2.586618814661 -4.272011821636 5.414659530887 416.799
1873/05 2024 06 18 10 04 09.728 -3723.982 -5189.132 -2311.277 2.590717527794 -4.265815543345 5.417612966887 416.783
1873/05 2024 06 18 10 04 10.728 -3721.389 -5193.395 -2305.858 2.594813890579 -4.259614415844 5.420559506165 416.766
1873/05 2024 06 18 10 04 11.728 -3718.792 -5197.652 -2300.436 2.598907898452 -4.253408446633 5.423499144849 416.749
1873/05 2024 06 18 10 04 12.728 -3716.191 -5201.902 -2295.011 2.602999546852 -4.247197643219 5.426431879077 416.733
1873/05 2024 06 18 10 04 13.728 -3713.586 -5206.146 -2289.583 2.607088831216 -4.240982013113 5.429357704995 416.716
1873/05 2024 06 18 10 04 14.728 -3710.977 -5210.384 -2284.152 2.611175746987 -4.234761563834 5.432276618757 416.700
1873/05 2024 06 18 10 04 15.728 -3708.364 -5214.616 -2278.718 2.615260289608 -4.228536302907 5.435188616528 416.683
1873/05 2024 06 18 10 04 16.728 -3705.747 -5218.841 -2273.282 2.619342454522 -4.222306237861 5.438093694479 416.667
1873/05 2024 06 18 10 04 17.728 -3703.125 -5223.060 -2267.842 2.623422237177 -4.216071376232 5.440991848792 416.651
1873/05 2024 06 18 10 04 18.728 -3700.500 -5227.273 -2262.400 2.627499633020 -4.209831725563 5.443883075658 416.634
1873/05 2024 06 18 10 04 19.728 -3697.870 -5231.480 -2256.954 2.631574637502 -4.203587293400 5.446767371275 416.618
1873/05 2024 06 18 10 04 20.728 -3695.237 -5235.680 -2251.506 2.635647246075 -4.197338087297 5.449644731851 416.602
1873/05 2024 06 18 10 04 21.728 -3692.599 -5239.874 -2246.055 2.639717454192 -4.191084114814 5.452515153604 416.585
1873/05 2024 06 18 10 04 22.728 -3689.957 -5244.062 -2240.601 2.643785257309 -4.184825383516 5.455378632758 416.569
1873/05 2024 06 18 10 04 23.728 -3687.311 -5248.244 -2235.144 2.647850650883 -4.178561900973 5.458235165549 416.553
1873/05 2024 06 18 10 04 24.728 -3684.662 -5252.420 -2229.685 2.651913630373 -4.172293674762 5.461084748220 416.537
1873/05 2024 06 18 10 04 25.728 -3682.008 -5256.589 -2224.222 2.655974191240 -4.166020712467 5.463927377022 416.520
1873/05 2024 06 18 10 04 26.728 -3679.350 -5260.752 -2218.757 2.660032328948 -4.159743021675 5.466763048219 416.504
1873/05 2024 06 18 10 04 27.728 -3676.687 -5264.908 -2213.289 2.664088038960 -4.153460609980 5.469591758079 416.488
1873/05 2024 06 18 10 04 28.728 -3674.021 -5269.059 -2207.818 2.668141316742 -4.147173484983 5.472413502882 416.472
1873/05 2024 06 18 10 04 29.728 -3671.351 -5273.203 -2202.344 2.672192157765 -4.140881654290 5.475228278915 416.456
1873/05 2024 06 18 10 04 30.728 -3668.677 -5277.340 -2196.867 2.676240557497 -4.134585125510 5.478036082477 416.440
1873/05 2024 06 18 10 04 31.728 -3665.999 -5281.472 -2191.388 2.680286511410 -4.128283906263 5.480836909872 416.424
1873/05 2024 06 18 10 04 32.728 -3663.316 -5285.597 -2185.906 2.684330014979 -4.121978004170 5.483630757415 416.408
1873/05 2024 06 18 10 04 33.728 -3660.630 -5289.716 -2180.421 2.688371063679 -4.115667426861 5.486417621431 416.391
1873/05 2024 06 18 10 04 34.728 -3657.940 -5293.828 -2174.933 2.692409652989 -4.109352181969 5.489197498252 416.376
1873/05 2024 06 18 10 04 35.728 -3655.245 -5297.934 -2169.442 2.696445778387 -4.103032277136 5.491970384219 416.360
1873/05 2024 06 18 10 04 36.728 -3652.547 -5302.034 -2163.949 2.700479435355 -4.096707720006 5.494736275684 416.344
1873/05 2024 06 18 10 04 37.728 -3649.844 -5306.128 -2158.453 2.704510619376 -4.090378518231 5.497495169006 416.328
1873/05 2024 06 18 10 04 38.728 -3647.138 -5310.215 -2152.954 2.708539325936 -4.084044679468 5.500247060553 416.312
1873/05 2024 06 18 10 04 39.728 -3644.427 -5314.296 -2147.452 2.712565550522 -4.077706211381 5.502991946703 416.296
1873/05 2024 06 18 10 04 40.728 -3641.713 -5318.370 -2141.948 2.716589288623 -4.071363121637 5.505729823843 416.280
1873/05 2024 06 18 10 04 41.728 -3638.994 -5322.439 -2136.441 2.720610535730 -4.065015417911 5.508460688369 416.264
1873/05 2024 06 18 10 04 42.728 -3636.271 -5326.500 -2130.931 2.724629287336 -4.058663107883 5.511184536684 416.248
1873/05 2024 06 18 10 04 43.728 -3633.545 -5330.556 -2125.418 2.728645538936 -4.052306199237 5.513901365203 416.233
1873/05 2024 06 18 10 04 44.728 -3630.814 -5334.605 -2119.903 2.732659286026 -4.045944699666 5.516611170348 416.217
1873/05 2024 06 18 10 04 45.728 -3628.079 -5338.648 -2114.385 2.736670524106 -4.039578616865 5.519313948551 416.201
1873/05 2024 06 18 10 04 46.728 -3625.341 -5342.684 -2108.865 2.740679248676 -4.033207958538 5.522009696253 416.186
1873/05 2024 06 18 10 04 47.728 -3622.598 -5346.714 -2103.341 2.744685455238 -4.026832732392 5.524698409902 416.170
1873/05 2024 06 18 10 04 48.728 -3619.851 -5350.738 -2097.815 2.748689139298 -4.020452946140 5.527380085959 416.154
1873/05 2024 06 18 10 04 49.728 -3617.101 -5354.755 -2092.286 2.752690296362 -4.014068607501 5.530054720890 416.139
1873/05 2024 06 18 10 04 50.728 -3614.346 -5358.766 -2086.755 2.756688921939 -4.007679724201 5.532722311172 416.123
1873/05 2024 06 18 10 04 51.728 -3611.587 -5362.771 -2081.221 2.760685011539 -4.001286303969 5.535382853293 416.107
1873/05 2024 06 18 10 04 52.728 -3608.825 -5366.769 -2075.684 2.764678560674 -3.994888354542 5.538036343745 416.092
1873/05 2024 06 18 10 04 53.728 -3606.058 -5370.760 -2070.145 2.768669564860 -3.988485883660 5.540682779034 416.076
1873/05 2024 06 18 10 04 54.728 -3603.287 -5374.746 -2064.603 2.772658019612 -3.982078899070 5.543322155673 416.061
1873/05 2024 06 18 10 04 55.728 -3600.513 -5378.724 -2059.058 2.776643920450 -3.975667408524 5.545954470183 416.045
1873/05 2024 06 18 10 04 56.728 -3597.734 -5382.697 -2053.511 2.780627262894 -3.969251419781 5.548579719097 416.030
1873/05 2024 06 18 10 04 57.728 -3594.951 -5386.663 -2047.961 2.784608042466 -3.962830940604 5.551197898954 416.015
1873/05 2024 06 18 10 04 58.728 -3592.165 -5390.623 -2042.409 2.788586254691 -3.956405978762 5.553809006305 415.999
1873/05 2024 06 18 10 04 59.728 -3589.374 -5394.576 -2036.853 2.792561895096 -3.949976542029 5.556413037707 415.984
1873/05 2024 06 18 10 05 00.728 -3586.580 -5398.523 -2031.296 2.796534959210 -3.943542638185 5.559009989728 415.969
1873/05 2024 06 18 10 05 01.728 -3583.781 -5402.463 -2025.735 2.800505442562 -3.937104275015 5.561599858945 415.953
1873/05 2024 06 18 10 05 02.728 -3580.979 -5406.397 -2020.173 2.804473340686 -3.930661460310 5.564182641945 415.938
1873/05 2024 06 18 10 05 03.728 -3578.172 -5410.324 -2014.607 2.808438649117 -3.924214201866 5.566758335322 415.923
1873/05 2024 06 18 10 05 04.728 -3575.362 -5414.245 -2009.039 2.812401363391 -3.917762507485 5.569326935681 415.908
1873/05 2024 06 18 10 05 05.728 -3572.547 -5418.160 -2003.468 2.816361479048 -3.911306384974 5.571888439634 415.892
1873/05 2024 06 18 10 05 06.728 -3569.729 -5422.068 -1997.895 2.820318991627 -3.904845842145 5.574442843805 415.877
1873/05 2024 06 18 10 05 07.728 -3566.907 -5425.969 -1992.320 2.824273896674 -3.898380886817 5.576990144825 415.862
1873/05 2024 06 18 10 05 08.728 -3564.081 -5429.865 -1986.741 2.828226189731 -3.891911526812 5.579530339335 415.847
1873/05 2024 06 18 10 05 09.728 -3561.250 -5433.753 -1981.161 2.832175866348 -3.885437769960 5.582063423986 415.832
1873/05 2024 06 18 10 05 10.728 -3558.416 -5437.635 -1975.577 2.836122922072 -3.878959624094 5.584589395435 415.817
1873/05 2024 06 18 10 05 11.728 -3555.578 -5441.511 -1969.991 2.840067352456 -3.872477097054 5.587108250352 415.802
1873/05 2024 06 18 10 05 12.728 -3552.736 -5445.380 -1964.403 2.844009153054 -3.865990196685 5.589619985415 415.787
1873/05 2024 06 18 10 05 13.728 -3549.890 -5449.243 -1958.812 2.847948319419 -3.859498930836 5.592124597309 415.772
1873/05 2024 06 18 10 05 14.728 -3547.040 -5453.099 -1953.219 2.851884847111 -3.853003307364 5.594622082732 415.757
1873/05 2024 06 18 10 05 15.728 -3544.186 -5456.949 -1947.623 2.855818731690 -3.846503334129 5.597112438388 415.742
1873/05 2024 06 18 10 05 16.728 -3541.329 -5460.792 -1942.025 2.859749968717 -3.839999018997 5.599595660991 415.727
1873/05 2024 06 18 10 05 17.728 -3538.467 -5464.629 -1936.424 2.863678553756 -3.833490369840 5.602071747265 415.712
1873/05 2024 06 18 10 05 18.728 -3535.601 -5468.459 -1930.820 2.867604482374 -3.826977394535 5.604540693943 415.697
1873/05 2024 06 18 10 05 19.728 -3532.732 -5472.283 -1925.215 2.871527750139 -3.820460100963 5.607002497767 415.682
1873/05 2024 06 18 10 05 20.728 -3529.858 -5476.100 -1919.606 2.875448352622 -3.813938497012 5.609457155489 415.668
1873/05 2024 06 18 10 05 21.728 -3526.981 -5479.911 -1913.996 2.879366285395 -3.807412590575 5.611904663868 415.653
1873/05 2024 06 18 10 05 22.728 -3524.099 -5483.715 -1908.383 2.883281544034 -3.800882389549 5.614345019674 415.638
1873/05 2024 06 18 10 05 23.728 -3521.214 -5487.513 -1902.767 2.887194124115 -3.794347901838 5.616778219688 415.623
1873/05 2024 06 18 10 05 24.728 -3518.325 -5491.304 -1897.149 2.891104021218 -3.787809135350 5.619204260696 415.609
1873/05 2024 06 18 10 05 25.728 -3515.432 -5495.088 -1891.529 2.895011230924 -3.781266097998 5.621623139496 415.594
1873/05 2024 06 18 10 05 26.728 -3512.535 -5498.866 -1885.906 2.898915748817 -3.774718797702 5.624034852896 415.579
1873/05 2024 06 18 10 05 27.728 -3509.634 -5502.638 -1880.281 2.902817570482 -3.768167242385 5.626439397711 415.565
1873/05 2024 06 18 10 05 28.728 -3506.729 -5506.403 -1874.653 2.906716691508 -3.761611439976 5.628836770766 415.550
1873/05 2024 06 18 10 05 29.728 -3503.821 -5510.161 -1869.023 2.910613107485 -3.755051398411 5.631226968897 415.536
1873/05 2024 06 18 10 05 30.728 -3500.908 -5513.913 -1863.390 2.914506814006 -3.748487125628 5.633609988946 415.521
1873/05 2024 06 18 10 05 31.728 -3497.992 -5517.658 -1857.756 2.918397806664 -3.741918629573 5.635985827768 415.507
1873/05 2024 06 18 10 05 32.728 -3495.071 -5521.397 -1852.118 2.922286081057 -3.735345918196 5.638354482225 415.492
1873/05 2024 06 18 10 05 33.728 -3492.147 -5525.129 -1846.479 2.926171632784 -3.728768999450 5.640715949189 415.478
1873/05 2024 06 18 10 05 34.728 -3489.219 -5528.854 -1840.837 2.930054457447 -3.722187881298 5.643070225541 415.463
1873/05 2024 06 18 10 05 35.728 -3486.287 -5532.573 -1835.193 2.933934550648 -3.715602571704 5.645417308171 415.449
1873/05 2024 06 18 10 05 36.728 -3483.351 -5536.285 -1829.546 2.937811907994 -3.709013078638 5.647757193979 415.434
1873/05 2024 06 18 10 05 37.728 -3480.411 -5539.991 -1823.897 2.941686525093 -3.702419410077 5.650089879874 415.420
1873/05 2024 06 18 10 05 38.728 -3477.468 -5543.690 -1818.246 2.945558397556 -3.695821574000 5.652415362775 415.406
1873/05 2024 06 18 10 05 39.728 -3474.520 -5547.383 -1812.592 2.949427520994 -3.689219578394 5.654733639610 415.392
1873/05 2024 06 18 10 05 40.728 -3471.569 -5551.069 -1806.937 2.953293891023 -3.682613431250 5.657044707315 415.377
1873/05 2024 06 18 10 05 41.728 -3468.614 -5554.748 -1801.278 2.957157503260 -3.676003140564 5.659348562837 415.363
1873/05 2024 06 18 10 05 42.728 -3465.655 -5558.421 -1795.618 2.961018353324 -3.669388714336 5.661645203133 415.349
1873/05 2024 06 18 10 05 43.728 -3462.692 -5562.087 -1789.955 2.964876436838 -3.662770160572 5.663934625166 415.335
1873/05 2024 06 18 10 05 44.728 -3459.725 -5565.746 -1784.290 2.968731749425 -3.656147487284 5.666216825912 415.321
1873/05 2024 06 18 10 05 45.728 -3456.754 -5569.399 -1778.623 2.972584286712 -3.649520702488 5.668491802356 415.307
1873/05 2024 06 18 10 05 46.728 -3453.780 -5573.045 -1772.953 2.976434044327 -3.642889814205 5.670759551489 415.292
1873/05 2024 06 18 10 05 47.728 -3450.801 -5576.685 -1767.281 2.980281017901 -3.636254830461 5.673020070315 415.278
1873/05 2024 06 18 10 05 48.728 -3447.819 -5580.318 -1761.607 2.984125203067 -3.629615759287 5.675273355846 415.264
1873/05 2024 06 18 10 05 49.728 -3444.833 -5583.944 -1755.931 2.987966595462 -3.622972608719 5.677519405103 415.250
1873/05 2024 06 18 10 05 50.728 -3441.843 -5587.564 -1750.252 2.991805190724 -3.616325386799 5.679758215118 415.236
1873/05 2024 06 18 10 05 51.728 -3438.849 -5591.177 -1744.571 2.995640984491 -3.609674101572 5.681989782930 415.223
1873/05 2024 06 18 10 05 52.728 -3435.852 -5594.783 -1738.888 2.999473972408 -3.603018761090 5.684214105590 415.209
1873/05 2024 06 18 10 05 53.728 -3432.850 -5598.383 -1733.203 3.003304150119 -3.596359373408 5.686431180156 415.195
1873/05 2024 06 18 10 05 54.728 -3429.845 -5601.976 -1727.515 3.007131513272 -3.589695946588 5.688641003698 415.181
1873/05 2024 06 18 10 05 55.728 -3426.836 -5605.562 -1721.825 3.010956057516 -3.583028488694 5.690843573292 415.167
1873/05 2024 06 18 10 05 56.728 -3423.823 -5609.142 -1716.133 3.014777778503 -3.576357007799 5.693038886027 415.153
1873/05 2024 06 18 10 05 57.728 -3420.807 -5612.715 -1710.439 3.018596671888 -3.569681511977 5.695226938999 415.140
1873/05 2024 06 18 10 05 58.728 -3417.786 -5616.281 -1704.743 3.022412733328 -3.563002009309 5.697407729315 415.126
1873/05 2024 06 18 10 05 59.728 -3414.762 -5619.841 -1699.044 3.026225958482 -3.556318507881 5.699581254091 415.112
1873/05 2024 06 18 10 06 00.728 -3411.734 -5623.394 -1693.344 3.030036343011 -3.549631015782 5.701747510450 415.098
1873/05 2024 06 18 10 06 01.728 -3408.702 -5626.940 -1687.641 3.033843882580 -3.542939541108 5.703906495530 415.085
1873/05 2024 06 18 10 06 02.728 -3405.666 -5630.480 -1681.936 3.037648572855 -3.536244091959 5.706058206472 415.071
1873/05 2024 06 18 10 06 03.728 -3402.626 -5634.012 -1676.229 3.041450409505 -3.529544676439 5.708202640432 415.058
1873/05 2024 06 18 10 06 04.728 -3399.583 -5637.539 -1670.520 3.045249388201 -3.522841302659 5.710339794571 415.044
1873/05 2024 06 18 10 06 05.728 -3396.536 -5641.058 -1664.808 3.049045504617 -3.516133978733 5.712469666063 415.031
1873/05 2024 06 18 10 06 06.728 -3393.485 -5644.571 -1659.095 3.052838754430 -3.509422712779 5.714592252090 415.017
1873/05 2024 06 18 10 06 07.728 -3390.430 -5648.077 -1653.379 3.056629133316 -3.502707512923 5.716707549843 415.004
1873/05 2024 06 18 10 06 08.728 -3387.372 -5651.576 -1647.661 3.060416636959 -3.495988387293 5.718815556523 414.990
1873/05 2024 06 18 10 06 09.728 -3384.309 -5655.069 -1641.941 3.064201261040 -3.489265344022 5.720916269340 414.977
1873/05 2024 06 18 10 06 10.728 -3381.243 -5658.555 -1636.219 3.067983001247 -3.482538391249 5.723009685515 414.963
1873/05 2024 06 18 10 06 11.728 -3378.174 -5662.034 -1630.495 3.071761853267 -3.475807537117 5.725095802277 414.950
1873/05 2024 06 18 10 06 12.728 -3375.100 -5665.507 -1624.769 3.075537812791 -3.469072789774 5.727174616866 414.937
1873/05 2024 06 18 10 06 13.728 -3372.022 -5668.972 -1619.041 3.079310875512 -3.462334157372 5.729246126529 414.923
1873/05 2024 06 18 10 06 14.728 -3368.941 -5672.431 -1613.311 3.083081037127 -3.455591648070 5.731310328525 414.910
1873/05 2024 06 18 10 06 15.728 -3365.856 -5675.883 -1607.578 3.086848293334 -3.448845270028 5.733367220121 414.897
1873/05 2024 06 18 10 06 16.728 -3362.768 -5679.329 -1601.844 3.090612639833 -3.442095031414 5.735416798595 414.884
1873/05 2024 06 18 10 06 17.728 -3359.675 -5682.768 -1596.108 3.094374072327 -3.435340940398 5.737459061233 414.871
1873/05 2024 06 18 10 06 18.728 -3356.579 -5686.200 -1590.369 3.098132586523 -3.428583005158 5.739494005332 414.857
1873/05 2024 06 18 10 06 19.728 -3353.479 -5689.625 -1584.629 3.101888178128 -3.421821233874 5.741521628196 414.844
1873/05 2024 06 18 10 06 20.728 -3350.375 -5693.043 -1578.886 3.105640842854 -3.415055634731 5.743541927142 414.831
1873/05 2024 06 18 10 06 21.728 -3347.268 -5696.455 -1573.141 3.109390576414 -3.408286215919 5.745554899495 414.818
1873/05 2024 06 18 10 06 22.728 -3344.156 -5699.860 -1567.395 3.113137374523 -3.401512985633 5.747560542588 414.805
1873/05 2024 06 18 10 06 23.728 -3341.041 -5703.258 -1561.646 3.116881232901 -3.394735952072 5.749558853765 414.792
1873/05 2024 06 18 10 06 24.728 -3337.922 -5706.649 -1555.896 3.120622147267 -3.387955123440 5.751549830382 414.779
1873/05 2024 06 18 10 06 25.728 -3334.800 -5710.034 -1550.143 3.124360113345 -3.381170507946 5.753533469799 414.766
1873/05 2024 06 18 10 06 26.728 -3331.674 -5713.412 -1544.389 3.128095126862 -3.374382113803 5.755509769391 414.753
1873/05 2024 06 18 10 06 27.728 -3328.544 -5716.783 -1538.632 3.131827183546 -3.367589949228 5.757478726539 414.740
1873/05 2024 06 18 10 06 28.728 -3325.410 -5720.147 -1532.874 3.135556279127 -3.360794022443 5.759440338635 414.728
1873/05 2024 06 18 10 06 29.728 -3322.273 -5723.504 -1527.113 3.139282409341 -3.353994341676 5.761394603081 414.715
1873/05 2024 06 18 10 06 30.728 -3319.132 -5726.855 -1521.351 3.143005569922 -3.347190915158 5.763341517289 414.702
1873/05 2024 06 18 10 06 31.728 -3315.987 -5730.199 -1515.587 3.146725756610 -3.340383751124 5.765281078677 414.689
1873/05 2024 06 18 10 06 32.728 -3312.838 -5733.536 -1509.820 3.150442965147 -3.333572857815 5.767213284678 414.677
1873/05 2024 06 18 10 06 33.728 -3309.686 -5736.866 -1504.052 3.154157191275 -3.326758243476 5.769138132730 414.664
1873/05 2024 06 18 10 06 34.728 -3306.530 -5740.189 -1498.282 3.157868430743 -3.319939916356 5.771055620284 414.651
1873/05 2024 06 18 10 06 35.728 -3303.370 -5743.506 -1492.510 3.161576679299 -3.313117884708 5.772965744798 414.639
1873/05 2024 06 18 10 06 36.728 -3300.207 -5746.815 -1486.736 3.165281932694 -3.306292156793 5.774868503741 414.626
1873/05 2024 06 18 10 06 37.728 -3297.039 -5750.118 -1480.960 3.168984186684 -3.299462740871 5.776763894591 414.613
1873/05 2024 06 18 10 06 38.728 -3293.869 -5753.414 -1475.183 3.172683437026 -3.292629645211 5.778651914838 414.601
1873/05 2024 06 18 10 06 39.728 -3290.694 -5756.703 -1469.403 3.176379679479 -3.285792878083 5.780532561977 414.588
1873/05 2024 06 18 10 06 40.728 -3287.516 -5759.986 -1463.622 3.180072909805 -3.278952447765 5.782405833517 414.576
1873/05 2024 06 18 10 06 41.728 -3284.334 -5763.261 -1457.838 3.183763123770 -3.272108362537 5.784271726975 414.564
1873/05 2024 06 18 10 06 42.728 -3281.148 -5766.530 -1452.053 3.187450317141 -3.265260630683 5.786130239876 414.551
1873/05 2024 06 18 10 06 43.728 -3277.959 -5769.792 -1446.266 3.191134485689 -3.258409260493 5.787981369758 414.539
1873/05 2024 06 18 10 06 44.728 -3274.766 -5773.047 -1440.477 3.194815625186 -3.251554260261 5.789825114167 414.526
1873/05 2024 06 18 10 06 45.728 -3271.569 -5776.295 -1434.686 3.198493731408 -3.244695638285 5.791661470657 414.514
1873/05 2024 06 18 10 06 46.728 -3268.369 -5779.536 -1428.894 3.202168800133 -3.237833402867 5.793490436794 414.502
1873/05 2024 06 18 10 06 47.728 -3265.165 -5782.771 -1423.099 3.205840827142 -3.230967562314 5.795312010153 414.490
1873/05 2024 06 18 10 06 48.728 -3261.957 -5785.998 -1417.303 3.209509808219 -3.224098124937 5.797126188319 414.477
1873/05 2024 06 18 10 06 49.728 -3258.746 -5789.219 -1411.505 3.213175739151 -3.217225099052 5.798932968885 414.465
1873/05 2024 06 18 10 06 50.728 -3255.531 -5792.433 -1405.705 3.216838615725 -3.210348492978 5.800732349457 414.453
1873/05 2024 06 18 10 06 51.728 -3252.312 -5795.639 -1399.904 3.220498433735 -3.203468315040 5.802524327647 414.441
1873/05 2024 06 18 10 06 52.728 -3249.090 -5798.840 -1394.100 3.224155188973 -3.196584573566 5.804308901078 414.429
1873/05 2024 06 18 10 06 53.728 -3245.864 -5802.033 -1388.295 3.227808877238 -3.189697276889 5.806086067385 414.417
1873/05 2024 06 18 10 06 54.728 -3242.634 -5805.219 -1382.488 3.231459494330 -3.182806433345 5.807855824209 414.405
1873/05 2024 06 18 10 06 55.728 -3239.401 -5808.398 -1376.679 3.235107036050 -3.175912051276 5.809618169203 414.393
1873/05 2024 06 18 10 06 56.728 -3236.164 -5811.571 -1370.869 3.238751498204 -3.169014139027 5.811373100029 414.381
1873/05 2024 06 18 10 06 57.728 -3232.924 -5814.736 -1365.057 3.242392876600 -3.162112704947 5.813120614359 414.369
1873/05 2024 06 18 10 06 58.728 -3229.679 -5817.895 -1359.243 3.246031167050 -3.155207757392 5.814860709874 414.357
1873/05 2024 06 18 10 06 59.728 -3226.432 -5821.047 -1353.427 3.249666365365 -3.148299304718 5.816593384267 414.345
1873/05 2024 06 18 10 07 00.728 -3223.180 -5824.192 -1347.609 3.253298467364 -3.141387355289 5.818318635237 414.333
1873/05 2024 06 18 10 07 01.728 -3219.925 -5827.329 -1341.790 3.256927468864 -3.134471917470 5.820036460496 414.321
1873/05 2024 06 18 10 07 02.728 -3216.666 -5830.460 -1335.969 3.260553365687 -3.127552999632 5.821746857764 414.310
1873/05 2024 06 18 10 07 03.728 -3213.404 -5833.585 -1330.147 3.264176153659 -3.120630610151 5.823449824771 414.298
1873/05 2024 06 18 10 07 04.728 -3210.138 -5836.702 -1324.323 3.267795828606 -3.113704757405 5.825145359257 414.286
1873/05 2024 06 18 10 07 05.728 -3206.868 -5839.812 -1318.497 3.271412386359 -3.106775449777 5.826833458973 414.274
1873/05 2024 06 18 10 07 06.728 -3203.595 -5842.915 -1312.669 3.275025822749 -3.099842695655 5.828514121676 414.263
1873/05 2024 06 18 10 07 07.728 -3200.318 -5846.012 -1306.839 3.278636133614 -3.092906503429 5.830187345137 414.251
1873/05 2024 06 18 10 07 08.728 -3197.038 -5849.101 -1301.008 3.282243314792 -3.085966881497 5.831853127135 414.240
1873/05 2024 06 18 10 07 09.728 -3193.754 -5852.184 -1295.176 3.285847362124 -3.079023838256 5.833511465458 414.228
1873/05 2024 06 18 10 07 10.728 -3190.466 -5855.259 -1289.341 3.289448271453 -3.072077382111 5.835162357904 414.216
1873/05 2024 06 18 10 07 11.728 -3187.175 -5858.328 -1283.505 3.293046038627 -3.065127521469 5.836805802282 414.205
1873/05 2024 06 18 10 07 12.728 -3183.880 -5861.389 -1277.668 3.296640659496 -3.058174264743 5.838441796410 414.193
1873/05 2024 06 18 10 07 13.728 -3180.582 -5864.444 -1271.829 3.300232129913 -3.051217620348 5.840070338116 414.182
1873/05 2024 06 18 10 07 14.728 -3177.280 -5867.492 -1265.988 3.303820445732 -3.044257596703 5.841691425236 414.171
1873/05 2024 06 18 10 07 15.728 -3173.974 -5870.533 -1260.145 3.307405602811 -3.037294202234 5.843305055619 414.159
1873/05 2024 06 18 10 07 16.728 -3170.665 -5873.566 -1254.301 3.310987597013 -3.030327445368 5.844911227122 414.148
1873/05 2024 06 18 10 07 17.728 -3167.352 -5876.593 -1248.455 3.314566424201 -3.023357334537 5.846509937611 414.137
1873/05 2024 06 18 10 07 18.728 -3164.036 -5879.613 -1242.608 3.318142080241 -3.016383878176 5.848101184963 414.125
1873/05 2024 06 18 10 07 19.728 -3160.716 -5882.626 -1236.759 3.321714561004 -3.009407084726 5.849684967064 414.114
1873/05 2024 06 18 10 07 20.728 -3157.392 -5885.632 -1230.909 3.325283862361 -3.002426962631 5.851261281811 414.103
1873/05 2024 06 18 10 07 21.728 -3154.065 -5888.631 -1225.057 3.328849980189 -2.995443520338 5.852830127110 414.092
1873/05 2024 06 18 10 07 22.728 -3150.735 -5891.623 -1219.203 3.332412910365 -2.988456766299 5.854391500877 414.081
1873/05 2024 06 18 10 07 23.728 -3147.400 -5894.608 -1213.348 3.335972648771 -2.981466708970 5.855945401037 414.070
1873/05 2024 06 18 10 07 24.728 -3144.063 -5897.586 -1207.491 3.339529191290 -2.974473356811 5.857491825526 414.058
1873/05 2024 06 18 10 07 25.728 -3140.721 -5900.557 -1201.633 3.343082533811 -2.967476718284 5.859030772289 414.047
1873/05 2024 06 18 10 07 26.728 -3137.376 -5903.521 -1195.773 3.346632672221 -2.960476801858 5.860562239281 414.036
1873/05 2024 06 18 10 07 27.728 -3134.028 -5906.478 -1189.912 3.350179602415 -2.953473616004 5.862086224467 414.025
1873/05 2024 06 18 10 07 28.728 -3130.676 -5909.428 -1184.049 3.353723320288 -2.946467169197 5.863602725822 414.015
1873/05 2024 06 18 10 07 29.728 -3127.321 -5912.371 -1178.185 3.357263821738 -2.939457469916 5.865111741331 414.004
1873/05 2024 06 18 10 07 30.728 -3123.962 -5915.307 -1172.319 3.360801102668 -2.932444526643 5.866613268987 413.993
1873/05 2024 06 18 10 07 31.728 -3120.599 -5918.236 -1166.451 3.364335158981 -2.925428347867 5.868107306796 413.982
1873/05 2024 06 18 10 07 32.728 -3117.233 -5921.157 -1160.583 3.367865986584 -2.918408942076 5.869593852770 413.971
1873/05 2024 06 18 10 07 33.728 -3113.863 -5924.072 -1154.712 3.371393581389 -2.911386317767 5.871072904935 413.960
1873/05 2024 06 18 10 07 34.728 -3110.490 -5926.980 -1148.840 3.374917939308 -2.904360483436 5.872544461323 413.950
1873/05 2024 06 18 10 07 35.728 -3107.113 -5929.881 -1142.967 3.378439056257 -2.897331447586 5.874008519979 413.939
1873/05 2024 06 18 10 07 36.728 -3103.733 -5932.775 -1137.092 3.381956928156 -2.890299218722 5.875465078955 413.928
1873/05 2024 06 18 10 07 37.728 -3100.349 -5935.662 -1131.216 3.385471550927 -2.883263805354 5.876914136316 413.918
1873/05 2024 06 18 10 07 38.728 -3096.962 -5938.541 -1125.339 3.388982920495 -2.876225215996 5.878355690134 413.907
1873/05 2024 06 18 10 07 39.728 -3093.572 -5941.414 -1119.459 3.392491032788 -2.869183459164 5.879789738491 413.896
1873/05 2024 06 18 10 07 40.728 -3090.177 -5944.280 -1113.579 3.395995883737 -2.862138543378 5.881216279482 413.886
1873/05 2024 06 18 10 07 41.728 -3086.780 -5947.138 -1107.697 3.399497469276 -2.855090477165 5.882635311209 413.875
1873/05 2024 06 18 10 07 42.728 -3083.378 -5949.990 -1101.814 3.402995785342 -2.848039269051 5.884046831784 413.865
1873/05 2024 06 18 10 07 43.728 -3079.974 -5952.834 -1095.929 3.406490827875 -2.840984927568 5.885450839329 413.854
1873/05 2024 06 18 10 07 44.728 -3076.565 -5955.672 -1090.043 3.409982592818 -2.833927461253 5.886847331978 413.844
1873/05 2024 06 18 10 07 45.728 -3073.154 -5958.502 -1084.155 3.413471076117 -2.826866878644 5.888236307872 413.834
1873/05 2024 06 18 10 07 46.728 -3069.738 -5961.326 -1078.266 3.416956273721 -2.819803188284 5.889617765163 413.823
1873/05 2024 06 18 10 07 47.728 -3066.320 -5964.142 -1072.376 3.420438181583 -2.812736398719 5.890991702014 413.813
1873/05 2024 06 18 10 07 48.728 -3062.897 -5966.951 -1066.484 3.423916795656 -2.805666518501 5.892358116595 413.803
1873/05 2024 06 18 10 07 49.728 -3059.472 -5969.753 -1060.591 3.427392111900 -2.798593556182 5.893717007089 413.792
1873/05 2024 06 18 10 07 50.728 -3056.043 -5972.548 -1054.697 3.430864126276 -2.791517520320 5.895068371688 413.782
1873/05 2024 06 18 10 07 51.728 -3052.610 -5975.336 -1048.801 3.434332834747 -2.784438419476 5.896412208593 413.772
1873/05 2024 06 18 10 07 52.728 -3049.174 -5978.117 -1042.904 3.437798233281 -2.777356262215 5.897748516014 413.762
1873/05 2024 06 18 10 07 53.728 -3045.735 -5980.891 -1037.006 3.441260317848 -2.770271057104 5.899077292174 413.752
1873/05 2024 06 18 10 07 54.728 -3042.292 -5983.658 -1031.106 3.444719084422 -2.763182812716 5.900398535304 413.742
1873/05 2024 06 18 10 07 55.728 -3038.845 -5986.417 -1025.205 3.448174528978 -2.756091537625 5.901712243644 413.732
1873/05 2024 06 18 10 07 56.728 -3035.395 -5989.170 -1019.303 3.451626647497 -2.748997240411 5.903018415447 413.722
1873/05 2024 06 18 10 07 57.728 -3031.942 -5991.915 -1013.399 3.455075435960 -2.741899929656 5.904317048971 413.712
1873/05 2024 06 18 10 07 58.728 -3028.485 -5994.654 -1007.494 3.458520890354 -2.734799613946 5.905608142489 413.702
1873/05 2024 06 18 10 07 59.728 -3025.025 -5997.385 -1001.588 3.461963006667 -2.727696301869 5.906891694281 413.692
1873/05 2024 06 18 10 08 00.728 -3021.561 -6000.109 -995.680 3.465401780890 -2.720590002020 5.908167702638 413.682
1873/05 2024 06 18 10 08 01.728 -3018.094 -6002.826 -989.771 3.468837209020 -2.713480722993 5.909436165859 413.672
1873/05 2024 06 18 10 08 02.728 -3014.623 -6005.536 -983.861 3.472269287053 -2.706368473390 5.910697082257 413.662
1873/05 2024 06 18 10 08 03.728 -3011.149 -6008.239 -977.950 3.475698010990 -2.699253261813 5.911950450150 413.653
1873/05 2024 06 18 10 08 04.728 -3007.672 -6010.935 -972.037 3.479123376837 -2.692135096869 5.913196267869 413.643
1873/05 2024 06 18 10 08 05.728 -3004.191 -6013.623 -966.124 3.482545380599 -2.685013987168 5.914434533755 413.633
1873/05 2024 06 18 10 08 06.728 -3000.707 -6016.305 -960.208 3.485964018288 -2.677889941324 5.915665246157 413.623
1873/05 2024 06 18 10 08 07.728 -2997.219 -6018.979 -954.292 3.489379285918 -2.670762967953 5.916888403436 413.614
1873/05 2024 06 18 10 08 08.728 -2993.728 -6021.646 -948.375 3.492791179503 -2.663633075676 5.918104003961 413.604
1873/05 2024 06 18 10 08 09.728 -2990.234 -6024.306 -942.456 3.496199695066 -2.656500273117 5.919312046113 413.595
1873/05 2024 06 18 10 08 10.728 -2986.736 -6026.959 -936.536 3.499604828627 -2.649364568903 5.920512528281 413.585
1873/05 2024 06 18 10 08 11.728 -2983.234 -6029.605 -930.615 3.503006576214 -2.642225971664 5.921705448866 413.576
1873/05 2024 06 18 10 08 12.728 -2979.730 -6032.244 -924.693 3.506404933856 -2.635084490034 5.922890806276 413.566
1873/05 2024 06 18 10 08 13.728 -2976.222 -6034.875 -918.769 3.509799897585 -2.627940132650 5.924068598931 413.557
1873/05 2024 06 18 10 08 14.728 -2972.710 -6037.499 -912.845 3.513191463436 -2.620792908153 5.925238825262 413.547
1873/05 2024 06 18 10 08 15.728 -2969.195 -6040.117 -906.919 3.516579627449 -2.613642825187 5.926401483708 413.538
1873/05 2024 06 18 10 08 16.728 -2965.677 -6042.727 -900.992 3.519964385665 -2.606489892398 5.927556572718 413.529
1873/05 2024 06 18 10 08 17.728 -2962.155 -6045.330 -895.064 3.523345734129 -2.599334118437 5.928704090752 413.519
1873/05 2024 06 18 10 08 18.728 -2958.630 -6047.925 -889.134 3.526723668889 -2.592175511957 5.929844036278 413.510
1873/05 2024 06 18 10 08 19.728 -2955.102 -6050.514 -883.204 3.530098185998 -2.585014081616 5.930976407778 413.501
1873/05 2024 06 18 10 08 20.728 -2951.570 -6053.095 -877.272 3.533469281508 -2.577849836074 5.932101203739 413.492
1873/05 2024 06 18 10 08 21.728 -2948.035 -6055.670 -871.340 3.536836951479 -2.570682783994 5.933218422662 413.483
1873/05 2024 06 18 10 08 22.728 -2944.496 -6058.237 -865.406 3.540201191972 -2.563512934043 5.934328063054 413.473
1873/05 2024 06 18 10 08 23.728 -2940.955 -6060.797 -859.471 3.543561999049 -2.556340294890 5.935430123437 413.464
1873/05 2024 06 18 10 08 24.728 -2937.409 -6063.349 -853.535 3.546919368780 -2.549164875209 5.936524602338 413.455
1873/05 2024 06 18 10 08 25.728 -2933.861 -6065.895 -847.598 3.550273297234 -2.541986683675 5.937611498298 413.446
1873/05 2024 06 18 10 08 26.728 -2930.309 -6068.433 -841.660 3.553623780485 -2.534805728969 5.938690809864 413.437
1873/05 2024 06 18 10 08 27.728 -2926.753 -6070.965 -835.721 3.556970814611 -2.527622019773 5.939762535597 413.428
1873/05 2024 06 18 10 08 28.728 -2923.195 -6073.489 -829.780 3.560314395691 -2.520435564773 5.940826674065 413.419
1873/05 2024 06 18 10 08 29.728 -2919.633 -6076.006 -823.839 3.563654519810 -2.513246372657 5.941883223848 413.411
1873/05 2024 06 18 10 08 30.728 -2916.068 -6078.515 -817.897 3.566991183054 -2.506054452117 5.942932183533 413.402
1873/05 2024 06 18 10 08 31.728 -2912.499 -6081.018 -811.953 3.570324381513 -2.498859811850 5.943973551722 413.393
1873/05 2024 06 18 10 08 32.728 -2908.927 -6083.513 -806.009 3.573654111281 -2.491662460552 5.945007327021 413.384
1873/05 2024 06 18 10 08 33.728 -2905.352 -6086.001 -800.063 3.576980368453 -2.484462406926 5.946033508051 413.375
1873/05 2024 06 18 10 08 34.728 -2901.773 -6088.482 -794.117 3.580303149131 -2.477259659675 5.947052093440 413.367
1873/05 2024 06 18 10 08 35.728 -2898.191 -6090.955 -788.169 3.583622449416 -2.470054227508 5.948063081827 413.358
1873/05 2024 06 18 10 08 36.728 -2894.606 -6093.422 -782.220 3.586938265416 -2.462846119135 5.949066471862 413.349
1873/05 2024 06 18 10 08 37.728 -2891.017 -6095.881 -776.271 3.590250593239 -2.455635343269 5.950062262202 413.341
1873/05 2024 06 18 10 08 38.728 -2887.425 -6098.333 -770.320 3.593559428999 -2.448421908627 5.951050451517 413.332
1873/05 2024 06 18 10 08 39.728 -2883.830 -6100.778 -764.369 3.596864768812 -2.441205823929 5.952031038486 413.324
1873/05 2024 06 18 10 08 40.728 -2880.231 -6103.216 -758.416 3.600166608798 -2.433987097897 5.953004021798 413.315
1873/05 2024 06 18 10 08 41.728 -2876.630 -6105.646 -752.463 3.603464945078 -2.426765739258 5.953969400152 413.307
1873/05 2024 06 18 10 08 42.728 -2873.025 -6108.069 -746.508 3.606759773780 -2.419541756739 5.954927172256 413.298
1873/05 2024 06 18 10 08 43.728 -2869.416 -6110.485 -740.553 3.610051091033 -2.412315159073 5.955877336829 413.290
1873/05 2024 06 18 10 08 44.728 -2865.804 -6112.894 -734.597 3.613338892969 -2.405085954994 5.956819892600 413.281
1873/05 2024 06 18 10 08 45.728 -2862.189 -6115.295 -728.639 3.616623175725 -2.397854153240 5.957754838309 413.273
1873/05 2024 06 18 10 08 46.728 -2858.571 -6117.689 -722.681 3.619903935439 -2.390619762551 5.958682172703 413.265
1873/05 2024 06 18 10 08 47.728 -2854.950 -6120.076 -716.722 3.623181168255 -2.383382791670 5.959601894543 413.257
1873/05 2024 06 18 10 08 48.728 -2851.325 -6122.456 -710.762 3.626454870318 -2.376143249345 5.960514002596 413.248
1873/05 2024 06 18 10 08 49.728 -2847.697 -6124.829 -704.801 3.629725037778 -2.368901144323 5.961418495642 413.240
1873/05 2024 06 18 10 08 50.728 -2844.065 -6127.194 -698.839 3.632991666787 -2.361656485358 5.962315372470 413.232
1873/05 2024 06 18 10 08 51.728 -2840.431 -6129.552 -692.876 3.636254753501 -2.354409281205 5.963204631878 413.224
1873/05 2024 06 18 10 08 52.728 -2836.793 -6131.903 -686.913 3.639514294081 -2.347159540621 5.964086272675 413.216
1873/05 2024 06 18 10 08 53.728 -2833.152 -6134.246 -680.948 3.642770284688 -2.339907272367 5.964960293681 413.208
1873/05 2024 06 18 10 08 54.728 -2829.507 -6136.583 -674.983 3.646022721488 -2.332652485207 5.965826693724 413.200
1873/05 2024 06 18 10 08 55.728 -2825.860 -6138.912 -669.016 3.649271600651 -2.325395187906 5.966685471644 413.192
1873/05 2024 06 18 10 08 56.728 -2822.209 -6141.233 -663.049 3.652516918350 -2.318135389235 5.967536626289 413.184
1873/05 2024 06 18 10 08 57.728 -2818.555 -6143.548 -657.081 3.655758670762 -2.310873097966 5.968380156519 413.176
1873/05 2024 06 18 10 08 58.728 -2814.897 -6145.855 -651.113 3.658996854064 -2.303608322873 5.969216061202 413.168
1873/05 2024 06 18 10 08 59.728 -2811.237 -6148.155 -645.143 3.662231464441 -2.296341072734 5.970044339217 413.160
1873/05 2024 06 18 10 09 00.728 -2807.573 -6150.448 -639.172 3.665462498079 -2.289071356329 5.970864989454 413.153
1873/05 2024 06 18 10 09 01.728 -2803.906 -6152.733 -633.201 3.668689951167 -2.281799182442 5.971678010812 413.145
1873/05 2024 06 18 10 09 02.728 -2800.235 -6155.011 -627.229 3.671913819899 -2.274524559858 5.972483402199 413.137
1873/05 2024 06 18 10 09 03.728 -2796.562 -6157.282 -621.256 3.675134100471 -2.267247497366 5.973281162536 413.129
1873/05 2024 06 18 10 09 04.728 -2792.885 -6159.546 -615.283 3.678350789084 -2.259968003758 5.974071290751 413.122
1873/05 2024 06 18 10 09 05.728 -2789.205 -6161.802 -609.308 3.681563881939 -2.252686087828 5.974853785783 413.114
1873/05 2024 06 18 10 09 06.728 -2785.522 -6164.051 -603.333 3.684773375245 -2.245401758372 5.975628646582 413.107
1873/05 2024 06 18 10 09 07.728 -2781.836 -6166.293 -597.357 3.687979265211 -2.238115024190 5.976395872107 413.099
1873/05 2024 06 18 10 09 08.728 -2778.146 -6168.528 -591.380 3.691181548051 -2.230825894084 5.977155461327 413.092
1873/05 2024 06 18 10 09 09.728 -2774.453 -6170.755 -585.403 3.694380219981 -2.223534376859 5.977907413222 413.084
1873/05 2024 06 18 10 09 10.728 -2770.757 -6172.975 -579.424 3.697575277223 -2.216240481323 5.978651726781 413.077
1873/05 2024 06 18 10 09 11.728 -2767.058 -6175.187 -573.445 3.700766716001 -2.208944216285 5.979388401003 413.069
1873/05 2024 06 18 10 09 12.728 -2763.356 -6177.393 -567.465 3.703954532541 -2.201645590559 5.980117434898 413.062
1873/05 2024 06 18 10 09 13.728 -2759.650 -6179.591 -561.485 3.707138723074 -2.194344612959 5.980838827486 413.055
1873/05 2024 06 18 10 09 14.728 -2755.942 -6181.781 -555.504 3.710319283835 -2.187041292304 5.981552577795 413.047
1873/05 2024 06 18 10 09 15.728 -2752.230 -6183.965 -549.522 3.713496211061 -2.179735637415 5.982258684866 413.040
1873/05 2024 06 18 10 09 16.728 -2748.515 -6186.141 -543.539 3.716669500994 -2.172427657114 5.982957147748 413.033
1873/05 2024 06 18 10 09 17.728 -2744.796 -6188.309 -537.556 3.719839149878 -2.165117360227 5.983647965501 413.026
1873/05 2024 06 18 10 09 18.728 -2741.075 -6190.471 -531.572 3.723005153961 -2.157804755583 5.984331137194 413.018
1873/05 2024 06 18 10 09 19.728 -2737.350 -6192.625 -525.587 3.726167509495 -2.150489852013 5.985006661908 413.011
1873/05 2024 06 18 10 09 20.728 -2733.623 -6194.772 -519.602 3.729326212734 -2.143172658349 5.985674538732 413.004
1873/05 2024 06 18 10 09 21.728 -2729.892 -6196.911 -513.616 3.732481259938 -2.135853183428 5.986334766765 412.997
1873/05 2024 06 18 10 09 22.728 -2726.158 -6199.044 -507.629 3.735632647368 -2.128531436088 5.986987345119 412.990
1873/05 2024 06 18 10 09 23.728 -2722.420 -6201.168 -501.642 3.738780371291 -2.121207425170 5.987632272912 412.983
1873/05 2024 06 18 10 09 24.728 -2718.680 -6203.286 -495.654 3.741924427974 -2.113881159517 5.988269549274 412.976
1873/05 2024 06 18 10 09 25.728 -2714.937 -6205.396 -489.665 3.745064813690 -2.106552647976 5.988899173347 412.969
1873/05 2024 06 18 10 09 26.728 -2711.190 -6207.499 -483.676 3.748201524716 -2.099221899395 5.989521144279 412.963
1873/05 2024 06 18 10 09 27.728 -2707.440 -6209.595 -477.686 3.751334557330 -2.091888922624 5.990135461231 412.956
1873/05 2024 06 18 10 09 28.728 -2703.687 -6211.683 -471.696 3.754463907817 -2.084553726517 5.990742123373 412.949
1873/05 2024 06 18 10 09 29.728 -2699.931 -6213.764 -465.705 3.757589572462 -2.077216319930 5.991341129885 412.942
1873/05 2024 06 18 10 09 30.728 -2696.172 -6215.837 -459.713 3.760711547556 -2.069876711720 5.991932479959 412.935
1873/05 2024 06 18 10 09 31.728 -2692.410 -6217.904 -453.721 3.763829829393 -2.062534910748 5.992516172793 412.929
1873/05 2024 06 18 10 09 32.728 -2688.644 -6219.962 -447.728 3.766944414268 -2.055190925877 5.993092207598 412.922
1873/05 2024 06 18 10 09 33.728 -2684.876 -6222.014 -441.735 3.770055298484 -2.047844765972 5.993660583596 412.915
1873/05 2024 06 18 10 09 34.728 -2681.104 -6224.058 -435.741 3.773162478344 -2.040496439901 5.994221300015 412.909
1873/05 2024 06 18 10 09 35.728 -2677.330 -6226.095 -429.746 3.776265950156 -2.033145956534 5.994774356098 412.902
1873/05 2024 06 18 10 09 36.728 -2673.552 -6228.124 -423.751 3.779365710232 -2.025793324743 5.995319751094 412.896
1873/05 2024 06 18 10 09 37.728 -2669.771 -6230.147 -417.756 3.782461754886 -2.018438553403 5.995857484265 412.889
1873/05 2024 06 18 10 09 38.728 -2665.987 -6232.161 -411.760 3.785554080437 -2.011081651391 5.996387554880 412.883
1873/05 2024 06 18 10 09 39.728 -2662.200 -6234.169 -405.763 3.788642683206 -2.003722627586 5.996909962221 412.877
1873/05 2024 06 18 10 09 40.728 -2658.410 -6236.169 -399.766 3.791727559520 -1.996361490870 5.997424705579 412.870
1873/05 2024 06 18 10 09 41.728 -2654.616 -6238.161 -393.768 3.794808705708 -1.988998250127 5.997931784255 412.864
1873/05 2024 06 18 10 09 42.728 -2650.820 -6240.147 -387.770 3.797886118102 -1.981632914243 5.998431197559 412.858
1873/05 2024 06 18 10 09 43.728 -2647.020 -6242.125 -381.771 3.800959793038 -1.974265492106 5.998922944812 412.851
1873/05 2024 06 18 10 09 44.728 -2643.218 -6244.095 -375.772 3.804029726857 -1.966895992607 5.999407025347 412.845
1873/05 2024 06 18 10 09 45.728 -2639.412 -6246.058 -369.773 3.807095915902 -1.959524424639 5.999883438503 412.839
1873/05 2024 06 18 10 09 46.728 -2635.604 -6248.014 -363.772 3.810158356520 -1.952150797098 6.000352183633 412.833
1873/05 2024 06 18 10 09 47.728 -2631.792 -6249.963 -357.772 3.813217045062 -1.944775118881 6.000813260097 412.827
1873/05 2024 06 18 10 09 48.728 -2627.977 -6251.904 -351.771 3.816271977881 -1.937397398886 6.001266667267 412.821
1873/05 2024 06 18 10 09 49.728 -2624.160 -6253.838 -345.769 3.819323151337 -1.930017646017 6.001712404524 412.815
1873/05 2024 06 18 10 09 50.728 -2620.339 -6255.764 -339.767 3.822370561790 -1.922635869176 6.002150471260 412.809
1873/05 2024 06 18 10 09 51.728 -2616.515 -6257.683 -333.765 3.825414205606 -1.915252077271 6.002580866877 412.803
1873/05 2024 06 18 10 09 52.728 -2612.688 -6259.594 -327.762 3.828454079153 -1.907866279210 6.003003590785 412.797
1873/05 2024 06 18 10 09 53.728 -2608.858 -6261.499 -321.759 3.831490178804 -1.900478483902 6.003418642407 412.791
1873/05 2024 06 18 10 09 54.728 -2605.025 -6263.395 -315.755 3.834522500934 -1.893088700261 6.003826021175 412.785
1873/05 2024 06 18 10 09 55.728 -2601.189 -6265.285 -309.751 3.837551041924 -1.885696937201 6.004225726530 412.779
1873/05 2024 06 18 10 09 56.728 -2597.350 -6267.167 -303.747 3.840575798156 -1.878303203640 6.004617757925 412.773
1873/05 2024 06 18 10 09 57.728 -2593.508 -6269.041 -297.742 3.843596766018 -1.870907508495 6.005002114820 412.768
1873/05 2024 06 18 10 09 58.728 -2589.663 -6270.909 -291.737 3.846613941900 -1.863509860689 6.005378796689 412.762
1873/05 2024 06 18 10 09 59.728 -2585.814 -6272.768 -285.731 3.849627322197 -1.856110269144 6.005747803013 412.756
1873/05 2024 06 18 10 10 00.728 -2581.963 -6274.621 -279.725 3.852636903305 -1.848708742785 6.006109133285 412.751
1873/05 2024 06 18 10 10 01.728 -2578.109 -6276.466 -273.719 3.855642681627 -1.841305290540 6.006462787007 412.745
1873/05 2024 06 18 10 10 02.728 -2574.252 -6278.303 -267.713 3.858644653568 -1.833899921338 6.006808763691 412.740
1873/05 2024 06 18 10 10 03.728 -2570.392 -6280.134 -261.706 3.861642815537 -1.826492644109 6.007147062860 412.734
1873/05 2024 06 18 10 10 04.728 -2566.529 -6281.956 -255.698 3.864637163946 -1.819083467789 6.007477684046 412.729
1873/05 2024 06 18 10 10 05.728 -2562.663 -6283.772 -249.691 3.867627695211 -1.811672401311 6.007800626791 412.723
1873/05 2024 06 18 10 10 06.728 -2558.794 -6285.580 -243.683 3.870614405753 -1.804259453614 6.008115890649 412.718
1873/05 2024 06 18 10 10 07.728 -2554.921 -6287.380 -237.674 3.873597291995 -1.796844633636 6.008423475181 412.712
1873/05 2024 06 18 10 10 08.728 -2551.046 -6289.173 -231.666 3.876576350364 -1.789427950319 6.008723379962 412.707
1873/05 2024 06 18 10 10 09.728 -2547.168 -6290.959 -225.657 3.879551577291 -1.782009412606 6.009015604573 412.702
1873/05 2024 06 18 10 10 10.728 -2543.287 -6292.737 -219.648 3.882522969211 -1.774589029443 6.009300148607 412.696
1873/05 2024 06 18 10 10 11.728 -2539.403 -6294.508 -213.638 3.885490522562 -1.767166809776 6.009577011668 412.691
1873/05 2024 06 18 10 10 12.728 -2535.516 -6296.272 -207.629 3.888454233787 -1.759742762554 6.009846193369 412.686
1873/05 2024 06 18 10 10 13.728 -2531.626 -6298.028 -201.619 3.891414099330 -1.752316896729 6.010107693332 412.681
1873/05 2024 06 18 10 10 14.728 -2527.733 -6299.776 -195.608 3.894370115642 -1.744889221253 6.010361511191 412.676
1873/05 2024 06 18 10 10 15.728 -2523.838 -6301.518 -189.598 3.897322279176 -1.737459745082 6.010607646589 412.671
1873/05 2024 06 18 10 10 16.728 -2519.939 -6303.251 -183.587 3.900270586388 -1.730028477171 6.010846099180 412.666
1873/05 2024 06 18 10 10 17.728 -2516.037 -6304.978 -177.576 3.903215033739 -1.722595426480 6.011076868627 412.661
1873/05 2024 06 18 10 10 18.728 -2512.132 -6306.696 -171.565 3.906155617694 -1.715160601969 6.011299954603 412.656
1873/05 2024 06 18 10 10 19.728 -2508.225 -6308.408 -165.554 3.909092334721 -1.707724012600 6.011515356792 412.651
1873/05 2024 06 18 10 10 20.728 -2504.314 -6310.112 -159.542 3.912025181292 -1.700285667337 6.011723074888 412.646
1873/05 2024 06 18 10 10 21.728 -2500.401 -6311.808 -153.530 3.914954153882 -1.692845575147 6.011923108595 412.641
1873/05 2024 06 18 10 10 22.728 -2496.484 -6313.498 -147.518 3.917879248970 -1.685403744996 6.012115457625 412.636
1873/05 2024 06 18 10 10 23.728 -2492.565 -6315.179 -141.506 3.920800463040 -1.677960185855 6.012300121704 412.631
1873/05 2024 06 18 10 10 24.728 -2488.643 -6316.854 -135.494 3.923717792579 -1.670514906694 6.012477100565 412.627
1873/05 2024 06 18 10 10 25.728 -2484.718 -6318.520 -129.481 3.926631234077 -1.663067916487 6.012646393953 412.622
1873/05 2024 06 18 10 10 26.728 -2480.789 -6320.180 -123.468 3.929540784028 -1.655619224209 6.012808001620 412.617
1873/05 2024 06 18 10 10 27.728 -2476.858 -6321.832 -117.455 3.932446438932 -1.648168838837 6.012961923332 412.612
1873/05 2024 06 18 10 10 28.728 -2472.925 -6323.476 -111.442 3.935348195289 -1.640716769347 6.013108158863 412.608
1873/05 2024 06 18 10 10 29.728 -2468.988 -6325.113 -105.429 3.938246049605 -1.633263024722 6.013246707996 412.603
1873/05 2024 06 18 10 10 30.728 -2465.048 -6326.743 -99.416 3.941139998390 -1.625807613943 6.013377570527 412.599
1873/05 2024 06 18 10 10 31.728 -2461.105 -6328.365 -93.402 3.944030038157 -1.618350545992 6.013500746260 412.594
1873/05 2024 06 18 10 10 32.728 -2457.160 -6329.979 -87.389 3.946916165423 -1.610891829856 6.013616235010 412.590
1873/05 2024 06 18 10 10 33.728 -2453.212 -6331.586 -81.375 3.949798376710 -1.603431474522 6.013724036601 412.585
1873/05 2024 06 18 10 10 34.728 -2449.260 -6333.186 -75.361 3.952676668541 -1.595969488977 6.013824150868 412.581
1873/05 2024 06 18 10 10 35.728 -2445.306 -6334.778 -69.348 3.955551037445 -1.588505882213 6.013916577655 412.577
1873/05 2024 06 18 10 10 36.728 -2441.349 -6336.363 -63.334 3.958421479955 -1.581040663220 6.014001316818 412.572
1873/05 2024 06 18 10 10 37.728 -2437.389 -6337.940 -57.320 3.961287992606 -1.573573840994 6.014078368222 412.568
1873/05 2024 06 18 10 10 38.728 -2433.427 -6339.510 -51.305 3.964150571938 -1.566105424528 6.014147731741 412.564
1873/05 2024 06 18 10 10 39.728 -2429.461 -6341.073 -45.291 3.967009214496 -1.558635422820 6.014209407260 412.560
1873/05 2024 06 18 10 10 40.728 -2425.493 -6342.628 -39.277 3.969863916826 -1.551163844868 6.014263394676 412.556
1873/05 2024 06 18 10 10 41.728 -2421.521 -6344.175 -33.263 3.972714675480 -1.543690699672 6.014309693892 412.551
1873/05 2024 06 18 10 10 42.728 -2417.547 -6345.715 -27.248 3.975561487013 -1.536215996234 6.014348304825 412.547
1873/05 2024 06 18 10 10 43.728 -2413.570 -6347.247 -21.234 3.978404347984 -1.528739743557 6.014379227400 412.543
1873/05 2024 06 18 10 10 44.728 -2409.590 -6348.772 -15.220 3.981243254957 -1.521261950646 6.014402461551 412.539
1873/05 2024 06 18 10 10 45.728 -2405.608 -6350.290 -9.205 3.984078204497 -1.513782626506 6.014418007226 412.535
1873/05 2024 06 18 10 10 46.728 -2401.622 -6351.800 -3.191 3.986909193175 -1.506301780146 6.014425864379 412.531
1873/05 2024 06 18 10 10 47.255 -2399.521 -6352.593 -0.021 3.988399547057 -1.502358717779 6.014426911498 412.529